SKU,Item Name,Category,Classification,Recommendation,Created Date
"LQGENCREDIT","Credit: Food Credit","liquor","ACCOUNTING","KEEP - Accounting entry (no vendor)","2026-01-22"
"WNGENCREDIT","Credit: Credit Amount","wine","ACCOUNTING","KEEP - Accounting entry (no vendor)","2026-01-21"
"LIDFLAT16OZ","Flat Lid 16oz","packaging","BAR_CONSUMABLES","REVIEW - Bar supplies, check if house or vendor","2025-11-08"
"CUPPET16OZ","PET Cup 16oz","packaging","BAR_CONSUMABLES","REVIEW - Bar supplies, check if house or vendor","2025-11-08"
"STRAWPAPER8IN","Paper Straw 8in","packaging","BAR_CONSUMABLES","REVIEW - Bar supplies, check if house or vendor","2025-11-08"
"BARC000009","Blackberry Syrup 0.5gal","bar_consumables","BAR_CONSUMABLES","REVIEW - Bar supplies, check if house or vendor","2026-01-21"
"BOXPIZZA12IN","Pizza Box 12in SBS","packaging","BAR_CONSUMABLES","REVIEW - Bar supplies, check if house or vendor","2025-11-08"
"IT11916","Agave Nectar 1gal","bar_consumables","BAR_CONSUMABLES","REVIEW - Bar supplies, check if house or vendor","2026-01-21"
"BARC000010","Blackberry Syrup 1each","bar_consumables","BAR_CONSUMABLES","REVIEW - Bar supplies, check if house or vendor","2026-01-21"
"IT17766","Lychee, Canned - Bev 20oz","bar_consumables","BAR_CONSUMABLES","REVIEW - Bar supplies, check if house or vendor","2026-01-21"
"IT618388","owens mixers club soda 250ml","bar_consumables","BAR_CONSUMABLES","REVIEW - Bar supplies, check if house or vendor","2026-01-21"
"BARC000039","Liquid Alchemist Grenadine 750ml","bar_consumables","BAR_CONSUMABLES","REVIEW - Bar supplies, check if house or vendor","2026-01-21"
"IT28317","White Pearl Onion 1lb","bar_consumables","BAR_CONSUMABLES","REVIEW - Bar supplies, check if house or vendor","2026-01-21"
"IT4404BO0680","Mango Puree - Bev 1kg","bar_consumables","BAR_CONSUMABLES","REVIEW - Bar supplies, check if house or vendor","2026-01-21"
"IT578045","owens mixers tonic 250ml","bar_consumables","BAR_CONSUMABLES","REVIEW - Bar supplies, check if house or vendor","2026-01-21"
"GV369","Yuzu Citrus Juice 750ml","bar_consumables","BAR_CONSUMABLES","REVIEW - Bar supplies, check if house or vendor","2026-01-21"
"BARC000025","Ginger Syrup 0.5gal","bar_consumables","BAR_CONSUMABLES","REVIEW - Bar supplies, check if house or vendor","2026-01-21"
"BARC000029","Kiwi Juice 0.5gal","bar_consumables","BAR_CONSUMABLES","REVIEW - Bar supplies, check if house or vendor","2026-01-21"
"BARC000034","Lime Juice 0.5gal","bar_consumables","BAR_CONSUMABLES","REVIEW - Bar supplies, check if house or vendor","2026-01-21"
"IT70128","Passion Fruit Puree 1lb","bar_consumables","BAR_CONSUMABLES","REVIEW - Bar supplies, check if house or vendor","2026-01-21"
"BARC000001","BIB - Coke 5gal","bar_consumables","BAR_CONSUMABLES","REVIEW - Bar supplies, check if house or vendor","2026-01-21"
"BARC000016","Custom Logo Event Ice 1each","bar_consumables","BAR_CONSUMABLES","REVIEW - Bar supplies, check if house or vendor","2026-01-21"
"BARC000026","Ginger Syrup 1gal","bar_consumables","BAR_CONSUMABLES","REVIEW - Bar supplies, check if house or vendor","2026-01-21"
"IT561668","owens mixers tonic 240ml","bar_consumables","BAR_CONSUMABLES","REVIEW - Bar supplies, check if house or vendor","2026-01-21"
"BARC000035","Lime Juice 10L BIB 10L","bar_consumables","BAR_CONSUMABLES","REVIEW - Bar supplies, check if house or vendor","2026-01-21"
"BARC000036","Lime Juice 1gal","bar_consumables","BAR_CONSUMABLES","REVIEW - Bar supplies, check if house or vendor","2026-01-21"
"GB932","Vanilla Puree 32oz","bar_consumables","BAR_CONSUMABLES","REVIEW - Bar supplies, check if house or vendor","2026-01-21"
"BARC000002","BIB - Cranberry 2.5gal","bar_consumables","BAR_CONSUMABLES","REVIEW - Bar supplies, check if house or vendor","2026-01-21"
"BARC000017","Cutwater Ginger Beer Can 12fl.oz","bar_consumables","BAR_CONSUMABLES","REVIEW - Bar supplies, check if house or vendor","2026-01-21"
"BARC000037","Lime Juice 1L","bar_consumables","BAR_CONSUMABLES","REVIEW - Bar supplies, check if house or vendor","2026-01-21"
"BARC000041","Mango Syrup 0.5gal","bar_consumables","BAR_CONSUMABLES","REVIEW - Bar supplies, check if house or vendor","2026-01-21"
"BARC000003","BIB - Diet Coke - Bev 5gal","bar_consumables","BAR_CONSUMABLES","REVIEW - Bar supplies, check if house or vendor","2026-01-21"
"BARC000018","Dehydrated Pineapple Slices 1each","bar_consumables","BAR_CONSUMABLES","REVIEW - Bar supplies, check if house or vendor","2026-01-21"
"IT12997","Passion Fruit Puree 1kg","bar_consumables","BAR_CONSUMABLES","REVIEW - Bar supplies, check if house or vendor","2026-01-21"
"BARC000045","Orange Juice 0.5gal","bar_consumables","BAR_CONSUMABLES","REVIEW - Bar supplies, check if house or vendor","2026-01-21"
"BARC000062","Watermelon Juice 0.5gal","bar_consumables","BAR_CONSUMABLES","REVIEW - Bar supplies, check if house or vendor","2026-01-21"
"BARC000059","Strawberry Syrup 0.5gal","bar_consumables","BAR_CONSUMABLES","REVIEW - Bar supplies, check if house or vendor","2026-01-21"
"IT16102","Pineapple - Bev 1each","bar_consumables","BAR_CONSUMABLES","REVIEW - Bar supplies, check if house or vendor","2026-01-21"
"IT991802","Liquid Alchemist Blood Orange 750ml","bar_consumables","BAR_CONSUMABLES","REVIEW - Bar supplies, check if house or vendor","2026-01-21"
"IT2947","Lychee Nut with Syrup 20fl.oz","bar_consumables","BAR_CONSUMABLES","REVIEW - Bar supplies, check if house or vendor","2026-01-21"
"BARC000005","BIB - Lemonade 2.5gal","bar_consumables","BAR_CONSUMABLES","REVIEW - Bar supplies, check if house or vendor","2026-01-21"
"BARC000046","orange juice 3L 3L","bar_consumables","BAR_CONSUMABLES","REVIEW - Bar supplies, check if house or vendor","2026-01-21"
"IT20652","Fresno Red 1case","bar_consumables","BAR_CONSUMABLES","REVIEW - Bar supplies, check if house or vendor","2026-01-21"
"IT1409","Ruby Grapefruit 1each","bar_consumables","BAR_CONSUMABLES","REVIEW - Bar supplies, check if house or vendor","2026-01-21"
"BARC000022","Elderflower Syrup 1gal","bar_consumables","BAR_CONSUMABLES","REVIEW - Bar supplies, check if house or vendor","2026-01-21"
"BARC000032","Lemon Juice 10L BIB 10L","bar_consumables","BAR_CONSUMABLES","REVIEW - Bar supplies, check if house or vendor","2026-01-21"
"BARC000033","Lemon Juice 1gal","bar_consumables","BAR_CONSUMABLES","REVIEW - Bar supplies, check if house or vendor","2026-01-21"
"BARC000049","Pineapple Juice 1gal","bar_consumables","BAR_CONSUMABLES","REVIEW - Bar supplies, check if house or vendor","2026-01-21"
"IT67717","Fever Tree Tonic 150ml","bar_consumables","BAR_CONSUMABLES","REVIEW - Bar supplies, check if house or vendor","2026-01-21"
"BARC000006","BIB - Sprite - Bev 5gal","bar_consumables","BAR_CONSUMABLES","REVIEW - Bar supplies, check if house or vendor","2026-01-21"
"IT981535","Liquid Alchemist Ginger Syrup 375ml","bar_consumables","BAR_CONSUMABLES","REVIEW - Bar supplies, check if house or vendor","2026-01-21"
"BARC000050","Pineapple Juice 3L","bar_consumables","BAR_CONSUMABLES","REVIEW - Bar supplies, check if house or vendor","2026-01-21"
"BARC000052","Pumpkin Sprice Syrup 750ml","bar_consumables","BAR_CONSUMABLES","REVIEW - Bar supplies, check if house or vendor","2026-01-21"
"BARC000053","Raspberry Juice 0.5gal","bar_consumables","BAR_CONSUMABLES","REVIEW - Bar supplies, check if house or vendor","2026-01-21"
"BARC000056","Scrappy’s Firewater Tincture 5oz","bar_consumables","BAR_CONSUMABLES","REVIEW - Bar supplies, check if house or vendor","2026-01-21"
"IT1324","Pink Guava Puree 30fl.oz","bar_consumables","BAR_CONSUMABLES","REVIEW - Bar supplies, check if house or vendor","2026-01-21"
"BARC000063","Watermelon Juice 1gal","bar_consumables","BAR_CONSUMABLES","REVIEW - Bar supplies, check if house or vendor","2026-01-21"
"BARC000021","Delilah Mints 1case","bar_consumables","BAR_CONSUMABLES","REVIEW - Bar supplies, check if house or vendor","2026-01-21"
"BARC000043","Nice Guy Logo 2"Ice Cubes 1each","bar_consumables","BAR_CONSUMABLES","REVIEW - Bar supplies, check if house or vendor","2026-01-21"
"IT18088","Mint, Organic 1lb","bar_consumables","BAR_CONSUMABLES","REVIEW - Bar supplies, check if house or vendor","2026-01-21"
"BARC000020","Delilah Miami Logo Ice Cube 1each","bar_consumables","BAR_CONSUMABLES","REVIEW - Bar supplies, check if house or vendor","2026-01-21"
"BARC000031","Lemon Juice - Bev 1gal","bar_consumables","BAR_CONSUMABLES","REVIEW - Bar supplies, check if house or vendor","2026-01-21"
"BARC000042","MEP Grapefruit juice 3L 3L","bar_consumables","BAR_CONSUMABLES","REVIEW - Bar supplies, check if house or vendor","2026-01-21"
"IT24000","Basil - Bev 1lb","bar_consumables","BAR_CONSUMABLES","REVIEW - Bar supplies, check if house or vendor","2026-01-21"
"BARC000011","BS Logo 2"Ice Cubes 1each 1each","bar_consumables","BAR_CONSUMABLES","REVIEW - Bar supplies, check if house or vendor","2026-01-21"
"BARC000014","Cucumber Mint Syrup 0.5gal","bar_consumables","BAR_CONSUMABLES","REVIEW - Bar supplies, check if house or vendor","2026-01-21"
"BARC000028","Grapefruit Juice 1gal","bar_consumables","BAR_CONSUMABLES","REVIEW - Bar supplies, check if house or vendor","2026-01-21"
"BARC000054","Raspberry Syrup 0.5gal","bar_consumables","BAR_CONSUMABLES","REVIEW - Bar supplies, check if house or vendor","2026-01-21"
"BARC000060","Strawberry Syrup 1gal","bar_consumables","BAR_CONSUMABLES","REVIEW - Bar supplies, check if house or vendor","2026-01-21"
"BARC000007","BIB - Tonic 2.5gal","bar_consumables","BAR_CONSUMABLES","REVIEW - Bar supplies, check if house or vendor","2026-01-21"
"BARC000008","BIB - Unsweetened Ice Tea 2.5gal","bar_consumables","BAR_CONSUMABLES","REVIEW - Bar supplies, check if house or vendor","2026-01-21"
"BARC000038","Lime Juice 1quart","bar_consumables","BAR_CONSUMABLES","REVIEW - Bar supplies, check if house or vendor","2026-01-21"
"BARC000051","Pineapple Juice 46fl.oz","bar_consumables","BAR_CONSUMABLES","REVIEW - Bar supplies, check if house or vendor","2026-01-21"
"BARC000064","Watermelon Juice 3L","bar_consumables","BAR_CONSUMABLES","REVIEW - Bar supplies, check if house or vendor","2026-01-21"
"IT2230","Edible Flower, Violas 1pack","bar_consumables","BAR_CONSUMABLES","REVIEW - Bar supplies, check if house or vendor","2026-01-21"
"BARC000004","BIB - Ginger Ale 2.5gal","bar_consumables","BAR_CONSUMABLES","REVIEW - Bar supplies, check if house or vendor","2026-01-21"
"BARC000057","Standard Dehydrated Orange Wheel 1each","bar_consumables","BAR_CONSUMABLES","REVIEW - Bar supplies, check if house or vendor","2026-01-21"
"IT10359","Cucumber - Bev 1each","bar_consumables","BAR_CONSUMABLES","REVIEW - Bar supplies, check if house or vendor","2026-01-21"
"MILKWHOLEGAL","Whole Milk (gal)","beer","GENERIC_UNIT","REVIEW - Generic unit, might be house-made or need vendor","2025-11-08"
"ICEBAG10LB","Ice Bag 10lb","beer","GENERIC_UNIT","REVIEW - Generic unit, might be house-made or need vendor","2025-11-08"
"CHEESEMOZZLB","Mozzarella Cheese (lb)","food","GENERIC_UNIT","REVIEW - Generic unit, might be house-made or need vendor","2025-11-08"
"VN215230","Fontina Cheese 1lb","dairy","GENERIC_UNIT","REVIEW - Generic unit, might be house-made or need vendor","2026-01-22"
"IT14466","Pecorino Cheese 1lb","dairy","GENERIC_UNIT","REVIEW - Generic unit, might be house-made or need vendor","2026-01-22"
"ESPRESSO001","Espresso Beans (lb)","beer","GENERIC_UNIT","REVIEW - Generic unit, might be house-made or need vendor","2025-11-08"
"IT109148","Cabot Clothbound Cheese 1lb","dairy","GENERIC_UNIT","REVIEW - Generic unit, might be house-made or need vendor","2026-01-22"
"IT05567","CHEESE-BERMUDA TRIANGLE (lbs) 1lb","dairy","GENERIC_UNIT","REVIEW - Generic unit, might be house-made or need vendor","2026-01-22"
"CM100","Mascarpone Cheese 1lb","dairy","GENERIC_UNIT","REVIEW - Generic unit, might be house-made or need vendor","2026-01-22"
"IT14204","Mozzarella Cheese Ovaline 3lb","dairy","GENERIC_UNIT","REVIEW - Generic unit, might be house-made or need vendor","2026-01-22"
"IT09172","Point Reyes Blue Cheese 1lb","dairy","GENERIC_UNIT","REVIEW - Generic unit, might be house-made or need vendor","2026-01-22"
"IT10297864","Ricotta Cheese 1lb","dairy","GENERIC_UNIT","REVIEW - Generic unit, might be house-made or need vendor","2026-01-22"
"BKGENHOUSEB","House Bread 1ct","bakery","HOUSE_MADE","KEEP - No vendor code needed (house-made)","2026-01-22"
"NAGENGINGER01","Ginger Juice Cold Pressed 3L","non_alcoholic_beverage","HOUSE_MADE","KEEP - No vendor code needed (house-made)","2026-01-21"
"PIZZADOUGH14OZ","Pizza Dough 14oz","food","HOUSE_MADE","KEEP - No vendor code needed (house-made)","2025-11-08"
"TOMATOSAUCEQT","Tomato Sauce (qt)","food","HOUSE_MADE","KEEP - No vendor code needed (house-made)","2025-11-08"
"FDGENORANGE","Orange Juice - 100% Cold Pressed (3L)","food","HOUSE_MADE","KEEP - No vendor code needed (house-made)","2025-11-18"
"FDGENPINEAP","Pineapple Juice - 100% Cold Pressed (3L)","food","HOUSE_MADE","KEEP - No vendor code needed (house-made)","2025-11-18"
"FDGENGRAPEF","Grapefruit Juice - 100% Cold Pressed (3L)","food","HOUSE_MADE","KEEP - No vendor code needed (house-made)","2025-11-18"
"IT565681","Chateau Giscours 2021 750ml","wine","SPECIALTY_BEVERAGE","KEEP - Specialty item, may be purchased later","2026-01-21"
"IT634432","Broglia, 'La Meirana', Gavi 2023 750ml","wine","SPECIALTY_BEVERAGE","KEEP - Specialty item, may be purchased later","2026-01-21"
"IT9760373","Gaja, Barbaresco 2022 750ml","wine","SPECIALTY_BEVERAGE","KEEP - Specialty item, may be purchased later","2026-01-21"
"WNGENSCRIBE","Scribe, Pinot Noir 2023 750ml","wine","SPECIALTY_BEVERAGE","KEEP - Specialty item, may be purchased later","2026-01-21"
"WNGENMASCOT","The Mascot, Cabernet Sauvignon 2020 750ml","wine","SPECIALTY_BEVERAGE","KEEP - Specialty item, may be purchased later","2026-01-21"
"WNGENVOCALV01","Vocal Vineyards, 'Lobo Marino', Pinot Noir 2016 750ml","wine","SPECIALTY_BEVERAGE","KEEP - Specialty item, may be purchased later","2026-01-21"
"WNGENVOCALS","Vocal, 'San Benito' Cabernet Sauvignon 2022 750ml","wine","SPECIALTY_BEVERAGE","KEEP - Specialty item, may be purchased later","2026-01-21"
"D00","Cuvelier Los Andes, Malbec 2020 750ml","wine","SPECIALTY_BEVERAGE","KEEP - Specialty item, may be purchased later","2026-01-21"
"IT107520","Smith & Sheth, 'CRU', Sauvignon Blanc 2022 750ml","wine","SPECIALTY_BEVERAGE","KEEP - Specialty item, may be purchased later","2026-01-21"
"IT9745857","Penfolds, 'Bin 389', Cabernet Sauvignon/Shiraz 2020 750ml","wine","SPECIALTY_BEVERAGE","KEEP - Specialty item, may be purchased later","2026-01-21"
"IT9719730","Jermann, 'Vintage Tunina', Bianco 2022 750ml","wine","SPECIALTY_BEVERAGE","KEEP - Specialty item, may be purchased later","2026-01-21"
"IT635867","Ladoucette, Pouilly Fume 2023 750ml","wine","SPECIALTY_BEVERAGE","KEEP - Specialty item, may be purchased later","2026-01-21"
"WNGENFELSIN","Felsina, 'Fontalloro', Toscana IGT 2011 750ml","wine","SPECIALTY_BEVERAGE","KEEP - Specialty item, may be purchased later","2026-01-21"
"WNGENMASCOT01","The Mascot, Cabernet Sauvignon 2021 750ml","wine","SPECIALTY_BEVERAGE","KEEP - Specialty item, may be purchased later","2026-01-21"
"IT609390","Vocoret, 'Vaillons VV', Chablis 2022 750ml","wine","SPECIALTY_BEVERAGE","KEEP - Specialty item, may be purchased later","2026-01-21"
"IT9366009","DRC, Richebourg 2016 750ml","wine","SPECIALTY_BEVERAGE","KEEP - Specialty item, may be purchased later","2026-01-21"
"IT615068","Ace of Spades, 'Green' Champagne 750ml","wine","SPECIALTY_BEVERAGE","KEEP - Specialty item, may be purchased later","2026-01-21"
"WNGENSCRIBE02","Scribe, Sylvaner 2024 750ml","wine","SPECIALTY_BEVERAGE","KEEP - Specialty item, may be purchased later","2026-01-21"
"WNGENSEABOL","Seabold Cellars, 'Olson', Chardonnay 2020 750ml","wine","SPECIALTY_BEVERAGE","KEEP - Specialty item, may be purchased later","2026-01-21"
"IT680890","Perrier Jouet, 'Belle Epoque' Blanc de Blanc Champagne 750ml","wine","SPECIALTY_BEVERAGE","KEEP - Specialty item, may be purchased later","2026-01-21"
"IT610579","Stag's Leap, 'Artemis', Cabernet Sauvignon 2021 750ml","wine","SPECIALTY_BEVERAGE","KEEP - Specialty item, may be purchased later","2026-01-21"
"IT30094712","Lopez de Heredia, 'Vina Tondonia', Riojas 2012 750ml","wine","SPECIALTY_BEVERAGE","KEEP - Specialty item, may be purchased later","2026-01-21"
"WNBEAFIRMIN","Firmin Dezat, Sancerre 2023 750ml","wine","SPECIALTY_BEVERAGE","KEEP - Specialty item, may be purchased later","2026-01-21"
"WNGENMINUTY01","Minuty, 'Prestige Blanc', Cotes de Provence 2023 750ml","wine","SPECIALTY_BEVERAGE","KEEP - Specialty item, may be purchased later","2026-01-21"
"IT928790","Perrier Jouet, 'Grand Brut' Brut Champagne 750ml","wine","SPECIALTY_BEVERAGE","KEEP - Specialty item, may be purchased later","2026-01-21"
"WNGENTALENT","Talenti, Brunello di Montalcino 2015 750ml","wine","SPECIALTY_BEVERAGE","KEEP - Specialty item, may be purchased later","2026-01-21"
"WNGENVILLAC","Villa Cipressi, Rosso di Montalcino 2022 750ml","wine","SPECIALTY_BEVERAGE","KEEP - Specialty item, may be purchased later","2026-01-21"
"IT4811221","Loscano, 'Gran Reserve', Malbec 2021 750ml","wine","SPECIALTY_BEVERAGE","KEEP - Specialty item, may be purchased later","2026-01-21"
"IT376837","Clos du Val, Cabernet Sauvignon 2022 750ml","wine","SPECIALTY_BEVERAGE","KEEP - Specialty item, may be purchased later","2026-01-21"
"IT9740745","Daou, 'Reserve' Cabernet Sauvignons 2022 750ml","wine","SPECIALTY_BEVERAGE","KEEP - Specialty item, may be purchased later","2026-01-21"
"IT9361991","DRC, Romanee St. Vivant 2016 750ml","wine","SPECIALTY_BEVERAGE","KEEP - Specialty item, may be purchased later","2026-01-21"
"IT9148255","Domaine Laroche, 'Saint Martin', Chablis 750ml","wine","SPECIALTY_BEVERAGE","KEEP - Specialty item, may be purchased later","2026-01-21"
"IT519571","Perrier Jouet, 'Belle Epoque' Rose Champagne 750ml","wine","SPECIALTY_BEVERAGE","KEEP - Specialty item, may be purchased later","2026-01-21"
"WNGENGRAVET","Gravette de Certan 2019 750ml","wine","SPECIALTY_BEVERAGE","KEEP - Specialty item, may be purchased later","2026-01-21"
"WNGENMINUTY","Minuty, 'Et Or', Rose 2024 750ml","wine","SPECIALTY_BEVERAGE","KEEP - Specialty item, may be purchased later","2026-01-21"
"WNGENSEABOL01","Seabold Cellars, 'Rodnick Farm', Mourvedre 2020 750ml","wine","SPECIALTY_BEVERAGE","KEEP - Specialty item, may be purchased later","2026-01-21"
"WNGENVINASM","Vinas Murillo, 'Chapirete en Barrica', Verdejo 2021 750ml","wine","SPECIALTY_BEVERAGE","KEEP - Specialty item, may be purchased later","2026-01-21"
"VGS3501113","Vega Sicilia, 'Unico' 2012 750ml","wine","SPECIALTY_BEVERAGE","KEEP - Specialty item, may be purchased later","2026-01-21"
"IT9649557","Condado de Haza, 'Aldeas', Ribera del Duero 2018 750ml","wine","SPECIALTY_BEVERAGE","KEEP - Specialty item, may be purchased later","2026-01-21"
"WNGENLOUISR","Louis Roederer, 'Cristal', Brut Champagne 2016 750ml","wine","SPECIALTY_BEVERAGE","KEEP - Specialty item, may be purchased later","2026-01-21"
"WNGENVOCALV","Vocal Vineyards, Lilo Vineyard, Pinot Noir 2016 1.5L","wine","SPECIALTY_BEVERAGE","KEEP - Specialty item, may be purchased later","2026-01-21"
"IT12231453","Louis Michel, 'Butteaux', Chablis 2023 750ml","wine","SPECIALTY_BEVERAGE","KEEP - Specialty item, may be purchased later","2026-01-21"
"IT600202","Flowers, Pinot Noir 2022 750ml","wine","SPECIALTY_BEVERAGE","KEEP - Specialty item, may be purchased later","2026-01-21"
"WNGENDEHESA","Dehesa de los Canonigos, Rioja Crianza 2021 750ml","wine","SPECIALTY_BEVERAGE","KEEP - Specialty item, may be purchased later","2026-01-21"
"IT472941","Routestock Cellars, Cabernet Sauvignon 2022 750ml","wine","SPECIALTY_BEVERAGE","KEEP - Specialty item, may be purchased later","2026-01-21"
"IT625429","Il Poggione, Brunello di Montalcino 2019 750ml","wine","SPECIALTY_BEVERAGE","KEEP - Specialty item, may be purchased later","2026-01-21"
"IT657001","Joseph Phelps, Cabernet Sauvignon 2022 750ml","wine","SPECIALTY_BEVERAGE","KEEP - Specialty item, may be purchased later","2026-01-21"
"WNGENVINOSF","Vinos Finos de California, Nebbiolo 2023 750ml","wine","SPECIALTY_BEVERAGE","KEEP - Specialty item, may be purchased later","2026-01-21"
"IT222707","Veuve Clicquot, Brut Champagne 3L","wine","SPECIALTY_BEVERAGE","KEEP - Specialty item, may be purchased later","2026-01-21"
"IT649671","Moet & Chandon Brut Imperial Pharrell 750ml","wine","SPECIALTY_BEVERAGE","KEEP - Specialty item, may be purchased later","2026-01-21"
"CONT22RW76CB","Continuum, Napa Red 2022 750ml","wine","SPECIALTY_BEVERAGE","KEEP - Specialty item, may be purchased later","2026-01-21"
"IT30297125","Emilio Moro, Godello 2019 750ml","wine","SPECIALTY_BEVERAGE","KEEP - Specialty item, may be purchased later","2026-01-21"
"IT953261","Heavensake, 'Konishi 12' Junmai 750ml","wine","SPECIALTY_BEVERAGE","KEEP - Specialty item, may be purchased later","2026-01-21"
"WNGENTYLERS","Tyler, 'Santa Barbara County', Chardonnay 2022 750ml","wine","SPECIALTY_BEVERAGE","KEEP - Specialty item, may be purchased later","2026-01-21"
"IT513731","Louis Roederer, 'Cristal', Rose Champagne 750ml","wine","SPECIALTY_BEVERAGE","KEEP - Specialty item, may be purchased later","2026-01-21"
"IT642725","Merry Edwards, Sauvignon Blanc 2023 750ml","wine","SPECIALTY_BEVERAGE","KEEP - Specialty item, may be purchased later","2026-01-21"
"IT649717","Patz and Hall, 'Dutton Ranch', Chardonnay 2022 750ml","wine","SPECIALTY_BEVERAGE","KEEP - Specialty item, may be purchased later","2026-01-21"
"IT30318601","Emilio Moro, 'La Revelia', Godello 2021 750ml","wine","SPECIALTY_BEVERAGE","KEEP - Specialty item, may be purchased later","2026-01-21"
"EC947191","Lucien Crochet, 'Croix du Roy', Sancerre 2023 750ml","wine","SPECIALTY_BEVERAGE","KEEP - Specialty item, may be purchased later","2026-01-21"
"WA47224","Domaine d'Avnile, Sauvignon Blanc 2024 750ml","wine","SPECIALTY_BEVERAGE","KEEP - Specialty item, may be purchased later","2026-01-21"
"IT347976","Veuve Clicquot, 'Rose', Champagne 1.5L","wine","SPECIALTY_BEVERAGE","KEEP - Specialty item, may be purchased later","2026-01-21"
"WA83118","Alfredo Arribas, 'Somni', Priorat 2018 750ml","wine","SPECIALTY_BEVERAGE","KEEP - Specialty item, may be purchased later","2026-01-21"
"WNGENCROIXC","Croix et Courbet, 'Savadonnay', Cotes de Jura 2020 750ml","wine","SPECIALTY_BEVERAGE","KEEP - Specialty item, may be purchased later","2026-01-21"
"FXN3201023","Foxen, Pinot Noir 2023 750ml","wine","SPECIALTY_BEVERAGE","KEEP - Specialty item, may be purchased later","2026-01-21"
"IT122330","Antica Formula Vermouth 375ml","liquor","SPECIALTY_BEVERAGE","KEEP - Specialty item, may be purchased later","2026-01-21"
"IT664863","Minuty, 'Prestige', Rose 2024 750ml","wine","SPECIALTY_BEVERAGE","KEEP - Specialty item, may be purchased later","2026-01-21"
"IT30337810","Chappellet, 'Pritchard Hill', Cabernet Sauvignon 2022 750ml","wine","SPECIALTY_BEVERAGE","KEEP - Specialty item, may be purchased later","2026-01-21"
"IT169452","Felsina, 'Cru Rancia', Chianti Classico 2019 750ml","wine","SPECIALTY_BEVERAGE","KEEP - Specialty item, may be purchased later","2026-01-21"
"IT379562","Chateau la Nerthe, 'La Cassagnes', Cotes du Rhone 2022 750ml","wine","SPECIALTY_BEVERAGE","KEEP - Specialty item, may be purchased later","2026-01-21"
"LOBOSTEQANEJO","Lobos 1707 Tequila Anejo","liquor","SPECIALTY_BEVERAGE","KEEP - Specialty item, may be purchased later","2026-01-23"
"IT9188246","Avua Cachaca 750ml","liquor","SPECIALTY_BEVERAGE","KEEP - Specialty item, may be purchased later","2026-01-21"
"IT10300103N","UNSWEETENED ALMOND MILK 32fl.oz","liquor","SPECIALTY_BEVERAGE","KEEP - Specialty item, may be purchased later","2026-01-22"
"IT964401","Ancho Reyes Red 375ml","liquor","SPECIALTY_BEVERAGE","KEEP - Specialty item, may be purchased later","2026-01-21"
"IT201764","Chareau Aloe Liqueur 750ml","liquor","SPECIALTY_BEVERAGE","KEEP - Specialty item, may be purchased later","2026-01-21"
"IT10949990","Cleaning Supplies - Food 1each","liquor","SPECIALTY_BEVERAGE","KEEP - Specialty item, may be purchased later","2026-01-22"
"IT352429","Bulleit Bourbon 1L","liquor","SPECIALTY_BEVERAGE","KEEP - Specialty item, may be purchased later","2026-01-21"
"IT437241","Bushmills 12yr 750ml","liquor","SPECIALTY_BEVERAGE","KEEP - Specialty item, may be purchased later","2026-01-21"
"IT122328","Carpano Dry Vermouth 1L","liquor","SPECIALTY_BEVERAGE","KEEP - Specialty item, may be purchased later","2026-01-21"
"IT904166","Casamigos Mezcal 750ml","liquor","SPECIALTY_BEVERAGE","KEEP - Specialty item, may be purchased later","2026-01-21"
"IT633943","Woodinville 750ml","liquor","SPECIALTY_BEVERAGE","KEEP - Specialty item, may be purchased later","2026-01-21"
"IT532301","POTTERS WSKY SPECIAL BLEND 80 PROF 750ml","liquor","SPECIALTY_BEVERAGE","KEEP - Specialty item, may be purchased later","2026-01-21"
"IT9019441","Jose Cuervo Familia Platino 750ml","liquor","SPECIALTY_BEVERAGE","KEEP - Specialty item, may be purchased later","2026-01-21"
"IT975690","Jim Beam Bourbon 1L","liquor","SPECIALTY_BEVERAGE","KEEP - Specialty item, may be purchased later","2026-01-21"
"IT581363","Knob Creek Rye 1L","liquor","SPECIALTY_BEVERAGE","KEEP - Specialty item, may be purchased later","2026-01-21"
"IT175921","St. Germain 750ml","liquor","SPECIALTY_BEVERAGE","KEEP - Specialty item, may be purchased later","2026-01-21"
"IT660251","Don Julio Reposado 750ml","liquor","SPECIALTY_BEVERAGE","KEEP - Specialty item, may be purchased later","2026-01-21"
"IT105219","Remy Martin VSOP 750ml","liquor","SPECIALTY_BEVERAGE","KEEP - Specialty item, may be purchased later","2026-01-21"
"IT975691","Jim Beam Bourbon 750ml","liquor","SPECIALTY_BEVERAGE","KEEP - Specialty item, may be purchased later","2026-01-21"
"IT626381","Glenmorangie 12yr 1L","liquor","SPECIALTY_BEVERAGE","KEEP - Specialty item, may be purchased later","2026-01-21"
"IT228524","Joto Yuzu Sake 720ml","liquor","SPECIALTY_BEVERAGE","KEEP - Specialty item, may be purchased later","2026-01-21"
"IT574132","Strega 700ml","liquor","SPECIALTY_BEVERAGE","KEEP - Specialty item, may be purchased later","2026-01-21"
"IT9763749","Chinola Passion Fruit Liqueur 750ml","liquor","SPECIALTY_BEVERAGE","KEEP - Specialty item, may be purchased later","2026-01-21"
"IT476808","Volcan De Mi Tierra Blanco 750ml","liquor","SPECIALTY_BEVERAGE","KEEP - Specialty item, may be purchased later","2026-01-21"
"IT402745","Johnnie Walker Blue 750ml","liquor","SPECIALTY_BEVERAGE","KEEP - Specialty item, may be purchased later","2026-01-21"
"IT344101","Hennessy Cognac VS 80 1L","liquor","SPECIALTY_BEVERAGE","KEEP - Specialty item, may be purchased later","2026-01-21"
"IT9672137","Lyres White Rum 700ml","liquor","SPECIALTY_BEVERAGE","KEEP - Specialty item, may be purchased later","2026-01-21"
"IT121898","Chambord Liqueur 700ml","liquor","SPECIALTY_BEVERAGE","KEEP - Specialty item, may be purchased later","2026-01-21"
"IT650981","Luxardo Maraschino 750ml","liquor","SPECIALTY_BEVERAGE","KEEP - Specialty item, may be purchased later","2026-01-21"
"IT628121","Faust, Cabernet Sauvignon 2021 750ml","wine","SPECIALTY_BEVERAGE","KEEP - Specialty item, may be purchased later","2026-01-21"
"WNGENCHATEA04","Chateau Smith Haut Lafitte Rouge 2014 750ml","wine","SPECIALTY_BEVERAGE","KEEP - Specialty item, may be purchased later","2026-01-21"
"WNGENCHATEA","Chateau Beausejour Becot 2016 750ml","wine","SPECIALTY_BEVERAGE","KEEP - Specialty item, may be purchased later","2026-01-21"
"IT682006","Caymus, Cabernet Sauvignon 2023 750ml","wine","SPECIALTY_BEVERAGE","KEEP - Specialty item, may be purchased later","2026-01-21"
"IT9731031","Ciacci, Brunello di Montalcino 2019 750ml","wine","SPECIALTY_BEVERAGE","KEEP - Specialty item, may be purchased later","2026-01-21"
"IT524892","Basil Hayden 750ml","liquor","SPECIALTY_BEVERAGE","KEEP - Specialty item, may be purchased later","2026-01-21"
"WNGENCHATEA02","Chateau Giscours 2014 750ml","wine","SPECIALTY_BEVERAGE","KEEP - Specialty item, may be purchased later","2026-01-21"
"WA48216","Echo de Lynch Bages 2016 750ml","wine","SPECIALTY_BEVERAGE","KEEP - Specialty item, may be purchased later","2026-01-21"
"IT145004","Fernet Branca 750ml","liquor","SPECIALTY_BEVERAGE","KEEP - Specialty item, may be purchased later","2026-01-21"
"IT622590","Glenmorangie 12yr 750ml","liquor","SPECIALTY_BEVERAGE","KEEP - Specialty item, may be purchased later","2026-01-21"
"IT9625624","Komos Extra Anejo 750ml","liquor","SPECIALTY_BEVERAGE","KEEP - Specialty item, may be purchased later","2026-01-21"
"WNGENCHATEA01","Chateau Cantemerle 2016 750ml","wine","SPECIALTY_BEVERAGE","KEEP - Specialty item, may be purchased later","2026-01-21"
"WA98322","Gauffroy, 'Les Referts', Puligny Montrachet 2022 750ml","wine","SPECIALTY_BEVERAGE","KEEP - Specialty item, may be purchased later","2026-01-21"
"WA31610","Chateau d'Armailhac 2010 750ml","wine","SPECIALTY_BEVERAGE","KEEP - Specialty item, may be purchased later","2026-01-21"
"IT222094","Giffard Caribbean Pineapple 750ml","liquor","SPECIALTY_BEVERAGE","KEEP - Specialty item, may be purchased later","2026-01-21"
"IT911821","El Tesoro Anejo 750ml","liquor","SPECIALTY_BEVERAGE","KEEP - Specialty item, may be purchased later","2026-01-21"
"IT624697","Sake Ono 750ml","wine","SPECIALTY_BEVERAGE","KEEP - Specialty item, may be purchased later","2026-01-21"
"WNGENCHATEA03","Chateau Pontet Canet 2015 750ml","wine","SPECIALTY_BEVERAGE","KEEP - Specialty item, may be purchased later","2026-01-21"
"IT318235","JF Hadens Lychee Liqueur 750ml","liquor","SPECIALTY_BEVERAGE","KEEP - Specialty item, may be purchased later","2026-01-21"
"IT631919","Stag's Leap, 'Artemis', Cabernet Sauvignon 2021 1.5L","wine","SPECIALTY_BEVERAGE","KEEP - Specialty item, may be purchased later","2026-01-21"
"WNGENDALLAV","Dalla Valle, 'Maya' 2014 750ml","wine","SPECIALTY_BEVERAGE","KEEP - Specialty item, may be purchased later","2026-01-21"
"WNGENCASTEL","Castello di Fonterutoli, 'Gran Selezione', Chianti Classico 2020 750ml","wine","SPECIALTY_BEVERAGE","KEEP - Specialty item, may be purchased later","2026-01-21"
"WNGENDALLAV01","Dalla Valle, 'Maya' 2021 750ml","wine","SPECIALTY_BEVERAGE","KEEP - Specialty item, may be purchased later","2026-01-21"
"IT30332100","Roserock, Pinot Noir 2023 750ml","wine","SPECIALTY_BEVERAGE","KEEP - Specialty item, may be purchased later","2026-01-21"
"IT353443","Silver Oak, 'Napa Valley' Cabernet Sauvignon 2019 750ml","wine","SPECIALTY_BEVERAGE","KEEP - Specialty item, may be purchased later","2026-01-21"
"IT30297407","Bramare, 'Lujan de Cujo', Cabernet Sauvignon 2019 750ml","wine","SPECIALTY_BEVERAGE","KEEP - Specialty item, may be purchased later","2026-01-21"
"ABR3801023","Aubert, 'Park Avenue Vineyard', Pinot Noir 2023 750ml","wine","SPECIALTY_BEVERAGE","KEEP - Specialty item, may be purchased later","2026-01-21"
"IT360265","Casa Dragones Blanco 750ml","liquor","SPECIALTY_BEVERAGE","KEEP - Specialty item, may be purchased later","2026-01-21"
"IT131867","Selvarey White 750ml","liquor","SPECIALTY_BEVERAGE","KEEP - Specialty item, may be purchased later","2026-01-21"
"WNGENTYLERM","Tyler, 'Mae Estate', Chardonnay 2022 750ml","wine","SPECIALTY_BEVERAGE","KEEP - Specialty item, may be purchased later","2026-01-21"
"IT477136","Italicus Rosolio Bergamotto 750ml","liquor","SPECIALTY_BEVERAGE","KEEP - Specialty item, may be purchased later","2026-01-21"
"WNGENSCRIBE01","Scribe, 'Skin Fermented', Chardonnay 2023 500ml","wine","SPECIALTY_BEVERAGE","KEEP - Specialty item, may be purchased later","2026-01-21"
"IT928791","Perrier Jouet, 'Blanc de Blanc', Champagne 750ml","wine","SPECIALTY_BEVERAGE","KEEP - Specialty item, may be purchased later","2026-01-21"
"SFGENKALUGA","Kaluga Grand Cru Caviar 1g","seafood","SPECIALTY_PROTEIN","KEEP - High-end protein, might be spot market","2026-01-22"
"IT001603701","Caviar, Paddlefish 1each","seafood","SPECIALTY_PROTEIN","KEEP - High-end protein, might be spot market","2026-01-22"
"SFGENKALUGA01","Kaluga Grand Cru Caviar 1kg","seafood","SPECIALTY_PROTEIN","KEEP - High-end protein, might be spot market","2026-01-22"
"IT003706601","Kusshi Oysters 1each","seafood","SPECIALTY_PROTEIN","KEEP - High-end protein, might be spot market","2026-01-22"
"SFGENOSSETR","Ossetra Classic Caviar 1g","seafood","SPECIALTY_PROTEIN","KEEP - High-end protein, might be spot market","2026-01-22"
"SFGENOSSETR01","Ossetra Classic Caviar 1kg","seafood","SPECIALTY_PROTEIN","KEEP - High-end protein, might be spot market","2026-01-22"
"IT601800110","Wagyu Striploin 1lb","meat","SPECIALTY_PROTEIN","KEEP - High-end protein, might be spot market","2026-01-22"
"VN148400","Coconut Milk 98fl.oz","grocery","STANDARD_INVENTORY","INVESTIGATE - Should have vendor, check if imported correctly","2026-01-22"
"F304A","Puff Pastry Half Sheets 1lb","grocery","STANDARD_INVENTORY","INVESTIGATE - Should have vendor, check if imported correctly","2026-01-22"
"GB504N","Banyuls Vinegar 500ml","grocery","STANDARD_INVENTORY","INVESTIGATE - Should have vendor, check if imported correctly","2026-01-22"
"BKGENBIRTHD","Birthday Cake Carol Cake $60 1each","bakery","STANDARD_INVENTORY","INVESTIGATE - Should have vendor, check if imported correctly","2026-01-22"
"IT01744","Apple Cider Vinegar 1gal","grocery","STANDARD_INVENTORY","INVESTIGATE - Should have vendor, check if imported correctly","2026-01-22"
"IT00631","Baby Spinach 1lb","produce","STANDARD_INVENTORY","INVESTIGATE - Should have vendor, check if imported correctly","2026-01-22"
"IT10872793","Agar Agar 1lb","grocery","STANDARD_INVENTORY","INVESTIGATE - Should have vendor, check if imported correctly","2026-01-22"
"IT230204RP","Aleppo Pepper 1lb","grocery","STANDARD_INVENTORY","INVESTIGATE - Should have vendor, check if imported correctly","2026-01-22"
"BB104","Butter, Unsalted 1lb","dairy","STANDARD_INVENTORY","INVESTIGATE - Should have vendor, check if imported correctly","2026-01-22"
"IT00774","Bay Leaf 1lb","produce","STANDARD_INVENTORY","INVESTIGATE - Should have vendor, check if imported correctly","2026-01-22"
"GV385","White Vinegar Distilled 1each","grocery","STANDARD_INVENTORY","INVESTIGATE - Should have vendor, check if imported correctly","2026-01-22"
"VIN100","Yokoi Edo-Tannen Seasoned Vinegar 1.8L","grocery","STANDARD_INVENTORY","INVESTIGATE - Should have vendor, check if imported correctly","2026-01-22"
"IT514","White Levain XL, Loaf 1each","bakery","STANDARD_INVENTORY","INVESTIGATE - Should have vendor, check if imported correctly","2026-01-22"
"IT1102013","White Soy Sauce 1.8L","grocery","STANDARD_INVENTORY","INVESTIGATE - Should have vendor, check if imported correctly","2026-01-22"
"IT02606","White Truffle Oil 8.4oz","grocery","STANDARD_INVENTORY","INVESTIGATE - Should have vendor, check if imported correctly","2026-01-22"
"IT04810","White Wine Vinegar 1gal","grocery","STANDARD_INVENTORY","INVESTIGATE - Should have vendor, check if imported correctly","2026-01-22"
"IT16186","Yuzu Juice 200ml","grocery","STANDARD_INVENTORY","INVESTIGATE - Should have vendor, check if imported correctly","2026-01-22"
"ROS02","Bell Rose, Ko Bara 1pack","produce","STANDARD_INVENTORY","INVESTIGATE - Should have vendor, check if imported correctly","2026-01-22"
"SPP150","Black Peppercorn 1lb","grocery","STANDARD_INVENTORY","INVESTIGATE - Should have vendor, check if imported correctly","2026-01-22"
"PRGENBLACKF","Black Fall Truffle 1oz","produce","STANDARD_INVENTORY","INVESTIGATE - Should have vendor, check if imported correctly","2026-01-22"
"IT00760","Basil - Food 1lb","produce","STANDARD_INVENTORY","INVESTIGATE - Should have vendor, check if imported correctly","2026-01-22"
"IT09592","Basil - Food 4oz","produce","STANDARD_INVENTORY","INVESTIGATE - Should have vendor, check if imported correctly","2026-01-22"
"IT1123743","bell pepper mix 10lb","produce","STANDARD_INVENTORY","INVESTIGATE - Should have vendor, check if imported correctly","2026-01-22"
"IT10607391","Black Garlic 1lb","grocery","STANDARD_INVENTORY","INVESTIGATE - Should have vendor, check if imported correctly","2026-01-22"
"IT12954","Black Truffle Salt 100g","grocery","STANDARD_INVENTORY","INVESTIGATE - Should have vendor, check if imported correctly","2026-01-22"
"IT01040","Blackberry BK 1Basket","produce","STANDARD_INVENTORY","INVESTIGATE - Should have vendor, check if imported correctly","2026-01-22"
"IT10229239","Blood Orange Sorbet 5L","dairy","STANDARD_INVENTORY","INVESTIGATE - Should have vendor, check if imported correctly","2026-01-22"
"IT00360","Boston Lettuce 1head","produce","STANDARD_INVENTORY","INVESTIGATE - Should have vendor, check if imported correctly","2026-01-22"
"FB311","Brioche Bun 1bun","bakery","STANDARD_INVENTORY","INVESTIGATE - Should have vendor, check if imported correctly","2026-01-22"
"BUB01","Bubu Arare (Rice Pearls) 1lb","grocery","STANDARD_INVENTORY","INVESTIGATE - Should have vendor, check if imported correctly","2026-01-22"
"PRD0366","Butter Lettuce 1Case","produce","STANDARD_INVENTORY","INVESTIGATE - Should have vendor, check if imported correctly","2026-01-22"
"PRD1181","Cara Cara Orange, Case 1case","produce","STANDARD_INVENTORY","INVESTIGATE - Should have vendor, check if imported correctly","2026-01-22"
"SPC105","Celery Seed, Whole 1lb","grocery","STANDARD_INVENTORY","INVESTIGATE - Should have vendor, check if imported correctly","2026-01-22"
"IT10797050N","Bonito Flakes 1lb","grocery","STANDARD_INVENTORY","INVESTIGATE - Should have vendor, check if imported correctly","2026-01-22"
"IT24851","Caraway Seed 1lb","grocery","STANDARD_INVENTORY","INVESTIGATE - Should have vendor, check if imported correctly","2026-01-22"
"IT00238","Cayenne Pepper 1lb","grocery","STANDARD_INVENTORY","INVESTIGATE - Should have vendor, check if imported correctly","2026-01-22"
"IT14453","Celery Salt 1lb","grocery","STANDARD_INVENTORY","INVESTIGATE - Should have vendor, check if imported correctly","2026-01-22"
"IT00811","Cello, Spinach 1lb","produce","STANDARD_INVENTORY","INVESTIGATE - Should have vendor, check if imported correctly","2026-01-22"
"UF50122","Cherries Maraschino 0.5gal","grocery","STANDARD_INVENTORY","INVESTIGATE - Should have vendor, check if imported correctly","2026-01-22"
"GSR341","Chicken Base - Food 1lb","grocery","STANDARD_INVENTORY","INVESTIGATE - Should have vendor, check if imported correctly","2026-01-22"
"IT09565","Cabbage, Red 1each","produce","STANDARD_INVENTORY","INVESTIGATE - Should have vendor, check if imported correctly","2026-01-22"
"IT10305297","Calabrian Pepper, Crushed 950g","grocery","STANDARD_INVENTORY","INVESTIGATE - Should have vendor, check if imported correctly","2026-01-22"
"IT24907","Calabrian Pepper, Extra Long 2.6kg","grocery","STANDARD_INVENTORY","INVESTIGATE - Should have vendor, check if imported correctly","2026-01-22"
"IT71285","Cantaloupe - Food 1melon","produce","STANDARD_INVENTORY","INVESTIGATE - Should have vendor, check if imported correctly","2026-01-22"
"IT05221","Champagne Vinegar 1gal","grocery","STANDARD_INVENTORY","INVESTIGATE - Should have vendor, check if imported correctly","2026-01-22"
"IT00780","Chervil 1lb","produce","STANDARD_INVENTORY","INVESTIGATE - Should have vendor, check if imported correctly","2026-01-22"
"BKGENCIABAT","Ciabatta 1loaf","bakery","STANDARD_INVENTORY","INVESTIGATE - Should have vendor, check if imported correctly","2026-01-22"
"GCV115","Cocoa Powder 1kg","grocery","STANDARD_INVENTORY","INVESTIGATE - Should have vendor, check if imported correctly","2026-01-22"
"GS511","Corn Syrup 1gal","grocery","STANDARD_INVENTORY","INVESTIGATE - Should have vendor, check if imported correctly","2026-01-22"
"GV125","Cornichones 1lb","grocery","STANDARD_INVENTORY","INVESTIGATE - Should have vendor, check if imported correctly","2026-01-22"
"AC27976","CHILES-CHIPOTLE IN ADOBO 7oz","grocery","STANDARD_INVENTORY","INVESTIGATE - Should have vendor, check if imported correctly","2026-01-22"
"IT00790","Chives 1lb","produce","STANDARD_INVENTORY","INVESTIGATE - Should have vendor, check if imported correctly","2026-01-22"
"IT89030","CLOVER 18-8 FUKAGATA 1each","produce","STANDARD_INVENTORY","INVESTIGATE - Should have vendor, check if imported correctly","2026-01-22"
"IT10875601N","Coconut Sorbet Vegan 5L","dairy","STANDARD_INVENTORY","INVESTIGATE - Should have vendor, check if imported correctly","2026-01-22"
"IT06014","Coriander, Whole 9oz","grocery","STANDARD_INVENTORY","INVESTIGATE - Should have vendor, check if imported correctly","2026-01-22"
"IT00210","Corn Yellow 1case","produce","STANDARD_INVENTORY","INVESTIGATE - Should have vendor, check if imported correctly","2026-01-22"
"SPC137","Cream Of Tartar 24oz","grocery","STANDARD_INVENTORY","INVESTIGATE - Should have vendor, check if imported correctly","2026-01-22"
"BKGENCUSTOM","Custom Cake 1each","bakery","STANDARD_INVENTORY","INVESTIGATE - Should have vendor, check if imported correctly","2026-01-22"
"IT09593","Cilantro 1bunch","produce","STANDARD_INVENTORY","INVESTIGATE - Should have vendor, check if imported correctly","2026-01-22"
"IT40250","Eggplant, 18 Size 1case","produce","STANDARD_INVENTORY","INVESTIGATE - Should have vendor, check if imported correctly","2026-01-22"
"IT40274","Endive 1Case","produce","STANDARD_INVENTORY","INVESTIGATE - Should have vendor, check if imported correctly","2026-01-22"
"IT10231902","Espelette Pepper Powder 8.8oz","grocery","STANDARD_INVENTORY","INVESTIGATE - Should have vendor, check if imported correctly","2026-01-22"
"IT08005","Fennel Pollen 1oz","grocery","STANDARD_INVENTORY","INVESTIGATE - Should have vendor, check if imported correctly","2026-01-22"
"D110K","Crème Fraiche 1quart","dairy","STANDARD_INVENTORY","INVESTIGATE - Should have vendor, check if imported correctly","2026-01-22"
"SPP140","Crushed Red Pepper 1oz","grocery","STANDARD_INVENTORY","INVESTIGATE - Should have vendor, check if imported correctly","2026-01-22"
"FLO11","Edible Flower Mix - Food 1each","produce","STANDARD_INVENTORY","INVESTIGATE - Should have vendor, check if imported correctly","2026-01-22"
"IT4254","Crunchy Garlic 1oz","grocery","STANDARD_INVENTORY","INVESTIGATE - Should have vendor, check if imported correctly","2026-01-22"
"IT12221","Dijon Mustard 1lb","grocery","STANDARD_INVENTORY","INVESTIGATE - Should have vendor, check if imported correctly","2026-01-22"
"IT00810","Dill 1lb","produce","STANDARD_INVENTORY","INVESTIGATE - Should have vendor, check if imported correctly","2026-01-22"
"IT09594","Dill 4oz","produce","STANDARD_INVENTORY","INVESTIGATE - Should have vendor, check if imported correctly","2026-01-22"
"IT103605","FIsh Sauce 24fl.oz","grocery","STANDARD_INVENTORY","INVESTIGATE - Should have vendor, check if imported correctly","2026-01-22"
"IT01357","Frying Oil, No Trans Fat 35lb","grocery","STANDARD_INVENTORY","INVESTIGATE - Should have vendor, check if imported correctly","2026-01-22"
"BKGENFOCACC","Focaccia 1each","bakery","STANDARD_INVENTORY","INVESTIGATE - Should have vendor, check if imported correctly","2026-01-22"
"IT00308","Garlic Peeled 1lb","produce","STANDARD_INVENTORY","INVESTIGATE - Should have vendor, check if imported correctly","2026-01-22"
"IT24755","Garlic Powder 1lb","grocery","STANDARD_INVENTORY","INVESTIGATE - Should have vendor, check if imported correctly","2026-01-22"
"IT00362","Iceberg Lettuce 1head","produce","STANDARD_INVENTORY","INVESTIGATE - Should have vendor, check if imported correctly","2026-01-22"
"WAS07","Kizami Wasabi 100g","grocery","STANDARD_INVENTORY","INVESTIGATE - Should have vendor, check if imported correctly","2026-01-22"
"GS523","Liquid Smoke 1gal","grocery","STANDARD_INVENTORY","INVESTIGATE - Should have vendor, check if imported correctly","2026-01-22"
"GS125","Maggi Seasoning 27oz","grocery","STANDARD_INVENTORY","INVESTIGATE - Should have vendor, check if imported correctly","2026-01-22"
"IT30367","Katsuo Mirin Furikake 1.7oz","grocery","STANDARD_INVENTORY","INVESTIGATE - Should have vendor, check if imported correctly","2026-01-22"
"IT21591","Korean Pear 1case","produce","STANDARD_INVENTORY","INVESTIGATE - Should have vendor, check if imported correctly","2026-01-22"
"IT09696","Kosher Dill Pickle 1lb","produce","STANDARD_INVENTORY","INVESTIGATE - Should have vendor, check if imported correctly","2026-01-22"
"IT10015","Leek 1leek","produce","STANDARD_INVENTORY","INVESTIGATE - Should have vendor, check if imported correctly","2026-01-22"
"IT06299","Lotus Root 1lb","produce","STANDARD_INVENTORY","INVESTIGATE - Should have vendor, check if imported correctly","2026-01-22"
"IT78168","Magno 1mango","produce","STANDARD_INVENTORY","INVESTIGATE - Should have vendor, check if imported correctly","2026-01-22"
"IT304361","Mizkan Awase Vinegar, No MSG 5.28gal","grocery","STANDARD_INVENTORY","INVESTIGATE - Should have vendor, check if imported correctly","2026-01-22"
"INA01","Miyako Ajitsuke Inari 60each","grocery","STANDARD_INVENTORY","INVESTIGATE - Should have vendor, check if imported correctly","2026-01-22"
"NWC2411","Mozzarella Low Moisture 1lb","dairy","STANDARD_INVENTORY","INVESTIGATE - Should have vendor, check if imported correctly","2026-01-22"
"IT49587","Magu Roll 1each","grocery","STANDARD_INVENTORY","INVESTIGATE - Should have vendor, check if imported correctly","2026-01-22"
"IT03913","Manchego 1lb","dairy","STANDARD_INVENTORY","INVESTIGATE - Should have vendor, check if imported correctly","2026-01-22"
"IT22177","Maple Syrup 1gal","grocery","STANDARD_INVENTORY","INVESTIGATE - Should have vendor, check if imported correctly","2026-01-22"
"IT06107","Micro Basil 8oz","produce","STANDARD_INVENTORY","INVESTIGATE - Should have vendor, check if imported correctly","2026-01-22"
"IT30553","Miyako Ajipon 1gal","grocery","STANDARD_INVENTORY","INVESTIGATE - Should have vendor, check if imported correctly","2026-01-22"
"IT30631","Miyako Hanakatsuo (Bonito Flakes) 1lb","grocery","STANDARD_INVENTORY","INVESTIGATE - Should have vendor, check if imported correctly","2026-01-22"
"PRD0408","Micro Green Pea 1pack","produce","STANDARD_INVENTORY","INVESTIGATE - Should have vendor, check if imported correctly","2026-01-22"
"MYO01","Myoga (Ginger Buds) 1each","produce","STANDARD_INVENTORY","INVESTIGATE - Should have vendor, check if imported correctly","2026-01-22"
"NOR12","Nori, Premium, Half 1pack","grocery","STANDARD_INVENTORY","INVESTIGATE - Should have vendor, check if imported correctly","2026-01-22"
"SPO110","Onion Minced, Spice 1lb","grocery","STANDARD_INVENTORY","INVESTIGATE - Should have vendor, check if imported correctly","2026-01-22"
"SANS009","Pickled Sansyo/ Arima Sansyo210g 210g","grocery","STANDARD_INVENTORY","INVESTIGATE - Should have vendor, check if imported correctly","2026-01-22"
"PRD0140","Pink Lady Apple 10lb","produce","STANDARD_INVENTORY","INVESTIGATE - Should have vendor, check if imported correctly","2026-01-22"
"IT25267","Micro Carrot Top 1pack","produce","STANDARD_INVENTORY","INVESTIGATE - Should have vendor, check if imported correctly","2026-01-22"
"IT03429","Micro Cilantro - Food 1pack","produce","STANDARD_INVENTORY","INVESTIGATE - Should have vendor, check if imported correctly","2026-01-22"
"IT11485","Micro Citrus Mix 1each","produce","STANDARD_INVENTORY","INVESTIGATE - Should have vendor, check if imported correctly","2026-01-22"
"IT06794","Micro Shiso 1each","produce","STANDARD_INVENTORY","INVESTIGATE - Should have vendor, check if imported correctly","2026-01-22"
"IT06461","Micro Shiso, Red 1each","produce","STANDARD_INVENTORY","INVESTIGATE - Should have vendor, check if imported correctly","2026-01-22"
"IT00830","Mint - Food 1lb","produce","STANDARD_INVENTORY","INVESTIGATE - Should have vendor, check if imported correctly","2026-01-22"
"IT09595","Mint - Food 4oz","produce","STANDARD_INVENTORY","INVESTIGATE - Should have vendor, check if imported correctly","2026-01-22"
"IT06036","Mustard Seed 25oz","grocery","STANDARD_INVENTORY","INVESTIGATE - Should have vendor, check if imported correctly","2026-01-22"
"IT06046","Mustard Seed, Brown 27oz","grocery","STANDARD_INVENTORY","INVESTIGATE - Should have vendor, check if imported correctly","2026-01-22"
"IT10899","Nasturtium 1each","produce","STANDARD_INVENTORY","INVESTIGATE - Should have vendor, check if imported correctly","2026-01-22"
"IT1121609","Noni Fruit Seed Oil 35lb","grocery","STANDARD_INVENTORY","INVESTIGATE - Should have vendor, check if imported correctly","2026-01-22"
"IT18714","Petite Red Sorrel 1pack","produce","STANDARD_INVENTORY","INVESTIGATE - Should have vendor, check if imported correctly","2026-01-22"
"ORCH01","Orchid 1each","produce","STANDARD_INVENTORY","INVESTIGATE - Should have vendor, check if imported correctly","2026-01-22"
"SPO115","Oregano 24oz","grocery","STANDARD_INVENTORY","INVESTIGATE - Should have vendor, check if imported correctly","2026-01-22"
"WAS08","Oroshi Wasabi 800g","grocery","STANDARD_INVENTORY","INVESTIGATE - Should have vendor, check if imported correctly","2026-01-22"
"PRD0488","Peach, Yellow 1flat","produce","STANDARD_INVENTORY","INVESTIGATE - Should have vendor, check if imported correctly","2026-01-22"
"GV182","Porcini Powder 1lb","grocery","STANDARD_INVENTORY","INVESTIGATE - Should have vendor, check if imported correctly","2026-01-22"
"IT01751","Orange Juice - Food 1gal","produce","STANDARD_INVENTORY","INVESTIGATE - Should have vendor, check if imported correctly","2026-01-22"
"IT16482","Oregano 1lb","grocery","STANDARD_INVENTORY","INVESTIGATE - Should have vendor, check if imported correctly","2026-01-22"
"IT05659","Pear Vinegar 1gal","grocery","STANDARD_INVENTORY","INVESTIGATE - Should have vendor, check if imported correctly","2026-01-22"
"IT13888","Pomegranate Juice 24fl.oz","grocery","STANDARD_INVENTORY","INVESTIGATE - Should have vendor, check if imported correctly","2026-01-22"
"IT81432","Pomegranate Molasses 12.7oz","grocery","STANDARD_INVENTORY","INVESTIGATE - Should have vendor, check if imported correctly","2026-01-22"
"IT30554","Ponzu 1gal","grocery","STANDARD_INVENTORY","INVESTIGATE - Should have vendor, check if imported correctly","2026-01-22"
"SPP100","Paprika Smoked, Spanish 1lb","grocery","STANDARD_INVENTORY","INVESTIGATE - Should have vendor, check if imported correctly","2026-01-22"
"IT71096","Oyster Sauce Jar 1each","grocery","STANDARD_INVENTORY","INVESTIGATE - Should have vendor, check if imported correctly","2026-01-22"
"VIN006","Red Vinegar 1each","grocery","STANDARD_INVENTORY","INVESTIGATE - Should have vendor, check if imported correctly","2026-01-22"
"IT27981","Paprika, Smoked 1lb","grocery","STANDARD_INVENTORY","INVESTIGATE - Should have vendor, check if imported correctly","2026-01-22"
"IT01241","Passionfruit - Food 1each","produce","STANDARD_INVENTORY","INVESTIGATE - Should have vendor, check if imported correctly","2026-01-22"
"IT99518","Pea Shoots 1lb","produce","STANDARD_INVENTORY","INVESTIGATE - Should have vendor, check if imported correctly","2026-01-22"
"IT22444","Pea Tendrils 1lb","produce","STANDARD_INVENTORY","INVESTIGATE - Should have vendor, check if imported correctly","2026-01-22"
"IT01671","Radicchio, White 1Case","produce","STANDARD_INVENTORY","INVESTIGATE - Should have vendor, check if imported correctly","2026-01-22"
"IT04809","Red Wine Vinegar 1gal","grocery","STANDARD_INVENTORY","INVESTIGATE - Should have vendor, check if imported correctly","2026-01-22"
"IT30273","Red Yuzu Kosho 2.82oz","grocery","STANDARD_INVENTORY","INVESTIGATE - Should have vendor, check if imported correctly","2026-01-22"
"IT16481","Rice Bran Oil - Food 35lb","grocery","STANDARD_INVENTORY","INVESTIGATE - Should have vendor, check if imported correctly","2026-01-22"
"IT75760","Rice Vinegar 1gal","grocery","STANDARD_INVENTORY","INVESTIGATE - Should have vendor, check if imported correctly","2026-01-22"
"IT10118854","Rice Wine Vinegar 1gal","grocery","STANDARD_INVENTORY","INVESTIGATE - Should have vendor, check if imported correctly","2026-01-22"
"IT00850","Rosemary 1lb","produce","STANDARD_INVENTORY","INVESTIGATE - Should have vendor, check if imported correctly","2026-01-22"
"IT09598","Rosemary 4oz","produce","STANDARD_INVENTORY","INVESTIGATE - Should have vendor, check if imported correctly","2026-01-22"
"IT673","Rustic Loaf 1each","bakery","STANDARD_INVENTORY","INVESTIGATE - Should have vendor, check if imported correctly","2026-01-22"
"BKGENSESAME","Sesame Sourdough 1each","bakery","STANDARD_INVENTORY","INVESTIGATE - Should have vendor, check if imported correctly","2026-01-22"
"IT28177","Radicchio 1head","produce","STANDARD_INVENTORY","INVESTIGATE - Should have vendor, check if imported correctly","2026-01-22"
"IT10060","Sesame Oil 1gal","grocery","STANDARD_INVENTORY","INVESTIGATE - Should have vendor, check if imported correctly","2026-01-22"
"DAS04","Shiro Dashi 60fl.oz","grocery","STANDARD_INVENTORY","INVESTIGATE - Should have vendor, check if imported correctly","2026-01-22"
"MISC001","Shiro Miso 1kg","grocery","STANDARD_INVENTORY","INVESTIGATE - Should have vendor, check if imported correctly","2026-01-22"
"VN149207","Shiro Shoyu 60fl.oz","grocery","STANDARD_INVENTORY","INVESTIGATE - Should have vendor, check if imported correctly","2026-01-22"
"IT01052","Raspberry 1Case","produce","STANDARD_INVENTORY","INVESTIGATE - Should have vendor, check if imported correctly","2026-01-22"
"IT00621","Shallot, Peeled 1lb","produce","STANDARD_INVENTORY","INVESTIGATE - Should have vendor, check if imported correctly","2026-01-22"
"IT13593","Sherry Vinegar 1gal","grocery","STANDARD_INVENTORY","INVESTIGATE - Should have vendor, check if imported correctly","2026-01-22"
"IT10814155N","Shio Koji 500ml","grocery","STANDARD_INVENTORY","INVESTIGATE - Should have vendor, check if imported correctly","2026-01-22"
"CHUK01","Seaweed Salad, Japan 1lb","produce","STANDARD_INVENTORY","INVESTIGATE - Should have vendor, check if imported correctly","2026-01-22"
"WAK04","Seaweed Fresh, Wakameg 1lb","produce","STANDARD_INVENTORY","INVESTIGATE - Should have vendor, check if imported correctly","2026-01-22"
"SAL01","Soy Salt MOROMI SHIZUKU 1pack","grocery","STANDARD_INVENTORY","INVESTIGATE - Should have vendor, check if imported correctly","2026-01-22"
"IT11768","Soy Paper White 20each","grocery","STANDARD_INVENTORY","INVESTIGATE - Should have vendor, check if imported correctly","2026-01-22"
"IT39211","Roasted Sesame Dressing 64fl.oz","grocery","STANDARD_INVENTORY","INVESTIGATE - Should have vendor, check if imported correctly","2026-01-22"
"IT00879","Romaine Heart, Case 1lb","produce","STANDARD_INVENTORY","INVESTIGATE - Should have vendor, check if imported correctly","2026-01-22"
"IT22559","Saffron 1oz","grocery","STANDARD_INVENTORY","INVESTIGATE - Should have vendor, check if imported correctly","2026-01-22"
"IT11692","Sake, Seasoned 18L","grocery","STANDARD_INVENTORY","INVESTIGATE - Should have vendor, check if imported correctly","2026-01-22"
"IT10517265","Salted Dulce de Leche Gelato 5L","dairy","STANDARD_INVENTORY","INVESTIGATE - Should have vendor, check if imported correctly","2026-01-22"
"IT1773","Sambal Oelek, Sauce 18oz","grocery","STANDARD_INVENTORY","INVESTIGATE - Should have vendor, check if imported correctly","2026-01-22"
"IT25550","Sambal Sauce 1gal","grocery","STANDARD_INVENTORY","INVESTIGATE - Should have vendor, check if imported correctly","2026-01-22"
"IT13427","Sasa (Bamboo Leaf) 100each","produce","STANDARD_INVENTORY","INVESTIGATE - Should have vendor, check if imported correctly","2026-01-22"
"GS116","Soy Sauce, Lite 64fl.oz","grocery","STANDARD_INVENTORY","INVESTIGATE - Should have vendor, check if imported correctly","2026-01-22"
"SPA101","Star Anise 8oz","grocery","STANDARD_INVENTORY","INVESTIGATE - Should have vendor, check if imported correctly","2026-01-22"
"SUD03","Sudachi Citrus Juice 1each","grocery","STANDARD_INVENTORY","INVESTIGATE - Should have vendor, check if imported correctly","2026-01-22"
"UF50141","Tapatio 1gal","grocery","STANDARD_INVENTORY","INVESTIGATE - Should have vendor, check if imported correctly","2026-01-22"
"IT40403","Shitake Mushroom 1Case","produce","STANDARD_INVENTORY","INVESTIGATE - Should have vendor, check if imported correctly","2026-01-22"
"IT10457362","Strawberry Cheesecake Gelato 5L","dairy","STANDARD_INVENTORY","INVESTIGATE - Should have vendor, check if imported correctly","2026-01-22"
"IT10011","Tarragon 4oz","produce","STANDARD_INVENTORY","INVESTIGATE - Should have vendor, check if imported correctly","2026-01-22"
"SPS150","Sumac 1lb","grocery","STANDARD_INVENTORY","INVESTIGATE - Should have vendor, check if imported correctly","2026-01-22"
"VIN125","Sushi Seasoning 1case","grocery","STANDARD_INVENTORY","INVESTIGATE - Should have vendor, check if imported correctly","2026-01-22"
"GD130","Sweet Relish 1gal","grocery","STANDARD_INVENTORY","INVESTIGATE - Should have vendor, check if imported correctly","2026-01-22"
"TAKU02","Takuwan Shintaro,Pickled Radish 1pack","grocery","STANDARD_INVENTORY","INVESTIGATE - Should have vendor, check if imported correctly","2026-01-22"
"VNR154937","tilamook sharp Cheddar 1lb","dairy","STANDARD_INVENTORY","INVESTIGATE - Should have vendor, check if imported correctly","2026-01-22"
"STS24","Truffle Salt 14oz","grocery","STANDARD_INVENTORY","INVESTIGATE - Should have vendor, check if imported correctly","2026-01-22"
"IT30319","SUIHANYO MIOLA 1each","grocery","STANDARD_INVENTORY","INVESTIGATE - Should have vendor, check if imported correctly","2026-01-22"
"IT24723","Sumac 18oz","grocery","STANDARD_INVENTORY","INVESTIGATE - Should have vendor, check if imported correctly","2026-01-22"
"IT10359658","Tahini 1lb","grocery","STANDARD_INVENTORY","INVESTIGATE - Should have vendor, check if imported correctly","2026-01-22"
"IT63019","TAKA TOKUYO KIZAMI 1each","grocery","STANDARD_INVENTORY","INVESTIGATE - Should have vendor, check if imported correctly","2026-01-22"
"IT07797","Tangerine - Food 1Case","produce","STANDARD_INVENTORY","INVESTIGATE - Should have vendor, check if imported correctly","2026-01-22"
"IT01692","Thyme 1oz","produce","STANDARD_INVENTORY","INVESTIGATE - Should have vendor, check if imported correctly","2026-01-22"
"IT10012","Thyme 4oz","produce","STANDARD_INVENTORY","INVESTIGATE - Should have vendor, check if imported correctly","2026-01-22"
"IT25278","Tomato, Baby Heirloom Mix 1pint","produce","STANDARD_INVENTORY","INVESTIGATE - Should have vendor, check if imported correctly","2026-01-22"
"IT25276","Tomato, Heirloom Mix 1case","produce","STANDARD_INVENTORY","INVESTIGATE - Should have vendor, check if imported correctly","2026-01-22"
"IT03279","Tuscan Black Kale 1bunch","produce","STANDARD_INVENTORY","INVESTIGATE - Should have vendor, check if imported correctly","2026-01-22"
"GCV111F","Valrhona Chocolate Jivara 40% Feves 3kg","grocery","STANDARD_INVENTORY","INVESTIGATE - Should have vendor, check if imported correctly","2026-01-22"
"GB335T","Vanilla Extract 32oz","grocery","STANDARD_INVENTORY","INVESTIGATE - Should have vendor, check if imported correctly","2026-01-22"
"EI142623","Vanilla Bean Paste 32oz","grocery","STANDARD_INVENTORY","INVESTIGATE - Should have vendor, check if imported correctly","2026-01-22"
"IT66814","Thai Basil 4oz","produce","STANDARD_INVENTORY","INVESTIGATE - Should have vendor, check if imported correctly","2026-01-22"
"IT55722","Turnip, Baby 1Bunch","produce","STANDARD_INVENTORY","INVESTIGATE - Should have vendor, check if imported correctly","2026-01-22"
"IT934037N","Uno Stabalizer 1lb","grocery","STANDARD_INVENTORY","INVESTIGATE - Should have vendor, check if imported correctly","2026-01-22"
"IT10322193","Chocolate 55% - Food 1kg","grocery","STANDARD_INVENTORY","INVESTIGATE - Should have vendor, check if imported correctly","2026-01-22"
"IT10941613","Flatbread 9x6 192g","grocery","STANDARD_INVENTORY","INVESTIGATE - Should have vendor, check if imported correctly","2026-01-22"
"IT60750","Wakame 1lb","produce","STANDARD_INVENTORY","INVESTIGATE - Should have vendor, check if imported correctly","2026-01-22"
"IT12372","Worcestershire Sauce 1gal","grocery","STANDARD_INVENTORY","INVESTIGATE - Should have vendor, check if imported correctly","2026-01-22"
"WASB003","Wasabi Root, Mazuma 0.6lb","produce","STANDARD_INVENTORY","INVESTIGATE - Should have vendor, check if imported correctly","2026-01-22"
"PRD1242","Winter Squash, Honeynut 1lb","produce","STANDARD_INVENTORY","INVESTIGATE - Should have vendor, check if imported correctly","2026-01-22"
"SAT01","Yamagobo 500g","grocery","STANDARD_INVENTORY","INVESTIGATE - Should have vendor, check if imported correctly","2026-01-22"
"IT02855","YEAST-DRY ACTIVE 2lb","grocery","STANDARD_INVENTORY","INVESTIGATE - Should have vendor, check if imported correctly","2026-01-22"
"GM327","Yellow Mustard - Food 105oz","grocery","STANDARD_INVENTORY","INVESTIGATE - Should have vendor, check if imported correctly","2026-01-22"
"YUZ02","Yuzu Juice 900ml","grocery","STANDARD_INVENTORY","INVESTIGATE - Should have vendor, check if imported correctly","2026-01-22"
"YUZ01","Yuzu Kosho 80g","grocery","STANDARD_INVENTORY","INVESTIGATE - Should have vendor, check if imported correctly","2026-01-22"
"PON01","Yuzu Ponzu 1gal","grocery","STANDARD_INVENTORY","INVESTIGATE - Should have vendor, check if imported correctly","2026-01-22"
"IT33614","Yuzu Salt 1each","grocery","STANDARD_INVENTORY","INVESTIGATE - Should have vendor, check if imported correctly","2026-01-22"
"IT24763","Zaatar 1lb","grocery","STANDARD_INVENTORY","INVESTIGATE - Should have vendor, check if imported correctly","2026-01-22"
"KAN01","Kanzuri 1each","grocery","STANDARD_INVENTORY","INVESTIGATE - Should have vendor, check if imported correctly","2026-01-22"
"LQGENLICOR7","Licor 43 750ml","liquor","UNKNOWN","INVESTIGATE - Unclear if should have vendor code","2026-01-21"
"WNGENMASAMI","Mas Amiel, '30 Ans d'Age', Vin Doux Naturel 750ml","wine","UNKNOWN","INVESTIGATE - Unclear if should have vendor code","2026-01-21"
"WNGENTIOPEP","Tio Pepe Fino Sherry 750ml","wine","UNKNOWN","INVESTIGATE - Unclear if should have vendor code","2026-01-21"
"FDGENLIMEJU","Lime Juice (10L Bag-in-Box)","food","UNKNOWN","INVESTIGATE - Unclear if should have vendor code","2025-11-18"
"FDTHEWALNUT","Walnut Halves Pitt #7 (1/5 lb Box)","food","UNKNOWN","INVESTIGATE - Unclear if should have vendor code","2025-11-20"
"WNGENMOETBR","Moet - Brut "Splits" 187ml","wine","UNKNOWN","INVESTIGATE - Unclear if should have vendor code","2026-01-21"
"ARDBEG10YR","Ardbeg Malt 10 Year","liquor","UNKNOWN","INVESTIGATE - Unclear if should have vendor code","2026-01-21"
"IT818TEQRES","818 Tequila Eight Reserve","liquor","UNKNOWN","INVESTIGATE - Unclear if should have vendor code","2026-01-20"
"IT818TEQUREPO","818 Tequila Reposado (6/Case)","liquor","UNKNOWN","INVESTIGATE - Unclear if should have vendor code","2026-01-20"
"ANCHOVERDE","Ancho Reyes Verde Chile Poblano Liqueur","liquor","UNKNOWN","INVESTIGATE - Unclear if should have vendor code","2026-01-20"
"WNGENMOETNE","Moet, 'Nectar' Rose Champagne 750ml","wine","UNKNOWN","INVESTIGATE - Unclear if should have vendor code","2026-01-21"
"WNGENRAVENE","Raveneau, Petit Chablis 1.5L","wine","UNKNOWN","INVESTIGATE - Unclear if should have vendor code","2026-01-21"
"WNGENDELIVE","delivery fee 1each","wine","UNKNOWN","INVESTIGATE - Unclear if should have vendor code","2026-01-21"
"WNGENMEZZAC","Mezzacorona Pinot Grigio 1.5L","wine","UNKNOWN","INVESTIGATE - Unclear if should have vendor code","2026-01-21"
"GIFFHEDOGES","Giffard Villa De Hedoges","liquor","UNKNOWN","INVESTIGATE - Unclear if should have vendor code","2026-01-23"
"IT60768","Osborme Sherry Fino 750ml","wine","UNKNOWN","INVESTIGATE - Unclear if should have vendor code","2026-01-21"
"KOMOSANEJRES","Komos Tequila Anejo Reserva","liquor","UNKNOWN","INVESTIGATE - Unclear if should have vendor code","2026-01-23"
"APEROLLIQ6CT","Aperol Liqueur","liquor","UNKNOWN","INVESTIGATE - Unclear if should have vendor code","2026-01-21"
"LQGENCHARGE01","Charge: Shipping","liquor","UNKNOWN","INVESTIGATE - Unclear if should have vendor code","2026-01-22"
"HAKUMALT12YR","Hakushu Japanese Malt 12 Year","liquor","UNKNOWN","INVESTIGATE - Unclear if should have vendor code","2026-01-23"
"IT818TEQANJ6","818 Tequila Anejo (6/750ml)","liquor","UNKNOWN","INVESTIGATE - Unclear if should have vendor code","2026-01-20"
"IT16569","Amaro Nonino 750ml","liquor","UNKNOWN","INVESTIGATE - Unclear if should have vendor code","2026-01-21"
"IT818TEQBLNC","818 Tequila Blanco (6/750ml)","liquor","UNKNOWN","INVESTIGATE - Unclear if should have vendor code","2026-01-20"
"BELVVODKA10L","Belvedere Organic Vodka","liquor","UNKNOWN","INVESTIGATE - Unclear if should have vendor code","2026-01-21"
"BELVVODKAORG","Belvedere Organic Vodka","liquor","UNKNOWN","INVESTIGATE - Unclear if should have vendor code","2026-01-21"
"CODTEQANEJ","Codigo Tequila Anejo","liquor","UNKNOWN","INVESTIGATE - Unclear if should have vendor code","2026-01-24"
"LQGENBARTON","Barton Reserve Cooking Whiskey 1L","liquor","UNKNOWN","INVESTIGATE - Unclear if should have vendor code","2026-01-21"
"BTTMNXCLTL6CS","Bittermens Xocolatl Mole Bitters","liquor","UNKNOWN","INVESTIGATE - Unclear if should have vendor code","2026-01-21"
"ZABSHONEY1G","Zab's Hot Honey 1gal","food","UNKNOWN","INVESTIGATE - Unclear if should have vendor code","2026-01-25"
"BULLRYE","Bulleit Rye Whiskey","liquor","UNKNOWN","INVESTIGATE - Unclear if should have vendor code","2026-01-21"
"LQGENCYNAR0","Cynar 1L","liquor","UNKNOWN","INVESTIGATE - Unclear if should have vendor code","2026-01-21"
"FDGENMAYONN","Mayonnaise Hellmans Extra Heavy (4/1 Gallon)","food","UNKNOWN","INVESTIGATE - Unclear if should have vendor code","2025-11-20"
"LQGENAVERNA","Averna 750ml","liquor","UNKNOWN","INVESTIGATE - Unclear if should have vendor code","2026-01-21"
"CASAMZCL750","Casamigos Mezcal Joven","liquor","UNKNOWN","INVESTIGATE - Unclear if should have vendor code","2026-01-21"
"IT28279","Lagavulin 16yr 750ml","liquor","UNKNOWN","INVESTIGATE - Unclear if should have vendor code","2026-01-21"
"FDGENEXTRAV","Extra Virgin Olive Oil Truly (1/10L)","food","UNKNOWN","INVESTIGATE - Unclear if should have vendor code","2025-11-20"
"NAGENAQUAPA","Aqua Panna Still Water 300ml 330ml","non_alcoholic_beverage","UNKNOWN","INVESTIGATE - Unclear if should have vendor code","2026-01-21"
"NAGENCOKEZE","Coke Zero 8fl.oz","non_alcoholic_beverage","UNKNOWN","INVESTIGATE - Unclear if should have vendor code","2026-01-21"
"CASATEQREPO","Casamigos Tequila Reposado","liquor","UNKNOWN","INVESTIGATE - Unclear if should have vendor code","2026-01-21"
"IT519312","Acqua Panna 750ml","non_alcoholic_beverage","UNKNOWN","INVESTIGATE - Unclear if should have vendor code","2026-01-21"
"IT24672","Johnnie Walker Black 1L","liquor","UNKNOWN","INVESTIGATE - Unclear if should have vendor code","2026-01-21"
"IT19307","Dewars White Label 1L","liquor","UNKNOWN","INVESTIGATE - Unclear if should have vendor code","2026-01-21"
"IT34492","Luxardo Sambuca 750ml","liquor","UNKNOWN","INVESTIGATE - Unclear if should have vendor code","2026-01-21"
"IT31393","Jagermeister 1L","liquor","UNKNOWN","INVESTIGATE - Unclear if should have vendor code","2026-01-21"
"CINCOROBLNC750","Cincoro Tequila Blanco","liquor","UNKNOWN","INVESTIGATE - Unclear if should have vendor code","2026-01-21"
"MOETBRUT750","Moet Imperial Brut Champagne 750ml","wine","UNKNOWN","INVESTIGATE - Unclear if should have vendor code","2026-01-27"
"FEEFOAMCS","Fee Brothers Fee Foam","liquor","UNKNOWN","INVESTIGATE - Unclear if should have vendor code","2026-01-21"
"CARDAMARO","Cardamaro Vino Amaro","liquor","UNKNOWN","INVESTIGATE - Unclear if should have vendor code","2026-01-21"
"IT662","Bud Light 12fl.oz","beer","UNKNOWN","INVESTIGATE - Unclear if should have vendor code","2026-01-21"
"IT001205001","Pork Chop, Frenched 1lb","meat","UNKNOWN","INVESTIGATE - Unclear if should have vendor code","2026-01-22"
"IT001224101","Beef Bresaola 1lb","meat","UNKNOWN","INVESTIGATE - Unclear if should have vendor code","2026-01-22"
"IT001790301","Beef Slider, 2oz Patty 1lb","meat","UNKNOWN","INVESTIGATE - Unclear if should have vendor code","2026-01-22"
"HAMA01","Yellowtail 1lb","seafood","UNKNOWN","INVESTIGATE - Unclear if should have vendor code","2026-01-22"
"AMA01","Amadai (Tile Fish) 1lb","seafood","UNKNOWN","INVESTIGATE - Unclear if should have vendor code","2026-01-22"
"IT2ANVROUGE6","Ashes & Diamonds, 'No. 6", Red Wine 750ml","wine","UNKNOWN","INVESTIGATE - Unclear if should have vendor code","2026-01-21"
"JULPEACHLIQ","Juliette Royale Peach Liqueur","liquor","UNKNOWN","INVESTIGATE - Unclear if should have vendor code","2026-01-23"
"KIN01","Alfonsino (Kinme) 1lb","seafood","UNKNOWN","INVESTIGATE - Unclear if should have vendor code","2026-01-22"
"BREAM03","Black Sea Bream, Kurodai 1lb","seafood","UNKNOWN","INVESTIGATE - Unclear if should have vendor code","2026-01-22"
"IT001741801","Beef Tenderloin 5 up 1lb","meat","UNKNOWN","INVESTIGATE - Unclear if should have vendor code","2026-01-22"
"IT001738401","Beef, Ground 1lb","meat","UNKNOWN","INVESTIGATE - Unclear if should have vendor code","2026-01-22"
"IT000411701","Beef, Patty Premium Mix 1lb","meat","UNKNOWN","INVESTIGATE - Unclear if should have vendor code","2026-01-22"
"IT008101101","Black Cod 1lb","seafood","UNKNOWN","INVESTIGATE - Unclear if should have vendor code","2026-01-22"
"IT00363181","Black Tiger Shrimp 1lb","seafood","UNKNOWN","INVESTIGATE - Unclear if should have vendor code","2026-01-22"
"IT001746301","Bone Marrow 1lb","meat","UNKNOWN","INVESTIGATE - Unclear if should have vendor code","2026-01-22"
"IT001685601","Boss Pasterurized Crab Meat 1tin","seafood","UNKNOWN","INVESTIGATE - Unclear if should have vendor code","2026-01-22"
"IT001632901","Branzino 1lb","seafood","UNKNOWN","INVESTIGATE - Unclear if should have vendor code","2026-01-22"
"IT11235532","Branzino, Euro 1lb","seafood","UNKNOWN","INVESTIGATE - Unclear if should have vendor code","2026-01-22"
"IT002049001","Chicken Breast 1lb","meat","UNKNOWN","INVESTIGATE - Unclear if should have vendor code","2026-01-22"
"IT002109001","Chicken Cage Bones 1lb","meat","UNKNOWN","INVESTIGATE - Unclear if should have vendor code","2026-01-22"
"IT009007101","Chicken Feet 1lb","meat","UNKNOWN","INVESTIGATE - Unclear if should have vendor code","2026-01-22"
"IT002102801","Chicken Leg 1lb","meat","UNKNOWN","INVESTIGATE - Unclear if should have vendor code","2026-01-22"
"IT002016001","Chicken Tender, Breaded 1lb","meat","UNKNOWN","INVESTIGATE - Unclear if should have vendor code","2026-01-22"
"IT002050301","Chicken Thigh 1lb","meat","UNKNOWN","INVESTIGATE - Unclear if should have vendor code","2026-01-22"
"IT002108601","Chicken Thigh, Boneless 1lb","meat","UNKNOWN","INVESTIGATE - Unclear if should have vendor code","2026-01-22"
"IT002097001","Chicken Wing 1lb","meat","UNKNOWN","INVESTIGATE - Unclear if should have vendor code","2026-01-22"
"IT002201501","Chicken Wing, Jumbo 1lb","meat","UNKNOWN","INVESTIGATE - Unclear if should have vendor code","2026-01-22"
"IT002201601","Chicken- 8OZ SPLIT ROCKY 1lb","meat","UNKNOWN","INVESTIGATE - Unclear if should have vendor code","2026-01-22"
"IT002014701","Chicken, Boneless Whole 1lb","meat","UNKNOWN","INVESTIGATE - Unclear if should have vendor code","2026-01-22"
"IT926946","Calabrese, Salame 1lb","meat","UNKNOWN","INVESTIGATE - Unclear if should have vendor code","2026-01-22"
"LOBS09","Cooked Lobster 1lb","seafood","UNKNOWN","INVESTIGATE - Unclear if should have vendor code","2026-01-22"
"IT002106001","Chicken, Whole 1lb","meat","UNKNOWN","INVESTIGATE - Unclear if should have vendor code","2026-01-22"
"IT001309801","Chorizo 1lb","meat","UNKNOWN","INVESTIGATE - Unclear if should have vendor code","2026-01-22"
"IT000903301","Cornish Hen 1lb","meat","UNKNOWN","INVESTIGATE - Unclear if should have vendor code","2026-01-22"
"BANN21","Cuttlefish 1lb","seafood","UNKNOWN","INVESTIGATE - Unclear if should have vendor code","2026-01-22"
"EBI5L","Ebi, Butterfly Shrimp 1each","seafood","UNKNOWN","INVESTIGATE - Unclear if should have vendor code","2026-01-22"
"IT000902601","Duck Bones, Frozen 1lb","meat","UNKNOWN","INVESTIGATE - Unclear if should have vendor code","2026-01-22"
"IT003801401","Duck Breast 1lb","meat","UNKNOWN","INVESTIGATE - Unclear if should have vendor code","2026-01-22"
"IT003801001","Duck Breast, Boneless 1lb","meat","UNKNOWN","INVESTIGATE - Unclear if should have vendor code","2026-01-22"
"IT009027301","Duck Fat 1lb","meat","UNKNOWN","INVESTIGATE - Unclear if should have vendor code","2026-01-22"
"IT009045401","Duck Leg 1lb","meat","UNKNOWN","INVESTIGATE - Unclear if should have vendor code","2026-01-22"
"IT007000301","Crab Meat 1lb","seafood","UNKNOWN","INVESTIGATE - Unclear if should have vendor code","2026-01-22"
"IT008000801","Fish Bones 1lb","seafood","UNKNOWN","INVESTIGATE - Unclear if should have vendor code","2026-01-22"
"IT11201270","Crab Meat, Lump 1tin","seafood","UNKNOWN","INVESTIGATE - Unclear if should have vendor code","2026-01-22"
"IT10901250","Dover Sole 1lb","seafood","UNKNOWN","INVESTIGATE - Unclear if should have vendor code","2026-01-22"
"IT001797001","Filet Mignon 1lb","meat","UNKNOWN","INVESTIGATE - Unclear if should have vendor code","2026-01-22"
"IT004162001","Filet Mignon, 9+ Score 1lb","meat","UNKNOWN","INVESTIGATE - Unclear if should have vendor code","2026-01-22"
"LQGENCAMPAR","Campari 750ml","liquor","UNKNOWN","INVESTIGATE - Unclear if should have vendor code","2026-01-21"
"KANP01","Kampachi 1lb","seafood","UNKNOWN","INVESTIGATE - Unclear if should have vendor code","2026-01-22"
"KANP08","Kanpachi, Amberjack 1lb","seafood","UNKNOWN","INVESTIGATE - Unclear if should have vendor code","2026-01-22"
"LOBS08","Lobster Claw Meat 1lb","seafood","UNKNOWN","INVESTIGATE - Unclear if should have vendor code","2026-01-22"
"TBF102","Loin, Spain Farmed 1lb","seafood","UNKNOWN","INVESTIGATE - Unclear if should have vendor code","2026-01-22"
"IT000651101","Lamb Bones 1lb","meat","UNKNOWN","INVESTIGATE - Unclear if should have vendor code","2026-01-22"
"IT001508801","Lamb Rack 1lb","meat","UNKNOWN","INVESTIGATE - Unclear if should have vendor code","2026-01-22"
"IT008303301","Littleneck Clams 1lb","seafood","UNKNOWN","INVESTIGATE - Unclear if should have vendor code","2026-01-22"
"IT003656301","Lobster Tails 1lb","seafood","UNKNOWN","INVESTIGATE - Unclear if should have vendor code","2026-01-22"
"IT001617701","Loup de Mer 1lb","seafood","UNKNOWN","INVESTIGATE - Unclear if should have vendor code","2026-01-22"
"MENT02","Mentaiko, Tube 1each","seafood","UNKNOWN","INVESTIGATE - Unclear if should have vendor code","2026-01-22"
"IT001305101","Molinari Salami 1lb","meat","UNKNOWN","INVESTIGATE - Unclear if should have vendor code","2026-01-22"
"IT001304901","Mortadella 1lb","meat","UNKNOWN","INVESTIGATE - Unclear if should have vendor code","2026-01-22"
"TAK03","Octopus, Raw 1lb","seafood","UNKNOWN","INVESTIGATE - Unclear if should have vendor code","2026-01-22"
"IT008001301","Mussels P.E.I. 1lb","seafood","UNKNOWN","INVESTIGATE - Unclear if should have vendor code","2026-01-22"
"IT008000401","Mussels, Farmed 1lb","seafood","UNKNOWN","INVESTIGATE - Unclear if should have vendor code","2026-01-22"
"IT004167201","New York Steak, 6-7 Score 1lb","meat","UNKNOWN","INVESTIGATE - Unclear if should have vendor code","2026-01-22"
"IT004043801","New York Steak, Prime 1lb","meat","UNKNOWN","INVESTIGATE - Unclear if should have vendor code","2026-01-22"
"LQGENCHARGE","Charge: CA Bottle Deposit","liquor","UNKNOWN","INVESTIGATE - Unclear if should have vendor code","2026-01-21"
"IT070134501","Outside Skirt 1lb","meat","UNKNOWN","INVESTIGATE - Unclear if should have vendor code","2026-01-22"
"IT007134501","Outside Skirt, Clean Prime 1lb","meat","UNKNOWN","INVESTIGATE - Unclear if should have vendor code","2026-01-22"
"IT001202301","Pork Belly Trimmed 1lb","meat","UNKNOWN","INVESTIGATE - Unclear if should have vendor code","2026-01-22"
"IT001212001","Pork Butt 1lb","meat","UNKNOWN","INVESTIGATE - Unclear if should have vendor code","2026-01-22"
"IT004101601","Rib Chop, French 1lb","meat","UNKNOWN","INVESTIGATE - Unclear if should have vendor code","2026-01-22"
"IT001767801","Ribeye, Lip, Creekstone 1lb","meat","UNKNOWN","INVESTIGATE - Unclear if should have vendor code","2026-01-22"
"TAI02","Red Sea Bream 1lb","seafood","UNKNOWN","INVESTIGATE - Unclear if should have vendor code","2026-01-22"
"IT001201901","Pork Loin Rib 1lb","meat","UNKNOWN","INVESTIGATE - Unclear if should have vendor code","2026-01-22"
"IT001704401","Porterhouse, Prime 1lb","meat","UNKNOWN","INVESTIGATE - Unclear if should have vendor code","2026-01-22"
"IT10464204N","Prosciutto, Italian Sliced 1lb","meat","UNKNOWN","INVESTIGATE - Unclear if should have vendor code","2026-01-22"
"AJI02","Shima Aji 1lb","seafood","UNKNOWN","INVESTIGATE - Unclear if should have vendor code","2026-01-22"
"VIN050810","Sopressata 1lb","meat","UNKNOWN","INVESTIGATE - Unclear if should have vendor code","2026-01-22"
"SALSCT002","Salmon, Whole 1lb","seafood","UNKNOWN","INVESTIGATE - Unclear if should have vendor code","2026-01-22"
"SAY01","Sayori 1lb","seafood","UNKNOWN","INVESTIGATE - Unclear if should have vendor code","2026-01-22"
"IT008001701","Rock Cod Fillet 30lb","seafood","UNKNOWN","INVESTIGATE - Unclear if should have vendor code","2026-01-22"
"IT003204001","Rose Pork Sausage Links 1lb","meat","UNKNOWN","INVESTIGATE - Unclear if should have vendor code","2026-01-22"
"IT008346001","Salmon, Faroe Island 1lb","seafood","UNKNOWN","INVESTIGATE - Unclear if should have vendor code","2026-01-22"
"IT001699901","Scallop (Hotate) 1lb","seafood","UNKNOWN","INVESTIGATE - Unclear if should have vendor code","2026-01-22"
"IT008006501","Seabass 1lb","seafood","UNKNOWN","INVESTIGATE - Unclear if should have vendor code","2026-01-22"
"IT10843175BC","Salame di Manzo 1lb","meat","UNKNOWN","INVESTIGATE - Unclear if should have vendor code","2026-01-22"
"IT003630601","Shrimp 16/20 1lb","seafood","UNKNOWN","INVESTIGATE - Unclear if should have vendor code","2026-01-22"
"IT008102701","Shrimp 21/25 1lb","seafood","UNKNOWN","INVESTIGATE - Unclear if should have vendor code","2026-01-22"
"TEM001","Shrimp Tempura, Tzekuri Case 1each","seafood","UNKNOWN","INVESTIGATE - Unclear if should have vendor code","2026-01-22"
"SNAPP01","Snapper, Red 1lb","seafood","UNKNOWN","INVESTIGATE - Unclear if should have vendor code","2026-01-22"
"IT003601401","shrimp 31-40 White 1lb","seafood","UNKNOWN","INVESTIGATE - Unclear if should have vendor code","2026-01-22"
"IT003636601","shrimp head on 10-12 1lb","seafood","UNKNOWN","INVESTIGATE - Unclear if should have vendor code","2026-01-22"
"IT001628901","Shrimp U7 1lb","seafood","UNKNOWN","INVESTIGATE - Unclear if should have vendor code","2026-01-22"
"IT001627601","Soft Shell Crab 1dozen","seafood","UNKNOWN","INVESTIGATE - Unclear if should have vendor code","2026-01-22"
"IT001609301","Steelhead Trout 1lb","seafood","UNKNOWN","INVESTIGATE - Unclear if should have vendor code","2026-01-22"
"IT30501196","Shrimp 8/12 1lb","seafood","UNKNOWN","INVESTIGATE - Unclear if should have vendor code","2026-01-22"
"TAC01","Tachiuo (Cutlassfish) 1lb","seafood","UNKNOWN","INVESTIGATE - Unclear if should have vendor code","2026-01-22"
"IT001733901","Tail Flap 1lb","meat","UNKNOWN","INVESTIGATE - Unclear if should have vendor code","2026-01-22"
"UNI101","Uni, Japan 1Tray","seafood","UNKNOWN","INVESTIGATE - Unclear if should have vendor code","2026-01-22"
"UNI01","Uni, Santa Barbara 1Tray","seafood","UNKNOWN","INVESTIGATE - Unclear if should have vendor code","2026-01-22"
"IT008225501","Tiger Prawn 1lb","seafood","UNKNOWN","INVESTIGATE - Unclear if should have vendor code","2026-01-22"
"IT004038201","Tri Tip 1lb","meat","UNKNOWN","INVESTIGATE - Unclear if should have vendor code","2026-01-22"
"IT001631401","Tuna, Big Eye 1lb","seafood","UNKNOWN","INVESTIGATE - Unclear if should have vendor code","2026-01-22"
"IT0080084","Tilapia 1lb","seafood","UNKNOWN","INVESTIGATE - Unclear if should have vendor code","2026-01-22"
"IT10706213","Tuna Loin 1lb","seafood","UNKNOWN","INVESTIGATE - Unclear if should have vendor code","2026-01-22"
"IT001614701","Thai Snapper 1lb","seafood","UNKNOWN","INVESTIGATE - Unclear if should have vendor code","2026-01-22"
"TUNK03","Tuna, Ground 1lb","seafood","UNKNOWN","INVESTIGATE - Unclear if should have vendor code","2026-01-22"
"TBF106","Tuna, Japan 1lb","seafood","UNKNOWN","INVESTIGATE - Unclear if should have vendor code","2026-01-22"
"TUNVIE01","Tuna, Minced 1lb","seafood","UNKNOWN","INVESTIGATE - Unclear if should have vendor code","2026-01-22"
"UNI00","Uni Maruhide 100g","seafood","UNKNOWN","INVESTIGATE - Unclear if should have vendor code","2026-01-22"
"UNI222","Uni, Australia 1Tray","seafood","UNKNOWN","INVESTIGATE - Unclear if should have vendor code","2026-01-22"
"UNI51","Uni, Mexico 1tray","seafood","UNKNOWN","INVESTIGATE - Unclear if should have vendor code","2026-01-22"
"IT004048201","Tomahawk, Creekstone 1lb","meat","UNKNOWN","INVESTIGATE - Unclear if should have vendor code","2026-01-22"
"IT007547001","Turkey Maple Sausage 1lb","meat","UNKNOWN","INVESTIGATE - Unclear if should have vendor code","2026-01-22"
"IT003111701","Turkey, Breast 1lb","meat","UNKNOWN","INVESTIGATE - Unclear if should have vendor code","2026-01-22"
"IT003505001","Veal Knuckle Bone 1lb","meat","UNKNOWN","INVESTIGATE - Unclear if should have vendor code","2026-01-22"
"LQGENMOUNTG","Mount Gay Ecliplse 1L","liquor","UNKNOWN","INVESTIGATE - Unclear if should have vendor code","2026-01-21"
"AJI04","Aji (Horse Mackerel) 1lb","seafood","UNKNOWN","INVESTIGATE - Unclear if should have vendor code","2026-01-22"
"IT003529801","Ora King Salmon 1lb","seafood","UNKNOWN","INVESTIGATE - Unclear if should have vendor code","2026-01-22"
"MASA01","Masago (Capelin Roe) 1lb","seafood","UNKNOWN","INVESTIGATE - Unclear if should have vendor code","2026-01-22"
"LQGENQUINTE","Quintessentia Nonino 750ml","liquor","UNKNOWN","INVESTIGATE - Unclear if should have vendor code","2026-01-21"
"LQSPELAPHRO","Laphroaig 10yr 750ml","liquor","UNKNOWN","INVESTIGATE - Unclear if should have vendor code","2026-01-21"
"IT9672161","Lyre's Coffee Originale (NA) 700ml","non_alcoholic_beverage","UNKNOWN","INVESTIGATE - Unclear if should have vendor code","2026-01-21"
"LQGENJOHNNI","Johnnie Walker Blue 1L","liquor","UNKNOWN","INVESTIGATE - Unclear if should have vendor code","2026-01-21"
"ESBBD01NV","Fino Bodegas Barbadillo 750ml","liquor","UNKNOWN","INVESTIGATE - Unclear if should have vendor code","2026-01-21"
"USXGE42NV","St George Basil Eau de Vie 750ml","liquor","UNKNOWN","INVESTIGATE - Unclear if should have vendor code","2026-01-21"
"LQGENJOHNNI01","Johnnie Walker Vault 700ml","liquor","UNKNOWN","INVESTIGATE - Unclear if should have vendor code","2026-01-21"
"LQGENKNOBCR","Knob Creek 1L","liquor","UNKNOWN","INVESTIGATE - Unclear if should have vendor code","2026-01-21"
"NAGENGREENA","Green Apple Juice 0.5gal","non_alcoholic_beverage","UNKNOWN","INVESTIGATE - Unclear if should have vendor code","2026-01-21"
"IT098765432109","Tito's Handmade Vodka 750mL","beer","UNKNOWN","INVESTIGATE - Unclear if should have vendor code","2025-11-09"
"NAGENAPPLEJ","Apple Juice 3L","non_alcoholic_beverage","UNKNOWN","INVESTIGATE - Unclear if should have vendor code","2026-01-21"
"BRGENMICHEL","Michelob Ultra 12fl.oz","beer","UNKNOWN","INVESTIGATE - Unclear if should have vendor code","2026-01-21"
"IT012345678901","Jack Daniel's Old No. 7 Tennessee Whiskey","beer","UNKNOWN","INVESTIGATE - Unclear if should have vendor code","2025-11-09"
"LQGENCARAVE","Caravella Limoncello 750ml","liquor","UNKNOWN","INVESTIGATE - Unclear if should have vendor code","2026-01-21"
"NAGENGINGER","Ginger Juice 0.5gal","non_alcoholic_beverage","UNKNOWN","INVESTIGATE - Unclear if should have vendor code","2026-01-21"
"LQSPEHIBIKI","Hibiki Harmony 750ml","liquor","UNKNOWN","INVESTIGATE - Unclear if should have vendor code","2026-01-21"
"NAGENPINEAP","Pineapple Juice 0.5gal","non_alcoholic_beverage","UNKNOWN","INVESTIGATE - Unclear if should have vendor code","2026-01-21"
"APEROLLIQ6CS","Aperol Liqueur (6/Case)","liquor","UNKNOWN","INVESTIGATE - Unclear if should have vendor code","2026-01-20"
"IT9672293","Lyres Agave Blanco 700ml","non_alcoholic_beverage","UNKNOWN","INVESTIGATE - Unclear if should have vendor code","2026-01-21"
"CASATEQBLA","Casamigos Tequila Blanco","liquor","UNKNOWN","INVESTIGATE - Unclear if should have vendor code","2026-01-21"
"IT400CMZCLESP","400 Conejos Mezcal Espadin","liquor","UNKNOWN","INVESTIGATE - Unclear if should have vendor code","2026-01-20"
"NASPECOKEBE","Coke - Bev 8fl.oz","non_alcoholic_beverage","UNKNOWN","INVESTIGATE - Unclear if should have vendor code","2026-01-21"
"NAGENGRAPEF","Grapefruit Juice 0.5gal","non_alcoholic_beverage","UNKNOWN","INVESTIGATE - Unclear if should have vendor code","2026-01-21"
"NAGENQUICKI","Quickie Juice 3L","non_alcoholic_beverage","UNKNOWN","INVESTIGATE - Unclear if should have vendor code","2026-01-21"
"FVTRELDRCS","Fever Tree Elderflower","liquor","UNKNOWN","INVESTIGATE - Unclear if should have vendor code","2026-01-21"
"IT10761","Yamazaki 12yr 750ml","liquor","UNKNOWN","INVESTIGATE - Unclear if should have vendor code","2026-01-21"
"NAGENMEXICA","Mexican Coke 12fl.oz","non_alcoholic_beverage","UNKNOWN","INVESTIGATE - Unclear if should have vendor code","2026-01-21"