Vendor SKU,Item Name,Pack Size,Category,Type,Total Spend,Order Count
"0022016-01","Chicken- 8OZ SPLIT ROCKY 1lb","1lb","5110 - Meat Cost","food",60939.30000000003,314
"0041672-01","New York Steak, Prime 1lb","1lb","5110 - Meat Cost","food",42518.74000000001,114
"55266","Acqua Panna - Bev 1L","12 x 1L","5335 - N/A Beverage Cost","beverage",42122.06,54
"VN053060","Rice Bran Oil - Food 35lb","35lb","5170 - Grocery and Dry Goods Cost","food",23049.50000000001,112
"411403","Don Julio 1942 750ml","6 x 750ml","5310 - Liquor Cost","beverage",22923,27
"76634","San Pellegrino 1L","12 x 1L","5335 - N/A Beverage Cost","beverage",20545.019999999997,57
"0041048-01","Filet Mignon 1lb","1lb","5110 - Meat Cost","food",20019.35,126
"0044713-01","Rib Chop, French 1lb","1lb","5110 - Meat Cost","food",19627.889999999992,83
"2A22CUVSM","Ashes & Diamonds, 'Saffron Mountain Cuvee', Cabernet Sauvignon 2022 750ml","12 x 750ml","5320 - Wine Cost","beverage",18921.92,12
"0020147-01","Chicken, Boneless Whole 1lb","1lb","5110 - Meat Cost","food",18661.590000000004,225
"11238503","Dover Sole 1lb","1lb","5120 - Seafood Cost","food",18104.160000000003,33
"893113","El Tesoro Blanco 750ml","6 x 750ml","5310 - Liquor Cost","beverage",17954.639999999996,59
"TBF103","Tuna, Blue Fin 1lb","1lb","5120 - Seafood Cost","food",17181.619999999995,42
"HAMA01","Hamachi 1lb","1lb","5120 - Seafood Cost","food",16437.299999999996,168
"05032","French Fries 1/4 1lb","27 x 1lb","5170 - Grocery and Dry Goods Cost","food",9143.600000000004,156
"JP-NIZ-41-23","Zankyo, 'Super 7', Junmai Daiginjo Sake 750ml","3 x 750ml","5320 - Wine Cost","beverage",8100,1
"0040230-01","Beef, Ground 1lb","1lb","5110 - Meat Cost","food",8018.219999999985,218
"0044495-01","Porterhouse, Prime 1lb","1lb","5110 - Meat Cost","food",7759.77,54
"VN090406AN","EVOO - Food 1gal","5 x 1gal","5170 - Grocery and Dry Goods Cost","food",7720.5700000000015,37
"SALSCT002","Salmon, Whole 1lb","1lb","5120 - Seafood Cost","food",6743.42,61
"GK115","Mini Ketchup 1each","60 x 1each","5170 - Grocery and Dry Goods Cost","food",6728.380000000003,83
"03136","Broccolini - Food 1each","18 x 1each","5140 - Produce Cost","food",6713.2100000000055,193
"644228","Monkey 47 1L","6 x 1L","5310 - Liquor Cost","beverage",6610.950000000001,22
"13120307","Chilean Seabass 1lb","10.5 x 1lb","5120 - Seafood Cost","food",6193.699999999999,14
"0036563-01","Lobster Tails 1lb","1lb","5120 - Seafood Cost","food",6063.030000000001,26
"0017970-01","Filet Mignon, Wagyu 1lb","1lb","5110 - Meat Cost","food",5808.1900000000005,32
"9767867","Billaud Simon, Chablis 2023 750ml","6 x 750ml","5320 - Wine Cost","beverage",5742,11
"TUNK03","Tuna, Ground 1lb","1lb","5120 - Seafood Cost","food",5395.5,64
"10404","EGG 15 DZ XLARGE LOOSE 1each","180 x 1each","5150 - Dairy Cost","food",5235.2000000000035,76
"TBF106","Tuna, Japan 1lb","1lb","5120 - Seafood Cost","food",4934.19,9
"0084111-01","Halibut 1lb","1lb","5120 - Seafood Cost","food",4369.9000000000015,29
"0035050-01","Veal Knuckle Bone 1lb","1lb","5110 - Meat Cost","food",4340,17
"VIN006","Red Vinegar 1each","1each","5170 - Grocery and Dry Goods Cost","food",4120,52
"18905","Verve Coffee 1(LB)","5 x 1(LB)","5335 - N/A Beverage Cost","beverage",4063.76,19
"13886","Butter, European Style 1lb","36 x 1lb","5150 - Dairy Cost","food",3998.5299999999993,23
"929211","Kewpie Mayonnaise 1gal","1gal","5170 - Grocery and Dry Goods Cost","food",3955.689999999996,77
"TEM001","Shrimp Tempura, Tzekuri Case 1each","1each","5120 - Seafood Cost","food",3909.9000000000005,56
"09919","Fever Tree Club Soda 500ml","8 x 500ml","5315 - Bar Consumables","beverage",3906,23
"GCV108FN","Chocolate 55% - Food 1kg","3 x 1kg","5170 - Grocery and Dry Goods Cost","food",3871.779999999997,42
"CP107","Grana Padano Cheese 1lb","1lb","5150 - Dairy Cost","food",3802.8200000000006,14
"91424","Lime 1lb","5 x 1lb","5315 - Bar Consumables","beverage",3717.6899999999982,212
"91417","Lemon - Bev 1lb","5 x 1lb","5315 - Bar Consumables","beverage",3697.3299999999963,229
"00308","Garlic Peeled 1lb","5 x 1lb","5140 - Produce Cost","food",3672.7400000000075,207
"CP112","Parmigiano Reggiano 1lb","1lb","5150 - Dairy Cost","food",3659.7500000000005,13
"03615","Cream 1gal","0.5 x 1gal","5150 - Dairy Cost","beverage",3636.3700000000067,203
"CMF19","Cascina Morassino, Barbaresco 2019 750ml","12 x 750ml","5320 - Wine Cost","beverage",3225.6,3
"0701345-01","Outside Skirt 1lb","1lb","5110 - Meat Cost","food",3183.88,18
"0070003-01","Jumbo Lump Crabmeat 1lb","1lb","5120 - Seafood Cost","food",2984.7299999999996,41
"0015194-01","Lamb Rack 1lb","1lb","5110 - Meat Cost","food",2964.6499999999996,29
"AJI02","Shima Aji 1lb","1lb","5120 - Seafood Cost","food",2875.039999999999,34
"0016815-01","Tuna, Big Eye 1lb","1lb","5120 - Seafood Cost","food",2872.74,25
"00621","Shallot, Peeled 1lb","5 x 1lb","5140 - Produce Cost","food",2825.3500000000045,157
"KIN01","Alfonsino (Kinme) 1lb","1lb","5120 - Seafood Cost","food",2789.8,42
"22002","Castelveltrano Olives 1lb","8 x 1lb","5315 - Bar Consumables","beverage",2719.02,49
"21716","Spinach 1lb","4 x 1lb","5140 - Produce Cost","food",2665.9600000000037,101
"GOM40505","Lemon EVOO 500ml","500ml","5170 - Grocery and Dry Goods Cost","food",2622.719999999999,56
"1853","La Colombe Cold Brew Concentrate BIB 3gal","3gal","5315 - Bar Consumables","beverage",2593.5,7
"0411717-01","Beef Slider, 2oz Patty 1lb","1lb","5110 - Meat Cost","food",2533.01,51
"0043416-01","Hanging Tender, Prime 1lb","1lb","5110 - Meat Cost","food",2507.36,77
"9619880","Komos Rosa Reposado 750ml","6 x 750ml","5310 - Liquor Cost","beverage",2471.84,6
"04987","Iceberg Baby Hearts 1head","40 x 1head","5140 - Produce Cost","food",2446.8700000000026,66
"21394","Creme Fraiche - Bev 1lb","4 x 1lb","5150 - Dairy Cost","beverage",2421.5299999999984,91
"0623942SX","Tenuta San Guido, 'Le Difese', Toscana IGT 2023 750ml","6 x 750ml","5320 - Wine Cost","beverage",2376,6
"GJ030M","Mini Honey Jars 1each","60 x 1each","5335 - N/A Beverage Cost","beverage",2288.38,10
"TBF102	","Tuna Loin 1lb","1lb","5120 - Seafood Cost","food",2216.51,3
"09562","Brussel Sprouts 1lb","3 x 1lb","5140 - Produce Cost","food",2213.5099999999998,126
"9713352","El Cristiano Extra Reposado 750ml","6 x 750ml","5310 - Liquor Cost","beverage",2201.2799999999997,5
"UNI15","Uni, Japan 1Tray","1Tray","5120 - Seafood Cost","food",2195,22
"19987","Romaine Hearts 1each","1each","5140 - Produce Cost","food",2120.850000000003,68
"19683","Cherry Tomato, Sungold 1bk","12 x 1bk","5140 - Produce Cost","food",2085.0700000000006,25
"64051","1Goma Mamenorisan (Soy Paper) 1each","40 x 1each","5170 - Grocery and Dry Goods Cost","food",2080,16
"09584","Cucumber - Bev 1each","3 x 1each","5315 - Bar Consumables","beverage",2076.319999999997,150
"09597","Italian Parsley - Food 1each","6 x 1each","5140 - Produce Cost","food",2045.979999999997,220
"39775","Stella Artois 11.2fl.oz","24 x 11.2fl.oz","5330 - Beer Cost","beverage",2021.2499999999993,19
"03769","Tangerine 1lb","5 x 1lb","5315 - Bar Consumables","beverage",2013.0300000000013,124
"1038396-B12","Chateau Pichon Baron 2000 750ml","750ml","5320 - Wine Cost","beverage",1980,1
"389170","Hibiki Harmony 750ml","6 x 750ml","5310 - Liquor Cost","beverage",1957,5
"426012","The Botanist 1L","6 x 1L","5310 - Liquor Cost","beverage",1954.1999999999996,10
"24568","Romaine Heart, Case 1lb","1lb","5140 - Produce Cost","food",1929.9199999999998,71
"557367","Aperol 1L","6 x 1L","5310 - Liquor Cost","beverage",1929.3299999999995,11
"0036100-01","Halibu, Alaskan 1lb","1lb","5120 - Seafood Cost","food",1914.47,14
"682019","Johnnie Walker Vault 700ml","700ml","5310 - Liquor Cost","beverage",1875,1
"20422","Sushi Rice 1lb","40 x 1lb","5170 - Grocery and Dry Goods Cost","food",1872,14
"10018","Green Onion - Food 1bunch","6 x 1bunch","5140 - Produce Cost","food",1857.4600000000012,190
"981523","Liquid Alchemist Passionfruit 375ml","6 x 375ml","5315 - Bar Consumables","beverage",1833.5,26
"BC701701N","Grape Seed Oil 1L","12 x 1L","5170 - Grocery and Dry Goods Cost","food",1831.2300000000005,34
"33121","Domaine De Montille, 'Clos du Chateau', Bourgogne Blanc 2021 750ml","12 x 750ml","5320 - Wine Cost","beverage",1830,3
"0016093-01","Steelhead Trout 1lb","1lb","5120 - Seafood Cost","food",1816.73,39
"UF49985N","Avocado Oil 1gal","1gal","5170 - Grocery and Dry Goods Cost","food",1803.5600000000002,28
"00778","Granulated Sugar - Bev 1lb","25 x 1lb","5315 - Bar Consumables","beverage",1753.2700000000018,63
"05802","Whole Milk 1gal","0.5 x 1gal","5150 - Dairy Cost","beverage",1731.8099999999984,183
"0081027-01","Shrimp 21/25 1lb","1lb","5120 - Seafood Cost","food",1725.96,47
"108131","Smith & Sheth, 'CRU', Chardonnay 2022 750ml","6 x 750ml","5320 - Wine Cost","beverage",1716,3
"77118","Garbanzo Bean, Canned 108oz","108oz","5170 - Grocery and Dry Goods Cost","food",1707.3700000000022,114
"0083460-01","Salmon, Faroe Island 1lb","1lb","5120 - Seafood Cost","food",1676.01,15
"WAS08","Oroshi Wasabi 800g","800g","5170 - Grocery and Dry Goods Cost","food",1661.5,63
"0038014-01","Duck Breast 1lb","1lb","5110 - Meat Cost","food",1652.65,21
"09593","Cilantro 1bunch","3 x 1bunch","5140 - Produce Cost","food",1644.890000000005,203
"679017","Joseph Phelps, 'Insignia', Red Blend 2022 750ml","6 x 750ml","5320 - Wine Cost","beverage",1642.5,1
"09564","Napa Cabbage 1each","3 x 1each","5140 - Produce Cost","food",1642.3999999999985,78
"09578","Orange - Bev 1lb","5 x 1lb","5315 - Bar Consumables","beverage",1639.1099999999985,153
"10771925","Tomato, Whole Peeled 102oz","6 x 102oz","5170 - Grocery and Dry Goods Cost","food",1620.790000000001,44
"25015","Kosher Salt 1lb","27 x 1lb","5170 - Grocery and Dry Goods Cost","food",1617.9,25
"593467","Dominus 2020 750ml","6 x 750ml","5320 - Wine Cost","beverage",1614,1
"108364","Le Ragnaie, 'Vecchie Vigne', Brunello di Montalcino 2020 750ml","6 x 750ml","5320 - Wine Cost","beverage",1600,1
"0083033-01","Littleneck Clams 1lb","1lb","5120 - Seafood Cost","food",1567.8,31
"GS109F","Franks Hot Sauce 1gal","4 x 1gal","5170 - Grocery and Dry Goods Cost","food",1561.12,50
"0012019-01","Pork Loin Rib 1lb","1lb","5110 - Meat Cost","food",1540.62,21
"137842-B12","Chateau Haut Brion 1982 750ml","750ml","5320 - Wine Cost","beverage",1515,1
"0037009-01","Hot Dog 1lb","1lb","5110 - Meat Cost","food",1489.4000000000003,12
"KANP02","Kampachi 1lb","1lb","5120 - Seafood Cost","food",1464.7799999999997,9
"10019","Onion, Jumbo 1lb","5 x 1lb","5140 - Produce Cost","food",1454.94,240
"28234","Potato Bun, 4" Frozen 12each","5 x 12each","5160 - Bakery Cost","food",1453.6600000000005,51
"03903","Parmesan 1lb","18 x 1lb","5150 - Dairy Cost","food",1422.56,5
"101291","Dirty Sue Olive Juice 375ml","12 x 375ml","5315 - Bar Consumables","beverage",1411.6,19
"1036144-B12","Chateau Ducru Beaucaillou 2008 750ml","750ml","5320 - Wine Cost","beverage",1410,2
"913418","Macallan Sherry Oak 86 750ml","750ml","5310 - Liquor Cost","beverage",1389.2400000000002,7
"01417","Lemon - Bev 1each","165 x 1each","5315 - Bar Consumables","beverage",1383.480000000001,46
"2522702SX","Bouchard, Corton Charlemagne 2022 750ml","6 x 750ml","5320 - Wine Cost","beverage",1356,1
"9756303","El Cristiano Mezcal 750ml","6 x 750ml","5310 - Liquor Cost","beverage",1343.22,3
"02317","American Cheese, Sliced 1lb","5 x 1lb","5150 - Dairy Cost","food",1334.8999999999987,70
"88951","Fresno Red 1lb","1lb","5315 - Bar Consumables","beverage",1321.61,122
"12906","Hen Of The Woods Mushroom 3.5oz","24 x 3.5oz","5140 - Produce Cost","food",1267.4699999999998,22
"VGS3501113","Vega Sicilia, 'Unico' 2013 750ml","750ml","5320 - Wine Cost","beverage",1250,1
"10965","Blue Corn Tortilla 6" 12each","6 x 12each","5170 - Grocery and Dry Goods Cost","food",1246.8700000000008,79
"SPJETDCOKE","Diet Coke - Bev 8fl.oz","24 x 8fl.oz","5335 - N/A Beverage Cost","beverage",1241.26,9
"10029","Bell Pepper, Red 1lb","5 x 1lb","5140 - Produce Cost","food",1240.6899999999991,111
"VN090400N","EVOO, New World Mission Valley - Food 1gal","2.5 x 1gal","5170 - Grocery and Dry Goods Cost","food",1238.15,12
"200335","Cointreau 750ml","12 x 750ml","5310 - Liquor Cost","beverage",1196.6399999999999,3
"6018001-10","Wagyu Striploin 1lb","1lb","5110 - Meat Cost","food",1194.29,2
"SCAL01","Scallop (Hotate) 1lb","1lb","5120 - Seafood Cost","food",1177.9899999999996,20
"GCV100FN","Valrhona Guanaja 70% Feves 1lb","1lb","5170 - Grocery and Dry Goods Cost","food",1173.09,9
"09587","Fennel 1each","3 x 1each","5140 - Produce Cost","food",1167.9199999999996,97
"0017678-01","Ribeye, Lip, Creekstone 1lb","1lb","5110 - Meat Cost","food",1150.72,1
"01270","Pear, Apple 18each","18each","5140 - Produce Cost","food",1133.6699999999996,33
"9612617","Komos Cristalino Anejo 750ml","6 x 750ml","5310 - Liquor Cost","beverage",1123.8600000000001,3
"25661","Russet Potato 1lb","5 x 1lb","5140 - Produce Cost","food",1120.489999999999,163
"0016856-01","Boss Pasterurized Crab Meat 1tin","1tin","5120 - Seafood Cost","food",1115.45,15
"HIR07","Hirame, Halibut 1lb","1lb","5120 - Seafood Cost","food",1111.1,17
"01684","Chives - Food 4oz","2 x 4oz","5140 - Produce Cost","food",1099.9199999999996,82
"1139691-B12","Chateau Cos d'Estournel 1990 750ml","750ml","5320 - Wine Cost","beverage",1095,1
"485639","Domaine Leflaive, 'Clavoillon', Puligny Montrachets 2022 750ml","750ml","5320 - Wine Cost","beverage",1092.75,1
"9713357","El Cristiano Silver 750ml","6 x 750ml","5310 - Liquor Cost","beverage",1086.9,5
"108983","Soy Sauce 1gal","5 x 1gal","5170 - Grocery and Dry Goods Cost","food",1081.5500000000002,17
"SPRSHGCOKE","Coke - Bev 8fl.oz","24 x 8fl.oz","5335 - N/A Beverage Cost","beverage",1076.72,10
"0016289-01","Shrimp U7 1lb","1lb","5120 - Seafood Cost","food",1066.32,15
"78168","Mango - Bev 1each","3 x 1each","5315 - Bar Consumables","beverage",1061.2299999999989,123
"611686","Caymus, 'Special Selection', Cabernet Sauvignon 2019 750ml","6 x 750ml","5320 - Wine Cost","beverage",1056,1
"1116547-B06","Chateau Les Carmes Haut Brion 2016 750ml","750ml","5320 - Wine Cost","beverage",1050,1
"1036118-B12","Chateau Calon Segur 2009 750ml","750ml","5320 - Wine Cost","beverage",1050,1
"25278","Tomato, Baby Heirloom Mix 1pint","12 x 1pint","5140 - Produce Cost","food",1042.6799999999998,36
"16433","Brown Sugar, Dark 1lb","50 x 1lb","5170 - Grocery and Dry Goods Cost","food",1034.8,14
"HIR11","Hirame (Fluke) 1lb","1lb","5120 - Seafood Cost","food",1005.0699999999999,14
"TAI02","Red Sea Bream 1lb","1lb","5120 - Seafood Cost","food",990.03,21
"40403","Shitake Mushroom 1Case","0.5 x 1Case","5140 - Produce Cost","food",976.14,40
"HOT06","Hokkaido Scallop 1lb","1lb","5120 - Seafood Cost","food",972,19
"63015","hangiri 10/100 each 10each","10each","5170 - Grocery and Dry Goods Cost","food",971.6,4
"77373","Romaine 1each","3 x 1each","5140 - Produce Cost","food",971.2200000000001,53
"9001901","Chopin Potato Vodka 1L","6 x 1L","5310 - Liquor Cost","beverage",942,5
"911821","El Tesoro Anejo 750ml","750ml","5310 - Liquor Cost","beverage",933.97,9
"USKIS3022","Kistler, 'Vine Hill', Chardonnay 2022 750ml","12 x 750ml","5320 - Wine Cost","beverage",900,1
"1124443-C06","Chateau Cos d'Estournel, 'Le Medoc de Cos' 2016 750ml","750ml","5320 - Wine Cost","beverage",900,1
"NC105","Peanuts 1lb","4 x 1lb","5170 - Grocery and Dry Goods Cost","food",895.7200000000001,28
"23755","Corn Tortilla 4" 12each","30 x 12each","5170 - Grocery and Dry Goods Cost","food",874.5500000000001,39
"514","White Levain XL, Loaf 1each","1each","5160 - Bakery Cost","food",870,22
"104063","White Cooking Wine 1L","3 x 1L","5170 - Grocery and Dry Goods Cost","food",868.19,33
"0017418-01","Beef Tenderloin 5 up 1lb","1lb","5110 - Meat Cost","food",867.19,1
"973347","Don Julio Anejo 750ml","750ml","5310 - Liquor Cost","beverage",866.7,6
"11866","Greek Yogurt 1quart","6 x 1quart","5150 - Dairy Cost","food",861.1400000000001,17
"10761","Yamazaki 12yr 750ml","750ml","5310 - Liquor Cost","beverage",853.14,4
"10015","Leek 1leek","3 x 1leek","5140 - Produce Cost","food",851.9499999999996,70
"10305297","Calabrian Pepper, Crushed 950g","950g","5170 - Grocery and Dry Goods Cost","food",846.0400000000001,52
"SPRSSPRTE","Sprite 8fl.oz","24 x 8fl.oz","5335 - N/A Beverage Cost","beverage",835.0899999999999,8
"03429","Micro Cilantro - Food 1pack","1pack","5140 - Produce Cost","food",829.759999999999,70
"USHIR2023","Hirsch Vineyards, 'The Bohan Dillon', Pinot Noir 2023 750ml","12 x 750ml","5320 - Wine Cost","beverage",816,1
"00790","Chives 1lb","1lb","5140 - Produce Cost","food",809.7699999999998,67
"10444781","Topo Chico 12fl.oz","24 x 12fl.oz","5335 - N/A Beverage Cost","beverage",805.69,21
"108366","Le Ragnaie, 'Casa Montisoli', Brunello di Montalcino 2020 750ml","6 x 750ml","5320 - Wine Cost","beverage",800,1
"10359","Cucumber, Hot House - Bev 1each","3 x 1each","5315 - Bar Consumables","beverage",795.4999999999999,46
"02325","Provolone Cheese 1lb","1lb","5150 - Dairy Cost","food",795.04,22
"233901","Cointreau 1L","6 x 1L","5310 - Liquor Cost","beverage",795,5
"579387","Luxardo Espresso 750ml","12 x 750ml","5310 - Liquor Cost","beverage",792,4
"1117021-B06","Clos Fourtet 2016 750ml","6 x 750ml","5320 - Wine Cost","beverage",792,1
"10027","Bell Pepper, Gold 1lb","5 x 1lb","5140 - Produce Cost","food",788.3300000000005,73
"099012","Scrappyâ€™s Firewater Tincture 5oz","5oz","5315 - Bar Consumables","beverage",783,4
"EI14262-3","Vanilla Paste Bourbon 32fl.oz","32fl.oz","5170 - Grocery and Dry Goods Cost","food",778.74,9
"964280","Haku 1L","6 x 1L","5310 - Liquor Cost","beverage",775.2,6
"0020970-01","Chicken Wing, Frozen 1lb","1lb","5110 - Meat Cost","food",774.19,26
"18894","Stella Liberte 11.2fl.oz","24 x 11.2fl.oz","5330 - Beer Cost","beverage",759.61,17
"SI21CSWEST","Scribe Winery, Cabernet Sauvignon 2021 750ml","12 x 750ml","5320 - Wine Cost","beverage",756,1
"442327","Luxardo Bitter Bianco 750ml","12 x 750ml","5310 - Liquor Cost","beverage",755.4000000000001,4
"0009026-01","Duck Bones, Frozen 1lb","1lb","5110 - Meat Cost","food",746.6500000000001,11
"10754931","Oat Milk 1L","6 x 1L","5335 - N/A Beverage Cost","beverage",739.2099999999997,38
"0022015-01","Chicken Wing, Jumbo 1lb","1lb","5110 - Meat Cost","food",724.85,27
"OO01","Ooba (Shiso Leaf) 100each","100each","5140 - Produce Cost","food",724.7500000000005,50
"SPP150","Black Pepper, Whole 1lb","5 x 1lb","5170 - Grocery and Dry Goods Cost","food",722.6099999999999,19
"GH100","Honey - Bev 1lb","5 x 1lb","5315 - Bar Consumables","beverage",720.0100000000001,36
"9689658","Maison No. 9 Rose 750ml","12 x 750ml","5320 - Wine Cost","beverage",720,2
"108362","Le Ragnaie, Brunello di Montalcino 2020 750ml","12 x 750ml","5320 - Wine Cost","beverage",720,1
"499006","Condado de Haza, 'Alenza', Ribera del Duero 2018 750ml","6 x 750ml","5320 - Wine Cost","beverage",714,1
"77558","Radicchio 1head","3 x 1head","5140 - Produce Cost","food",712.2000000000004,78
"443649","Bulleit Rye 1L","1L","5310 - Liquor Cost","beverage",712.07,6
"09566","Carrot, Jumbo 1lb","5 x 1lb","5140 - Produce Cost","food",711.1800000000011,127
"PMW4101023","Peter Michael, 'Le Caprice', Pinot Noir 2023 750ml","750ml","5320 - Wine Cost","beverage",690,1
"201010","Red Bull 8.4fl.oz","24 x 8.4fl.oz","5335 - N/A Beverage Cost","beverage",680,12
"318964","Luxardo Maraschino Cherries 400g","400g","5315 - Bar Consumables","beverage",678.4000000000001,8
"20821","Eel Sauce 1lb","5.2 x 1lb","5170 - Grocery and Dry Goods Cost","food",676.5,16
"30436 1 ","Mizkan Awase Vinegar, No MSG 5.28gal","5.28gal","5170 - Grocery and Dry Goods Cost","food",676,3
"485637","Domaine Leflaive, Puligny Montrachet 2022 750ml","750ml","5320 - Wine Cost","beverage",672.75,1
"25613","Peewee Potato 1lb","5 x 1lb","5140 - Produce Cost","food",668.3899999999996,45
"09560","Bar Consumables 1each","1each","5315 - Bar Consumables","beverage",661.7,59
"03279","Tuscan Black Kale 1bunch","12 x 1bunch","5140 - Produce Cost","food",661.4000000000001,38
"0041620-01","Filet Mignon, 9+ Score 1lb","1lb","5110 - Meat Cost","food",660.1800000000001,3
"139686","San Pellegrino 750ml","15 x 750ml","5335 - N/A Beverage Cost","beverage",660,2
"09568","Celery 1each","3 x 1each","5140 - Produce Cost","food",657.5099999999999,94
"9672177","Lyres Apertif, Rosso 700ml","700ml","5310 - Liquor Cost","beverage",654,5
"191307","Woodford Reserve 1L","1L","5310 - Liquor Cost","beverage",652.86,5
"72260","Tofu, Firm 1oz","14 x 1oz","5170 - Grocery and Dry Goods Cost","food",651.9300000000012,80
"25390","Tomato, Heirloom Mix 1case","1case","5140 - Produce Cost","food",651.5500000000001,15
"0012450-01","Pork Chop, Frenched 1lb","1lb","5110 - Meat Cost","food",651.2600000000002,21
"72898","Tahini 1lb","1lb","5170 - Grocery and Dry Goods Cost","food",649.8099999999998,55
"09589","Ginger - Bev 1lb","2 x 1lb","5315 - Bar Consumables","beverage",649,95
"TBF102","Loin, Spain Farmed 1lb","1lb","5120 - Seafood Cost","food",645.16,3
"09911","Fever Tree Tonic Water 200ml","24 x 200ml","5315 - Bar Consumables","beverage",645,10
"93165","Kahlua 1L","12 x 1L","5310 - Liquor Cost","beverage",642,2
"ITSCV2208M","Scavino, 'Carobric', Barolo 2008 1.5L","1.5L","5320 - Wine Cost","beverage",640,1
"31480","GINJO AKAZU 60.9FLOZ 60.9fl.oz","60.9fl.oz","5170 - Grocery and Dry Goods Cost","food",639.9000000000001,10
"AG2275","Eisele Vineyard, 'Altagracia', Cabernet Sauvignons 2022 750ml","750ml","5320 - Wine Cost","beverage",630,1
"VN620710","Vegetable Springroll 1oz","200 x 1oz","5170 - Grocery and Dry Goods Cost","food",626.4000000000001,4
"0023024-01","Chicken Wing 1lb","1lb","5110 - Meat Cost","food",625.6,1
"1037350-B12","Chateau Cantemerle, Haut Medoc 2010 750ml","12 x 750ml","5320 - Wine Cost","beverage",624,1
"11850","Estrella - Bev 12fl.oz","24 x 12fl.oz","5330 - Beer Cost","beverage",621.5,11
"08134","Wild Rocket Arugula 1lb","1lb","5140 - Produce Cost","food",610.2799999999999,43
"0017339-01 ","Tail Flap 1lb","1lb","5110 - Meat Cost","food",610.16,5
"75760","Rice Vinegar 1gal","1gal","5170 - Grocery and Dry Goods Cost","food",604.1200000000001,37
"653864","Heitz, Cabernet Sauvignon 2021 750ml","12 x 750ml","5320 - Wine Cost","beverage",600,1
"TAC01","Tachiuo (Cutlassfish) 1lb","1lb","5120 - Seafood Cost","food",599.62,6
"409127","Red Bull Sugar Free 1each","24 x 1each","5335 - N/A Beverage Cost","beverage",595,10
"1108288-B12","Chateau Giscours 2014 750ml","750ml","5320 - Wine Cost","beverage",590,3
"5808702B","Bouchard, Le Corton 2008 750ml","750ml","5320 - Wine Cost","beverage",588,1
"GCRU100142-21","Chartogne Taillet, 'Sainte Anne', Champagne 750ml","12 x 750ml","5320 - Wine Cost","beverage",588,1
"71713","Dirty Sue Olive Juice 750ml","12 x 750ml","5315 - Bar Consumables","beverage",583.12,6
"KANP08","Kanpachi, Amberjack 1lb","1lb","5120 - Seafood Cost","food",582.48,5
"02633","Japanese Yams 1lb","40 x 1lb","5140 - Produce Cost","food",580.7,9
"VGS3001120","Vega Sicilia, 'Alion', Ribera del Duero 2020 750ml","6 x 750ml","5320 - Wine Cost","beverage",580,1
"13946","Artichoke Hearts, Marinated 1lb","5.5 x 1lb","5170 - Grocery and Dry Goods Cost","food",579.8600000000001,21
"0037066-01","Kusshi Oysters 1each","1each","5120 - Seafood Cost","food",576.48,5
"GAR08","Gari Amasu (Pickled Ginger) 1lb","5 x 1lb","5170 - Grocery and Dry Goods Cost","food",576.3,20
"597492","Fever Tree Club Soda 200ml","24 x 200ml","5315 - Bar Consumables","beverage",575,2
"YUZ02","Yuzu Juice 900ml","900ml","5170 - Grocery and Dry Goods Cost","food",574.09,17
"05537","Shimeji Brown Mushroom 5.3oz","12 x 5.3oz","5140 - Produce Cost","food",573.75,24
"TUNVIE01","Tuna, Minced 1lb","1lb","5120 - Seafood Cost","food",572,8
"1141359-B06","Chateau Nenin 1998 750ml","6 x 750ml","5320 - Wine Cost","beverage",570,1
"27668","Dark Chocolate Chips, Vegan 1lb","25 x 1lb","5170 - Grocery and Dry Goods Cost","food",560.0699999999999,2
"UF34161","Onion Rings - Food 1lb","8 x 1lb","5170 - Grocery and Dry Goods Cost","food",555.0600000000001,21
"MASA01","Masago (Capelin Roe) 1lb","1lb","5120 - Seafood Cost","food",551.32,28
"73184","Boston Lettuce 1head","1head","5140 - Produce Cost","food",550.5399999999998,108
"09592","Basil - Food 4oz","4oz","5140 - Produce Cost","food",548.5299999999996,107
"1039813-B06","Chateau Canon La Gaffeliere 2000 750ml","750ml","5320 - Wine Cost","beverage",540,1
"10025","English Pea 1lb","3 x 1lb","5140 - Produce Cost","food",536.0599999999998,30
"90698","Truffle Peeling, Italy, Bel Aria 1oz","12.3 x 1oz","5170 - Grocery and Dry Goods Cost","food",533.8000000000002,10
"10763870","Pretzel Sticks 1each","120 x 1each","5170 - Grocery and Dry Goods Cost","food",533.1,9
"OCC3801022","Occidental, 'Cuvee Elizabeth', Pinot Noirs 2022 750ml","750ml","5320 - Wine Cost","beverage",531,1
"1091109-B06	","Chateau Langoa Barton 2009 750ml","750ml","5320 - Wine Cost","beverage",528,1
"24907","Calabrian Pepper, Extra Long 2.6kg","2.6kg","5170 - Grocery and Dry Goods Cost","food",526.3700000000001,11
"VN185719","Semolina Flour 1lb","50 x 1lb","5170 - Grocery and Dry Goods Cost","food",525.2399999999999,12
"5308702B","Bouchard, 'Clos de la Mousse', Beaune 2008 750ml","750ml","5320 - Wine Cost","beverage",525,1
"PRD1244","Cherry Tomato 1each","12 x 1each","5140 - Produce Cost","food",522,6
"00403","Shitake Mushroom 1lb","5 x 1lb","5140 - Produce Cost","food",518.3499999999999,16
"71403","Grapefruit 1 each - Bev 1each","3 x 1each","5315 - Bar Consumables","beverage",515.33,74
"BLA01","Black Cod 1lb","1lb","5120 - Seafood Cost","food",514.8,4
"ITSCV4019","Scavino, 'Rocche del Annunziata', Barolo 2019 750ml","750ml","5320 - Wine Cost","beverage",510,1
"LOBS08","Lobster Claw Meat 1lb","1lb","5120 - Seafood Cost","food",508,5
"EF21ES3","Ellman Family Vineyards, Cabernet Sauvignon 2021 750ml","750ml","5320 - Wine Cost","beverage",495,1
"5709702B","Bouchard, 'Caillerets', Volnay 2009 750ml","750ml","5320 - Wine Cost","beverage",492,1
"1922146","Etienne Sauzet, 'Jardin du Calvaire', Bourgogne Cotes de Beaune 2022 750ml","12 x 750ml","5320 - Wine Cost","beverage",490,1
"14204","Mozzarella Cheese Ovaline 3lb","3lb","5150 - Dairy Cost","food",488.72000000000014,29
"03573","Corn Yellow 1case","1case","5140 - Produce Cost","food",487.6499999999999,12
"10874","Lavash 1each","72 x 1each","5160 - Bakery Cost","food",486.26000000000005,17
"10815289","Prosciutto, Italian Sliced 1lb","6 x 1lb","5110 - Meat Cost","food",483.61999999999995,6
"JS1198SS","Masumi Nanago 720ml","6 x 720ml","5320 - Wine Cost","beverage",483.06,1
"10020","Onion, Red Jumbo 1lb","5 x 1lb","5140 - Produce Cost","food",477.6800000000002,89
"12221","Dijon Mustard 1lb","8 x 1lb","5170 - Grocery and Dry Goods Cost","food",477.40999999999997,17
"25615","Avocado Oil Blend 1lb","4 x 1lb","5170 - Grocery and Dry Goods Cost","food",476.92,3
"RIC03","Short Grain Rice 1lb","11 x 1lb","5170 - Grocery and Dry Goods Cost","food",476.5,6
"JS1189FW","SAKE, 'Pinnacle of Perfection', Chotokusen 720ml","720ml","5320 - Wine Cost","beverage",474,1
"10098953","Eliche, Fusilli, Gluten Free 8.8oz","12 x 8.8oz","5170 - Grocery and Dry Goods Cost","food",471.09999999999997,12
"ABR2201023","Aubert, Powder House', Chardonnay 2023 750ml","750ml","5320 - Wine Cost","beverage",468,1
"0031117-01","Turkey, Breast 1lb","1lb","5110 - Meat Cost","food",465.65,8
"QG43750","Sweet Baby Ray BBQ Sauce 1gal","1gal","5170 - Grocery and Dry Goods Cost","food",464.60999999999996,24
"22444","Pea Tendrils 1lb","1lb","5140 - Produce Cost","food",462.91000000000014,25
"IKU09","Ikura 1lb","1lb","5120 - Seafood Cost","food",462,5
"09559","Raspberries 1each","1each","5315 - Bar Consumables","beverage",460.86,27
"GCV105FN","Caraibe 66% Chocolate 1kg","3 x 1kg","5170 - Grocery and Dry Goods Cost","food",458.34000000000003,4
"04809","Red Wine Vinegar 1gal","1gal","5170 - Grocery and Dry Goods Cost","food",457.73,27
"SASA01","Sasa (Bamboo Leaf) 100each","100each","5140 - Produce Cost","food",456.44999999999993,25
"RICR23PNCH","Ceritas, 'Cuvee Chloe', Pinot Noir 2023 750ml","6 x 750ml","5320 - Wine Cost","beverage",452.2,1
"0020503-01","Chicken Thigh 1lb","1lb","5110 - Meat Cost","food",450.5,24
"EF2188","Ellman Famil Vineyards, 'Brother's Blend', Red Wine 2021 750ml","750ml","5320 - Wine Cost","beverage",450,1
"JS1048FW","Dewazakura Izumi Judan Ginjo 10th Degree 720ml","12 x 720ml","5320 - Wine Cost","beverage",446.76,2
"HBG1201023","Henri Bourgeois, 'Monts Damnes', Sancerre 2023 750ml","12 x 750ml","5320 - Wine Cost","beverage",444,1
"99703","Tomato 5x6 1lb","5 x 1lb","5140 - Produce Cost","food",438.88,55
"99546","Yukon Potato 1lb","5 x 1lb","5140 - Produce Cost","food",436.7300000000003,69
"01424","Lime 1each","150 x 1each","5315 - Bar Consumables","beverage",436.15,11
"VN100010","Sherry Vinegar 25fl.oz","25fl.oz","5170 - Grocery and Dry Goods Cost","food",435.16999999999996,37
"391115","Carpano Dry Vermouth 375ml","12 x 375ml","5310 - Liquor Cost","beverage",434.88,3
"344101","Hennessy VS 1L","1L","5310 - Liquor Cost","beverage",432.20000000000005,3
"FB311","Challah Slider Bun 1each","1each","5160 - Bakery Cost","food",432.01,5
"BCD1101023","Brocard, 'Ste Claire', Chablis 2023 750ml","12 x 750ml","5320 - Wine Cost","beverage",432,1
"10060","Sesame Oil 1gal","1gal","5170 - Grocery and Dry Goods Cost","food",430.53,11
"0016177-01","Loup de Mer 1lb","1lb","5120 - Seafood Cost","food",425.68999999999994,5
"161795","Remy Martin XO 750ml","750ml","5310 - Liquor Cost","beverage",424.48,1
"10970","Tortilla, Flour 12" 12each","4 x 12each","5170 - Grocery and Dry Goods Cost","food",422.0600000000001,28
"0080013-01","Mussels P.E.I. 1lb","1lb","5120 - Seafood Cost","food",421.49999999999983,22
"591435","Heitz, 'Lot C-91', Cabernet Sauvignon 2018 750ml","6 x 750ml","5320 - Wine Cost","beverage",420,1
"1115673-B06","Chateau Calon Segur 2016 750ml","750ml","5320 - Wine Cost","beverage",420,1
"628121","Faust, Cabernet Sauvignon 2022 750ml","12 x 750ml","5320 - Wine Cost","beverage",420,1
"BEY1019-6","Three Spirit, Livener 500ml","6 x 500ml","5310 - Liquor Cost","beverage",414,2
"BREAM35","Black Sea Bream, Kurodai 1lb","1lb","5120 - Seafood Cost","food",413.34,16
"0016083-01","Scallop, Dry Pack Fresh 1lb","1lb","5120 - Seafood Cost","food",412.79,2
"341848","Licor 43 1L","1L","5310 - Liquor Cost","beverage",411.75,6
"PRD0841","Peach 1lb","10 x 1lb","5140 - Produce Cost","food",408.92999999999995,7
"600660","Barsoal Pisco Puro Quebranta 750ml","750ml","5310 - Liquor Cost","beverage",402.79999999999995,3
"PT-PCM50","Pacific Coast Mint - Pyramid Teabags 1each","50 x 1each","5335 - N/A Beverage Cost","beverage",400,5
"Do-20524102","Fourrier, 'Combe Moine', Gevrey Chambertin 2023 750ml","2 x 750ml","5320 - Wine Cost","beverage",398,1
"617934","Casanova di Neri, 'White Label', Brunello di Montalcino 2019 750ml","750ml","5320 - Wine Cost","beverage",397.2,1
"9758888","Lo Siento Anejo 750ml","750ml","5310 - Liquor Cost","beverage",391.68,3
"BF106	","Heavy Cream 0.5gal","0.5gal","5150 - Dairy Cost","food",391.59999999999997,20
"33412","Siracha 28oz","12 x 28oz","5170 - Grocery and Dry Goods Cost","food",390.5999999999999,9
"09595","Mint - Bev 4oz","4oz","5315 - Bar Consumables","beverage",389.71,75
"09572","Serrano - Food 1lb","2 x 1lb","5140 - Produce Cost","food",388.8500000000001,81
"02351","Dill Pickle Chips 1gal","5 x 1gal","5170 - Grocery and Dry Goods Cost","food",387.58,9
"190131","Vanilla Bean 1oz","4 x 1oz","5170 - Grocery and Dry Goods Cost","food",386.9,5
"09594","Dill 4oz","4oz","5140 - Produce Cost","food",385.4599999999999,94
"EF23SBCR6","Ellman Family Vineyards, 'Caryn' Sauvignon Blanc 2023 750ml","6 x 750ml","5320 - Wine Cost","beverage",375,1
"39211","Roasted Sesame Dressing 64fl.oz","64fl.oz","5170 - Grocery and Dry Goods Cost","food",370.5,9
"10100937N","Potato Startch 1lb","5 x 1lb","5170 - Grocery and Dry Goods Cost","food",369.9699999999999,20
"9672258","Lyre's Spritz Amalfi 250ml","24 x 250ml","5335 - N/A Beverage Cost","beverage",369,5
"SOY02H","Goma Mamenorisan (Soy Paper) 40each","40each","5170 - Grocery and Dry Goods Cost","food",368.5,8
"00104","Edamame 1each","20 x 1each","5140 - Produce Cost","food",363.78,9
"AJI04","Aji (Horse Mackerel) 1lb","1lb","5120 - Seafood Cost","food",361.05,14
"983135","Liquid Alchemist Orgeat Syrup 375ml","6 x 375ml","5315 - Bar Consumables","beverage",360.5,6
"30554","Ponzu 1gal","1gal","5170 - Grocery and Dry Goods Cost","food",357.5,8
"00830","Mint - Bev 1lb","1lb","5315 - Bar Consumables","beverage",355.5699999999999,49
"NWC2715","Ricotta Cheese 1lb","5 x 1lb","5150 - Dairy Cost","food",354.45,21
"09552","Fava Bean 1lb","3 x 1lb","5140 - Produce Cost","food",353.95000000000005,21
"9625624","Komos Extra Anejo 750ml","6 x 750ml","5310 - Liquor Cost","beverage",351.8,1
"PT-EC50","Egyptian Chamomile - Pyramid Teabags 1each","50 x 1each","5335 - N/A Beverage Cost","beverage",350,7
"SAB04","Saba (Japanese Mackerel) 1lb","1lb","5120 - Seafood Cost","food",348.83000000000004,5
"1121609","Noni Fruit Seed Oil 35lb","35lb","5170 - Grocery and Dry Goods Cost","food",347.72,2
"NWC3990","Pecorino Cheese 1lb","1lb","5150 - Dairy Cost","food",346.30999999999995,4
"UNI50","Uni, Santa Barbara 1Tray","1Tray","5120 - Seafood Cost","food",345,3
"NOR12","Nori, Premium, Half 1pack","1pack","5170 - Grocery and Dry Goods Cost","food",344.34999999999997,7
"BANN21","Cuttlefish 1lb","1lb","5120 - Seafood Cost","food",343.5,16
"491367","DuMol, 'Charles Heintz - Isobel', Chardonnay 2022 750ml","6 x 750ml","5320 - Wine Cost","beverage",342,1
"GD218N","Powdered Milk 1lb","5 x 1lb","5170 - Grocery and Dry Goods Cost","food",341.14000000000004,9
"607163","Belvedere 10 750ml","750ml","5310 - Liquor Cost","beverage",340,1
"02896","Panko Bread Crumbs 1lb","25 x 1lb","5170 - Grocery and Dry Goods Cost","food",338.15000000000003,10
"CA136","Velveeta Cheese 1lb","5 x 1lb","5150 - Dairy Cost","food",337.29999999999995,14
"10513504","Unsweetened Almond Milk 32oz","6 x 32oz","5335 - N/A Beverage Cost","beverage",335.8499999999999,19
"00362","Iceberg Lettuce 1head","12 x 1head","5140 - Produce Cost","food",334.84,10
"91129","Hangiri Bay Yakinori, Gold 1each","1each","5170 - Grocery and Dry Goods Cost","food",333,1
"99654","Butternut Squash 1lb","5 x 1lb","5140 - Produce Cost","food",332.90999999999985,50
"19064","Red Gem Lettuce 1lb","6 x 1lb","5140 - Produce Cost","food",331.96,11
"0021086-01","Chicken Thigh, Boneless 1lb","1lb","5110 - Meat Cost","food",331.86,10
"55579","Radish, French Breakfast 1bunch","3 x 1bunch","5140 - Produce Cost","food",329.98999999999984,59
"71580","Pecans 1lb","5 x 1lb","5170 - Grocery and Dry Goods Cost","food",329.96000000000004,7
"GF256","High Gluten Flour 1lb","3 x 1lb","5170 - Grocery and Dry Goods Cost","food",328.69,7
"YUZ10","Kizami Yuzu Skin 1g","100 x 1g","5170 - Grocery and Dry Goods Cost","food",328.25,16
"BUR03","Yellowtail 1lb","1lb","5120 - Seafood Cost","food",324.05,2
"10476758","Pepperoni 1lb","25 x 1lb","5110 - Meat Cost","food",322.94,2
"PRD1181","Cara Cara Orange, Case 1case","1case","5140 - Produce Cost","food",316,4
"03607","Cream Cheese 1lb","3 x 1lb","5150 - Dairy Cost","food",312.61000000000007,19
"VIN125","Sushi Seasoning 1case","1case","5170 - Grocery and Dry Goods Cost","food",312.5,5
"GCRU100127-21","Pierre Peters, 'Cuvee De Reserve', Brut Champagne 750ml","750ml","5320 - Wine Cost","beverage",312,1
"09565","Cabbage, Red 1each","3 x 1each","5140 - Produce Cost","food",311.97000000000014,62
"09287","Farro Grain 1lb","12 x 1lb","5170 - Grocery and Dry Goods Cost","food",308.74,8
"BC701701N	","Grapeseed Oil 1L","3 x 1L","5170 - Grocery and Dry Goods Cost","food",308.17,11
"SPG115B","Garlic Powder 1lb","1lb","5170 - Grocery and Dry Goods Cost","food",306.07,14
"476853","DuMol, 'Wester Reach', Pinot Noir 2022 750ml","6 x 750ml","5320 - Wine Cost","beverage",306,1
"00327","Honey 1lb","5 x 1lb","5315 - Bar Consumables","beverage",305.87,8
"916825","Onion Powder 1lb","5 x 1lb","5170 - Grocery and Dry Goods Cost","food",303.96000000000004,14
"0036366-01","shrimp head on 10-12 1lb","1lb","5120 - Seafood Cost","food",302.15,1
"ITSCV2216","Scavino, 'Carobric', Barolo 2016 750ml","750ml","5320 - Wine Cost","beverage",300,1
"2A22WHN8	","Ashes & Diamonds, No. 8', Blanc 2022 750ml","12 x 750ml","5320 - Wine Cost","beverage",300,1
"10441563","Coffee Cold Brew Nola 10.66fl.oz","12 x 10.66fl.oz","5315 - Bar Consumables","beverage",298.67999999999995,6
"19700","Glucose Syrup 1kg","7 x 1kg","5170 - Grocery and Dry Goods Cost","food",298.39000000000004,5
"GV303","Manicardi Balsamic Vinegar 100ml","100ml","5170 - Grocery and Dry Goods Cost","food",296.84,4
"VN210112","Humboldt Fog 1lb","1lb","5150 - Dairy Cost","food",295.74,2
"49758","Dashi Kombu 1lb","33 x 1lb","5170 - Grocery and Dry Goods Cost","food",295,3
"61658","Shiro Tosaka Reifukanso 1.76oz","20 x 1.76oz","5170 - Grocery and Dry Goods Cost","food",295,7
"10937403","Honeycomb 12oz","12oz","5170 - Grocery and Dry Goods Cost","food",293.44,11
"72283","Feta Cheese 1lb","9 x 1lb","5150 - Dairy Cost","food",293.27,9
"0040382-01","Tri Tip 1lb","1lb","5110 - Meat Cost","food",290.92,1
"991348","Grand Marnier 1L","1L","5310 - Liquor Cost","beverage",287.34999999999997,4
"02265","Miso 1lb","2.2 x 1lb","5170 - Grocery and Dry Goods Cost","food",285.93,25
"0013049-01","Mortadella 1lb","1lb","5110 - Meat Cost","food",282.09000000000003,4
" RICR23CHM","Ceritas, 'Marena', Chardonnay 2023 750ml","6 x 750ml","5320 - Wine Cost","beverage",280.25,1
"LIPH10M","Littorai, 'The Haven', Pinot Noir 2010 1.5L","1.5L","5320 - Wine Cost","beverage",280,1
"DM13PAD1","DuMol, 'Wildrose', Pinot Noir 203 1.5L","1.5L","5320 - Wine Cost","beverage",280,1
"DM13CIS1","DuMol, 'Charles Heintz - Isobel', Chardonnays 2013 1.5L","1.5L","5320 - Wine Cost","beverage",280,1
"965480","Deleon Blanco 750ml","12 x 750ml","5310 - Liquor Cost","beverage",279,1
"109844","Point Reyes Blue Cheese 1lb","1lb","5150 - Dairy Cost","food",277.67,3
"10943109","Yams 1lb","10 x 1lb","5140 - Produce Cost","food",275.3,9
"550222","Lobos Reposado 750ml","750ml","5310 - Liquor Cost","beverage",271.4,2
"11485","Micro Citrus Mix 1each","1each","5140 - Produce Cost","food",268.7,15
"0720518","Massolino, Barolo 2020 750ml","12 x 750ml","5320 - Wine Cost","beverage",268,1
"GCRU6430-20","Domaine Brun Avril Chateauneuf-du-Pape Rhone 2020 750ml","750ml","5320 - Wine Cost","beverage",267,1
"23401","Basmati Rice 1lb","25 x 1lb","5170 - Grocery and Dry Goods Cost","food",266.97,4
"10613935N","Tamari Shoyu 1.8L","1.8L","5170 - Grocery and Dry Goods Cost","food",266.73,12
"01751","Orange Juice - Bev 1gal","1gal","5315 - Bar Consumables","beverage",266.62,15
"30501196","Shrimp 8/12 1lb","1lb","5120 - Seafood Cost","food",264,1
"00193","Guajillo Chile, Dry 1lb","5 x 1lb","5170 - Grocery and Dry Goods Cost","food",263.41,9
"HIR10","Hirame, Korea 1lb","1lb","5120 - Seafood Cost","food",262.59,2
"02101","Curly Fries 1lb","30 x 1lb","5170 - Grocery and Dry Goods Cost","food",262.51,4
"0017463-01","Bone Marrow 1lb","1lb","5110 - Meat Cost","food",258.37,8
"71510","Cashew 1lb","5 x 1lb","5170 - Grocery and Dry Goods Cost","food",257.53,8
"0037059-01","RIbeye, Sliced, Frozen 1lb","15 x 1lb","5110 - Meat Cost","food",256.7,2
"67185","Goose Island IPA 12fl.oz","24 x 12fl.oz","5330 - Beer Cost","beverage",256.30000000000007,11
"SB2375","Eisele Vineyard, Sauvignon Blanc 2023 750ml","750ml","5320 - Wine Cost","beverage",255,1
"440258","Gran Coramino Cristalino 750ml","6 x 750ml","5310 - Liquor Cost","beverage",251,1
"02306","Gorgonzola Cheese 1lb","1lb","5150 - Dairy Cost","food",250.29000000000002,7
"15348","Maldon Sea Salt 1lb","3.1 x 1lb","5170 - Grocery and Dry Goods Cost","food",248.17000000000002,7
"VN235979","Cookie Drops, Guittard 1each","1000 x 1each","5170 - Grocery and Dry Goods Cost","food",248.12,2
"PRD0798","Endive 1Case","1Case","5140 - Produce Cost","food",246,3
"22177","Maple Syrup 1gal","1gal","5170 - Grocery and Dry Goods Cost","food",245.32000000000002,4
"578356","Castello di Fonterutoli, 'Gran Selezione', Chianti 2016 1.5L","1.5L","5320 - Wine Cost","beverage",244,1
"01671","Radicchio, White 1Case","1Case","5140 - Produce Cost","food",242.62999999999994,9
"10875601N","Coconut Sorbet Vegan 5L","5L","5150 - Dairy Cost","food",240.27000000000004,6
"BCD1801022","Brocard, 'Montee de Tonnerre', Chabliss 2022 750ml","750ml","5320 - Wine Cost","beverage",240,1
"10456546N","Coffee Cold Brew Bright 8oz","12 x 8oz","5335 - N/A Beverage Cost","beverage",237.94,6
"99436","Haricot Vert (Green Bean) 1lb","2 x 1lb","5140 - Produce Cost","food",237.41,22
"122466","Hendricks 1L","6 x 1L","5310 - Liquor Cost","beverage",237,1
"934037N","Uno Stabalizer 1lb","1lb","5170 - Grocery and Dry Goods Cost","food",234.08,2
"GCV115","Cocoa Powder 1kg","3 x 1kg","5170 - Grocery and Dry Goods Cost","food",234,3
"10035","Daikon Radish 1lb","5 x 1lb","5140 - Produce Cost","food",233.82999999999993,34
"920942","Del Maguey Chichicapa 750ml","750ml","5310 - Liquor Cost","beverage",232.8,2
"CG140","Gruyere King Cut - Food 1lb","1lb","5150 - Dairy Cost","food",232.64,2
"0012295-01","Pork Loin Chop 1lb","1lb","5110 - Meat Cost","food",230.47,1
"1146440-C06","Hetszolo, '5 Puttonyos', Tokaji 2010 500ml","500ml","5320 - Wine Cost","beverage",228,1
"VTT4401122","Vietti, 'Scarrone', Barbera d'Alba 2022 750ml","6 x 750ml","5320 - Wine Cost","beverage",228,1
"SAT01","Yamagobo 500g","500g","5170 - Grocery and Dry Goods Cost","food",226.65000000000003,10
"GPDEC26N","Rigatoni Dececco 1lb","12 x 1lb","5170 - Grocery and Dry Goods Cost","food",222.14999999999998,7
"9731842","Bardstown Origin Bourbon 750ml","6 x 750ml","5310 - Liquor Cost","beverage",222,1
"PRD0366","Butter Lettuce 1Case","1Case","5140 - Produce Cost","food",222,2
"10260990","Cocoa Powder 1lb","5 x 1lb","5170 - Grocery and Dry Goods Cost","food",221.25,3
"12372","Worcestershire Sauce 1gal","1gal","5170 - Grocery and Dry Goods Cost","food",218.63999999999996,7
"0071345-01","Outside Skirt, Clean Prime 1lb","1lb","5110 - Meat Cost","food",216.51,1
"PRD0468","Blood Orange - Food 1lb","10 x 1lb","5140 - Produce Cost","food",215.9,8
"24895","Espelette Pepper Powder 8.8oz","8.8oz","5170 - Grocery and Dry Goods Cost","food",215.69,2
"10814155N","Shio Koji 500ml","500ml","5170 - Grocery and Dry Goods Cost","food",215.62,14
"10339083","Hot Dog Bun 1bun","36 x 1bun","5160 - Bakery Cost","food",215.61,4
"EMG-ANEJO2-750","Enemigo Extra Anejo 750ml","2 x 750ml","5310 - Liquor Cost","beverage",214,1
"GCV111F","Valrhona Chocolate Jivara 40% Feves 3kg","3kg","5170 - Grocery and Dry Goods Cost","food",213.5,2
"BC100115","Forum Chardonnay Vinegar 16.8fl.oz","16.8fl.oz","5170 - Grocery and Dry Goods Cost","food",213.22999999999996,9
"VN215230","Fontina Cheese 1lb","1lb","5150 - Dairy Cost","food",212.55,2
"02332","Goat Cheese 1lb","4 x 1lb","5150 - Dairy Cost","food",210.4,5
"12386","Alta Cucina Tomatos 108oz","6 x 108oz","5170 - Grocery and Dry Goods Cost","food",208.13,6
"11695955","Luna Nueva Blanco 750ml","6 x 750ml","5310 - Liquor Cost","beverage",207,1
"8311","Sake, Seasoned 18L","18L","5170 - Grocery and Dry Goods Cost","food",207,3
"13037","Molasses 1gal","1gal","5170 - Grocery and Dry Goods Cost","food",206.04000000000002,10
"ORCH01","Orchid 1each","1each","5140 - Produce Cost","food",205.49999999999991,23
"0004117-01","Beef, Patty Premium Mix 1lb","1lb","5110 - Meat Cost","food",205.2,2
"18771","Tajin 1each","24 x 1each","5315 - Bar Consumables","beverage",203.91,3
"ISA01","Isaki (Grunt Fish) 1lb","1lb","5120 - Seafood Cost","food",203.65,2
"0016276-01","Soft Shell Crab 1dozen","1.5 x 1dozen","5120 - Seafood Cost","food",202.56,1
"VN160977","Pistachio Raw 1lb","5 x 1lb","5170 - Grocery and Dry Goods Cost","food",202.02,3
"DM16CHEST2","DuMol, 'Estate', Chardonnay 2016 750ml","750ml","5320 - Wine Cost","beverage",201,1
"604103","Sipsmith 750ml","750ml","5310 - Liquor Cost","beverage",200.89999999999998,3
"63019","TAKA TOKUYO KIZAMI 1each","1each","5170 - Grocery and Dry Goods Cost","food",199,1
"103605","Three Crab Fish Sauce 24oz","24oz","5170 - Grocery and Dry Goods Cost","food",198.59000000000006,12
"967085","COOKING PORT, Cockburn, '10yr Tawny' 750ml","750ml","5170 - Grocery and Dry Goods Cost","beverage",198.54,3
"01432","Orange - Bev 1each","88 x 1each","5315 - Bar Consumables","beverage",197.07,8
"SPWEB1982","Cranberry Juice 64fl.oz","8 x 64fl.oz","5315 - Bar Consumables","beverage",196.26,1
"GCRU100159-23","Penna Currado, 'Bricco Lago', Langhe Nebbiolo 2023 750ml","6 x 750ml","5320 - Wine Cost","beverage",196,1
"19348","Squash Flower, Male 1each","25 x 1each","5140 - Produce Cost","food",195.44,10
"PRD0424","Shitake Mushroom, Dry 1lb","1lb","5170 - Grocery and Dry Goods Cost","food",194.12999999999997,7
"GCRU990109-22","Peter Lauer, 'Kupp #7', Riesling Spatlese 2022 750ml","750ml","5320 - Wine Cost","beverage",192,1
"55722","Turnip, Baby 1Bunch","3 x 1Bunch","5140 - Produce Cost","food",190.56999999999994,26
"05221","Champagne Vinegar 1gal","1gal","5170 - Grocery and Dry Goods Cost","food",188.31,14
"TRL6801022","Turley, 'Evanghelo Vineyard', Zinfandel 2022 750ml","750ml","5320 - Wine Cost","beverage",188,1
"25635","Burrata 8oz","6 x 8oz","5150 - Dairy Cost","food",187.6,9
"950033 ","El Tesoro Extra Anejo 750ml","750ml","5310 - Liquor Cost","beverage",186.38,2
"10012","Thyme 1oz","1oz","5140 - Produce Cost","food",186.00999999999996,61
"DM15PRV2","DuMol, 'Wester Reach', Pinot Noir 2015 750ml","750ml","5320 - Wine Cost","beverage",186,1
"09558","Blueberries 1each","3 x 1each","5140 - Produce Cost","beverage",185.34,16
"PRD0488","Peach, Yellow 1flat","1flat","5140 - Produce Cost","food",184.16,3
"0020160-01","Chicken Tender, Breaded 1lb","1lb","5110 - Meat Cost","food",184.08,1
"EMG-CRISTAL2-750","Enemigo Anejo Cristalinio 750ml","4 x 750ml","5310 - Liquor Cost","beverage",184,1
"01452","Blood Orange - Bev 1Case","1Case","5315 - Bar Consumables","beverage",183.16,12
"1099985","Butter, Plant Based 1lb","36 x 1lb","5150 - Dairy Cost","food",182.69,1
"02606","White Truffle Oil 8.4oz","8.4oz","5170 - Grocery and Dry Goods Cost","food",181.69,5
"09598","Rosemary 4oz","4oz","5140 - Produce Cost","food",181.43999999999988,68
"0090454-01","Duck Leg 1lb","1lb","5110 - Meat Cost","food",181.29,1
"07961","Shimeji White Mushrooms 5.3oz","12 x 5.3oz","5140 - Produce Cost","food",179.77999999999997,11
"QG59720","Heinz Ketchup 108oz","108oz","5170 - Grocery and Dry Goods Cost","food",178.85999999999993,17
"222369","Giffard Lichi-Li 750ml","750ml","5310 - Liquor Cost","beverage",176.8,3
"12092","Almond, Smoked 1lb","25 x 1lb","5170 - Grocery and Dry Goods Cost","food",176.43,1
"294498","Makers Mark 46 750ml","750ml","5310 - Liquor Cost","beverage",176,3
"RICE05","Tamaki Gold Rice 1lb","15 x 1lb","5170 - Grocery and Dry Goods Cost","food",175.8,3
"10617143","Trailblazer Flour 1lb","1lb","5170 - Grocery and Dry Goods Cost","food",175.62,4
"09557","Blackberries 1each","3 x 1each","5315 - Bar Consumables","beverage",173.89999999999998,17
"0086077-01","Hotaru Ika (Firefly Squid) 1lb","1lb","5120 - Seafood Cost","food",171.14999999999998,2
"09581","Corn, Yellow (Ear) 1each","6 x 1each","5140 - Produce Cost","food",170.6,11
"GCRU908013-22","Savart, 'L'Ouverture 1er Cru, Champagne 750ml","750ml","5320 - Wine Cost","beverage",168,1
"PRD1174","Winter Mix Lettuce 1lb","3 x 1lb","5140 - Produce Cost","food",166,5
"921316","Corn Meal 1lb","25 x 1lb","5170 - Grocery and Dry Goods Cost","food",165.87,6
"11201270","Crab Meat, Lump 1tin","1tin","5120 - Seafood Cost","food",163.2,1
"01845","Edamame, Frozen 1lb","20 x 1lb","5140 - Produce Cost","food",163,3
"505860","Juliette Peach Liqueur 750ml","6 x 750ml","5310 - Liquor Cost","beverage",161.62,1
"09596","Parsley 1each","6 x 1each","5140 - Produce Cost","food",161.10999999999999,22
"71570","Pistachio, No Shell, No Salt 1lb","5 x 1lb","5170 - Grocery and Dry Goods Cost","food",160.39,2
"99480","Parsnip 1lb","5 x 1lb","5140 - Produce Cost","food",159.95000000000002,15
"0012511-01","Pork Shoulder, Ground 1lb","5 x 1lb","5110 - Meat Cost","food",158.86,10
"09169","Whole Milk 0.5gal","0.5gal","5150 - Dairy Cost","food",156.69000000000003,9
"10300103N","Almond Milk, Califa Barista 32fl.oz","12 x 32fl.oz","5150 - Dairy Cost","beverage",156.27,4
"1116178","American Cheese, Loaf 1lb","5 x 1lb","5150 - Dairy Cost","food",155.64000000000001,2
"WASB003","Wasabi Root, Mazuma 0.6lb","0.6lb","5140 - Produce Cost","food",154,2
"01057","Strawberry - Food 1each","1each","5140 - Produce Cost","food",151.32999999999998,6
"23158018","Lobster Meat, Frozen 1lb","4 x 1lb","5120 - Seafood Cost","food",151,1
"682851","Lucci, Lambrusco 750ml","12 x 750ml","5320 - Wine Cost","beverage",150,1
"PT-SG50	","Sencha Green - Pyramid Teabags 1each","50 x 1each","5335 - N/A Beverage Cost","beverage",150,4
"433829","Sake, Yuzu Joto 750ml","6 x 750ml","5310 - Liquor Cost","beverage",150,1
"SPCI-GRAPE","Grapeseed Oil 1gal","0.53 x 1gal","5170 - Grocery and Dry Goods Cost","beverage",150,2
"SPRSCOKE35","Coke 12fl.oz","35 x 12fl.oz","5335 - N/A Beverage Cost","beverage",149.88,2
"10229183","Strawberry Sorbetto 1L","5 x 1L","5150 - Dairy Cost","food",148.14,4
"109148","Cabot Clothbound Cheese 1lb","1lb","5150 - Dairy Cost","food",147.5,2
"11824","Green Garlic 1lb","1lb","5140 - Produce Cost","food",147.45,5
"06563","Tempura Mix 1lb","30 x 1lb","5170 - Grocery and Dry Goods Cost","food",146.62,3
"PRD0140","Pink Lady Apple 10lb","10lb","5140 - Produce Cost","food",146,4
"GCV3285","Cocao Nibs 1kg","1kg","5170 - Grocery and Dry Goods Cost","food",144.99,3
"0021540-01","Chicken Breast 1lb","1lb","5110 - Meat Cost","food",144.4,1
"0081194-01","Shrimp 16/20 1lb","1lb","5120 - Seafood Cost","food",144.2,1
"09563","Cabbage, Green (Head) 1each","3 x 1each","5140 - Produce Cost","food",143.88,13
"631029","Laphroaig 10yr 750ml","750ml","5310 - Liquor Cost","beverage",143.34,2
"0012023-01","Pork Belly Trimmed 1lb","1lb","5110 - Meat Cost","food",143.26999999999998,3
"0090071-01","Chicken Feet 1lb","1lb","5110 - Meat Cost","food",142.77,7
"0065806-01","Lamb Riblets 1lb","1lb","5110 - Meat Cost","food",142.17000000000002,2
"10229335","Dark Chocolate Gelato 1L","5 x 1L","5150 - Dairy Cost","food",141.92,2
"DM14SJR2","DuMol, Syrah 2014 750ml","750ml","5320 - Wine Cost","beverage",140,1
"30319","SUIHANYO MIOLA 1each","1each","5170 - Grocery and Dry Goods Cost","food",140,4
"33505","Yusen (Grain Vinegar) 1L","20 x 1L","5170 - Grocery and Dry Goods Cost","food",140,2
"09569","Celery Root 1each","3 x 1each","5140 - Produce Cost","food",139.92,22
"GAR01","Gari Amasu (Pickled Ginger) 1gal","1gal","5170 - Grocery and Dry Goods Cost","food",139.8,4
"598153","Fever Tree Mediterranean Tonic 200ml","24 x 200ml","5315 - Bar Consumables","beverage",138,2
"933045","Hamburger Bun 3.2oz","24 x 3.2oz","5160 - Bakery Cost","food",137.96,3
"03913","Manchego 1lb","1lb","5150 - Dairy Cost","food",136.51,1
"VN239045","Mi Amere Dark Pistoles 58 % 1kg","5 x 1kg","5170 - Grocery and Dry Goods Cost","food",136.07,1
"12188","Kombu 1lb","5 x 1lb","5170 - Grocery and Dry Goods Cost","food",134.23,3
"18866","Chantrelle 1lb","3 x 1lb","5140 - Produce Cost","food",133.14,4
"TAI29","Seabream, Medai 1lb","1lb","5120 - Seafood Cost","food",131.73,1
"02635","Vanilla Icecream 1gal","3 x 1gal","5150 - Dairy Cost","food",131.42,1
"24763","Zaatar 1lb","1lb","5170 - Grocery and Dry Goods Cost","food",130.70000000000002,5
"TAKU02","Takuwan Shintaro,Pickled Radish 1pack","1pack","5170 - Grocery and Dry Goods Cost","food",128.95,22
"30409","Chili Oil 1L","1.8 x 1L","5170 - Grocery and Dry Goods Cost","food",128,2
"MC, Black Box, 4ct (3oz)","Black Bean Burgers 1each","4 x 1each","5140 - Produce Cost","food",127.82,2
"UF50141","Tapatio 1gal","1gal","5170 - Grocery and Dry Goods Cost","food",126.74999999999999,4
"3616","Senryo Mirin 1.8L","6 x 1.8L","5170 - Grocery and Dry Goods Cost","food",126,2
"PT-EG50	","Earl Grey - Pyramid Teabags 1each","50 x 1each","5335 - N/A Beverage Cost","beverage",125,3
"04810","White Wine Vinegar 1gal","1gal","5170 - Grocery and Dry Goods Cost","food",123.80000000000001,10
"15919","Ginger, Pickled 1lb","20 x 1lb","5140 - Produce Cost","food",123.63,3
"12606","Shishito Pepper 1lb","5 x 1lb","5140 - Produce Cost","food",122.61,4
"08005","Fennel Pollen 1oz","1oz","5170 - Grocery and Dry Goods Cost","food",122.51,4
"10955661","Ginger Mint Sorbet 1L","5 x 1L","5150 - Dairy Cost","food",121.86000000000001,3
"14218","Gluten Free Flour 1lb","25 x 1lb","5170 - Grocery and Dry Goods Cost","food",121.48,2
"1095910","Gochujang GF 1kg","1kg","5170 - Grocery and Dry Goods Cost","food",121.42,2
"949362","Ronco Belvedere Spark Lambrusco 750ml","12 x 750ml","5320 - Wine Cost","beverage",120,1
"MAS03","Masago Arare 10.6oz","10.6oz","5120 - Seafood Cost","food",119.85,8
"10011","Tarragon 4oz","4oz","5140 - Produce Cost","food",119.35,22
"07596","Half & Half 0.5gal","0.5gal","5335 - N/A Beverage Cost","beverage",117.57000000000004,29
"981535","Liquid Alchemist Ginger Syrup 375ml","6 x 375ml","5315 - Bar Consumables","beverage",117.5,2
"637683","Cincoro Cristalino Anejo 750ml","750ml","5310 - Liquor Cost","beverage",116.2,1
"BC758096A","Preserved Lemons 1kg","5 x 1kg","5170 - Grocery and Dry Goods Cost","food",116.19,3
"15005","Dark Muscovado Sugar 1lb","10 x 1lb","5170 - Grocery and Dry Goods Cost","food",116.11,4
"VIN100","Yokoi Edo-Tannen Seasoned Vinegar 1.8L","1.8L","5170 - Grocery and Dry Goods Cost","food",116,2
"BC100007","White Balsamic Vinegar 530g","6 x 530g","5170 - Grocery and Dry Goods Cost","food",115.26,6
"22559","Saffron 1oz","1oz","5170 - Grocery and Dry Goods Cost","food",114.08,1
"10843175BC","Salame di Manzo 1lb","1lb","5110 - Meat Cost","food",114.05,1
"12830","Cornichons 1lb","4.7 x 1lb","5170 - Grocery and Dry Goods Cost","food",113.77,5
"0075470-01","Turkey Maple Sausage 1lb","1lb","5110 - Meat Cost","food",112.1,1
"01357","Frying Oil, No Trans Fat 35lb","35lb","5170 - Grocery and Dry Goods Cost","food",112.05,1
"981532","Liquid Alchemist Ginger Syrup 750ml","6 x 750ml","5315 - Bar Consumables","beverage",112,1
"981540","Liquid Alchemist Prickly Pair 750ml","6 x 750ml","5315 - Bar Consumables","beverage",112,1
"23853","Martin's Potato Bun 1roll","48 x 1roll","5160 - Bakery Cost","food",111.27,4
"10772291 ","Organic Flour 1lb","50 x 1lb","5170 - Grocery and Dry Goods Cost","food",110.48,2
"GCRU100128-21","Pierre Peters, 'Cuvee de Reserve', Blanc de Blancs Champagne 1.5L","1.5L","5320 - Wine Cost","beverage",109,1
"10517265","Salted Dulce de Leche Gelato 5L","5L","5150 - Dairy Cost","food",108.87,1
"27694","Wonton Wrapper 14oz","12 x 14oz","5170 - Grocery and Dry Goods Cost","food",108.38000000000001,4
"71531","Hazelnut, Blanched 5lb","5lb","5170 - Grocery and Dry Goods Cost","food",107.68,2
"02930","Brown Sugar, Light 1lb","25 x 1lb","5170 - Grocery and Dry Goods Cost","food",107.18,3
"jolene-black-cold-brew-24-cans","Jolene Cold Brew 1each","24 x 1each","5335 - N/A Beverage Cost","beverage",106,1
"jolene-oat-milk-latte-24-cans","Jolene Oat Milk Latte 1each","24 x 1each","5335 - N/A Beverage Cost","beverage",106,1
"HOT02","Hotate Mukimi 500g","500g","5120 - Seafood Cost","food",106,2
"VN160161","Peanut, Blanched 1lb","5 x 1lb","5170 - Grocery and Dry Goods Cost","food",104.8,10
"0080004-01","Mussels, Farmed 1lb","1lb","5120 - Seafood Cost","food",104.25,3
"0021089-01","Chicken, Whole - Food 1lb","1lb","5110 - Meat Cost","food",104.04,1
"PRD0365","Lettuce, FM 1each","24 x 1each","5140 - Produce Cost","food",104,1
"BE25","Barlotti Beans 1lb","10 x 1lb","5170 - Grocery and Dry Goods Cost","food",103.53,3
"99690","Tomatillo 2lb","2lb","5140 - Produce Cost","beverage",103.28,17
"PRD0853","Italian Long Hot Peppers 1lb","5 x 1lb","5140 - Produce Cost","food",103,4
"12197","Burrata 1lb","6 x 1lb","5150 - Dairy Cost","food",101.42,2
"GS209N","Pan Spray, Vegalene 1each","6 x 1each","5170 - Grocery and Dry Goods Cost","food",101.31,3
"BC100093","White Balsamic Vinegar 1L","1L","5170 - Grocery and Dry Goods Cost","food",100.94,7
"122339","Fernet Branca 750ml","750ml","5310 - Liquor Cost","beverage",100.53,1
"0012120-01","Pork Butt 1lb","1lb","5110 - Meat Cost","food",99.61000000000001,4
"55593","Beet, Baby Red 1each","3 x 1each","5140 - Produce Cost","food",99.15,6
"SPC135","Coriander, Whole 9oz","9oz","5170 - Grocery and Dry Goods Cost","food",99.10999999999993,31
"60744","Battera Konbu 1each","1each","5170 - Grocery and Dry Goods Cost","food",99,3
"00760","Basil - Food 1lb","1lb","5140 - Produce Cost","food",98.35999999999999,17
"LOBS09","Cooked Lobster 1lb","1lb","5120 - Seafood Cost","food",98,1
"268195","Johnnie Walker Black 750ml","750ml","5310 - Liquor Cost","beverage",97.35,1
"INA01","Miyako Ajitsuke Inari 60each","60each","5170 - Grocery and Dry Goods Cost","food",95.40000000000002,12
"71111","Dates, Pitted 1lb","5 x 1lb","5170 - Grocery and Dry Goods Cost","food",95.12,4
"11235532","Branzino, Euro 1lb","1lb","5120 - Seafood Cost","food",94.42,1
"06461","Micro Shiso, Red 1each","1each","5140 - Produce Cost","food",93.87,6
"926946","Calabrese, Salame 1lb","1lb","5110 - Meat Cost","food",92.74000000000001,2
"QG14802","Pinto Bean, Canned 46oz","6 x 46oz","5170 - Grocery and Dry Goods Cost","food",92.06,2
"27022","Oat Milk 32fl.oz","12 x 32fl.oz","5335 - N/A Beverage Cost","beverage",91.91,3
"NP115","Pine Nuts - Food 1lb","5 x 1lb","5170 - Grocery and Dry Goods Cost","food",90.7,1
"60747","Rishiri Dasi Konbu 1lb","2.2 x 1lb","5170 - Grocery and Dry Goods Cost","food",90,1
"SPP130","Black Peppercorn 1lb","1lb","5170 - Grocery and Dry Goods Cost","food",89.62,6
"77176","Capers 32oz","32oz","5170 - Grocery and Dry Goods Cost","food",87.57,7
"28127","Soy Milk 32fl.oz","6 x 32fl.oz","5150 - Dairy Cost","beverage",87.43,4
"QZ110138","Trimoline 1kg","7 x 1kg","5170 - Grocery and Dry Goods Cost","food",87.34,2
"CM102BC","Mascarpone Cheese 1lb","5 x 1lb","5150 - Dairy Cost","food",86.8,4
"YUZ01","Red Yuzu Kosho 2.82oz","2.82oz","5170 - Grocery and Dry Goods Cost","food",86.5,12
"SPSC536383","Sprite 12fl.oz","35 x 12fl.oz","5335 - N/A Beverage Cost","beverage",86.49,1
"0006511-01","Lamb Bones 1lb","1lb","5110 - Meat Cost","food",86.34,2
"05567","CHEESE-BERMUDA TRIANGLE (lbs) 1lb","1lb","5150 - Dairy Cost","food",86.19,1
"PRD1246","Cherry Tomato Mix 1case","1case","5140 - Produce Cost","food",86,1
"28680","Shoestring Fries 1lb","25 x 1lb","5170 - Grocery and Dry Goods Cost","food",85.75,1
"15043","Puree- Mandarin Orange CASE 6kg","6kg","5315 - Bar Consumables","food",85.72,1
"14164","Mango Cart 12fl.oz","24 x 12fl.oz","5330 - Beer Cost","beverage",85.65,3
"982819","Red Bull Watermelon 8.4fl.oz","24 x 8.4fl.oz","5335 - N/A Beverage Cost","beverage",85,2
"10013","Horseradish Root 1lb","3 x 1lb","5140 - Produce Cost","food",84.97,6
"SUD03","Sudachi Citrus Juice 1each","1each","5170 - Grocery and Dry Goods Cost","food",84,1
"10463666","Fruity Pebbles 15oz","12 x 15oz","5170 - Grocery and Dry Goods Cost","food",83.85,1
"12954","Black Truffle Salt 100g","100g","5170 - Grocery and Dry Goods Cost","food",83.06,4
"17030","Almond Paste 1lb","10.5 x 1lb","5170 - Grocery and Dry Goods Cost","food",82.73,1
"593848","Filthy Bloody Mary Mix 8fl.oz","12 x 8fl.oz","5335 - N/A Beverage Cost","beverage",82.5,3
"BUB01","Bubu Arare (Rice Pearls) 1lb","1lb","5170 - Grocery and Dry Goods Cost","food",82.5,4
"CR-1125K","Dextrose Powder 1kg","5 x 1kg","5170 - Grocery and Dry Goods Cost","food",82.4,2
"PRD0494","Bartlett Pear 1lb","10 x 1lb","5140 - Produce Cost","food",82.36,1
"SPS132	","Paprika Smoked, Spanish 1lb","1lb","5170 - Grocery and Dry Goods Cost","food",82.1,8
"GM327","Yellow Mustard - Food 105oz","105oz","5170 - Grocery and Dry Goods Cost","food",81.91,11
"10876508N","Passion Pineapple Sorbet 1L","5 x 1L","5150 - Dairy Cost","food",81.77000000000001,2
"10355219","Gluten Free Pizza Crust 1each","20 x 1each","5160 - Bakery Cost","food",81.06,1
"930171","Cinnamon Toast Crunch 1each","4 x 1each","5170 - Grocery and Dry Goods Cost","food",80.19,1
"66814","Thai Basil 4oz","4oz","5140 - Produce Cost","food",79.91,21
"EBI5L","Ebi, Butterfly Shrimp 1each","1each","5120 - Seafood Cost","food",79,9
"22253","Tangerine Juice 0.5gal","0.5gal","5335 - N/A Beverage Cost","food",78.94,7
"354788","Bulleit Bourbon 750ml","750ml","5310 - Liquor Cost","beverage",78.6,1
"10547","Egg 12each","15 x 12each","5150 - Dairy Cost","food",78.04,3
"1108711","Dill 1lb","1lb","5140 - Produce Cost","food",78,6
"SPRSSPRITE","Mexican Sprite 12fl.oz","24 x 12fl.oz","5335 - N/A Beverage Cost","beverage",77.96000000000001,2
"0040482-01","Tomahawk, Creekstone 1lb","1lb","5110 - Meat Cost","food",77.74,1
"AMA01","Amadai (Tile Fish) 1lb","1lb","5120 - Seafood Cost","food",77.18,1
"10797050N","Bonito Flakes 1lb","1lb","5170 - Grocery and Dry Goods Cost","food",77.06,4
"41052","Raspberry 1Case","0.5 x 1Case","5140 - Produce Cost","food",76.18,4
"PRD0177","Yellow Wax Bean 1lb","5 x 1lb","5170 - Grocery and Dry Goods Cost","food",76,2
"10301181N","White Chocolate Feves, 33% 1lb","5.51 x 1lb","5170 - Grocery and Dry Goods Cost","food",75.93,1
"10941613","Flatbread 9x6 192g","192g","5170 - Grocery and Dry Goods Cost","food",75.68,1
"01241","Passionfruit - Food 1each","1each","5140 - Produce Cost","food",75.64,1
"11248000","Hiramasa (Yellowtail/King Fish) 1lb","1lb","5120 - Seafood Cost","food",75.6,1
"10872793","Agar Agar 500g","500g","5170 - Grocery and Dry Goods Cost","food",75.12,2
"0035298-01","Ora King Salmon 1lb","1lb","5120 - Seafood Cost","food",74.92,1
"AC-27976","CHILES-CHIPOTLE IN ADOBO 7oz","7oz","5170 - Grocery and Dry Goods Cost","food",73.53,11
"25267","Micro Carrot Top 1pack","1pack","5140 - Produce Cost","food",73.3,4
"GV182","Porcini Powder 1lb","1lb","5170 - Grocery and Dry Goods Cost","food",72.16,2
"41330","Pomegranate 1each","0.5 x 1each","5140 - Produce Cost","beverage",72.08,2
"71319","Hiyashi Wakame 1lb","1lb","5140 - Produce Cost","food",72,3
"0013051-01","Molinari Salami 1lb","1lb","5110 - Meat Cost","food",71.19,2
"TAK03","Octopus, Raw 1lb","1lb","5120 - Seafood Cost","food",71.16,1
"PRD0797","Castelfranco- endive FM 1each","1each","5140 - Produce Cost","food",70.6,1
"10229239","Blood Orange Sorbet 5L","5L","5150 - Dairy Cost","food",70.03999999999999,2
"10229221","Lemon Sorbetto 1L","5 x 1L","5150 - Dairy Cost","food",70.03999999999999,2
"QZ118850A","Tart Shell 15" 1each","240 x 1each","5170 - Grocery and Dry Goods Cost","food",70.03,1
"07797","Tangerine - Food 1Case","1Case","5140 - Produce Cost","food",69.87,4
"18322","Tomato, Heirloom Cherry 1Case","1Case","5140 - Produce Cost","food",69.86,2
"5602PF7449","Tart Shell 1.5in 1each","240 x 1each","5160 - Bakery Cost","food",69.72,1
"23152505","Rock Shrimp 1lb","5 x 1lb","5120 - Seafood Cost","food",69.25,1
"99252","Japanese Eggplant 1lb","10 x 1lb","5140 - Produce Cost","food",69.07000000000001,4
"UNI51","Uni, Mexico 1tray","1tray","5120 - Seafood Cost","food",69,1
"0090273-01","Duck Fat 1lb","1lb","5110 - Meat Cost","food",66.9,1
"430016","Ancho Reyes Red 750ml","750ml","5310 - Liquor Cost","beverage",66,1
"PRD1242","Winter Squash, Honeynut 1lb","10 x 1lb","5140 - Produce Cost","food",65,3
"550224","Lobos Joven 750ml","750ml","5310 - Liquor Cost","beverage",64.4,1
"1773","Sambal Oelek, Sauce 18oz","18oz","5170 - Grocery and Dry Goods Cost","food",64,4
"DAS04","Shiro Dashi 60fl.oz","60fl.oz","5170 - Grocery and Dry Goods Cost","food",64,2
"06001","Fennel Seed, Whole 1oz","14 x 1oz","5170 - Grocery and Dry Goods Cost","food",63.95,7
"28627","Leek 1lb","10 x 1lb","5140 - Produce Cost","food",62.54,1
"GM256","Tempura Batter 1lb","44 x 1lb","5170 - Grocery and Dry Goods Cost","food",62.45,1
"P504-6","Chocolate Croissant 1each","6 x 1each","5160 - Bakery Cost","food",62.4,1
"UF55075","Cornstarch 1lb","1lb","5170 - Grocery and Dry Goods Cost","food",60.86999999999999,17
"GS125N","Maggi Seasoning 27oz","27oz","5170 - Grocery and Dry Goods Cost","food",60.370000000000005,5
"0036014-01","shrimp 31-40 White 1lb","1lb","5120 - Seafood Cost","food",60.3,2
"00274","Endive 1lb","10 x 1lb","5140 - Produce Cost","food",60.26,2
"33552","KAMOSHIBI RED VINEGAR 61fl.oz","61fl.oz","5170 - Grocery and Dry Goods Cost","food",60,1
"49587","Magu Roll 1each","1each","5170 - Grocery and Dry Goods Cost","food",60,5
"HOT01","Muki Hotate (Scallop) 10each","10each","5120 - Seafood Cost","food",60,1
"VN170165","Gluten Free Crackers 4.4oz","12 x 4.4oz","5170 - Grocery and Dry Goods Cost","food",58.74,1
"628756","Copalli White Rum 750ml","750ml","5310 - Liquor Cost","beverage",58.56,1
"0038010-01","Duck Breast, Boneless 1lb","1lb","5110 - Meat Cost","food",58.54,1
"30533","Ponzu 1L","1.8 x 1L","5170 - Grocery and Dry Goods Cost","food",58.5,1
"0012215-01","Prosciutto 3oz","12 x 3oz","5110 - Meat Cost","food",58.27,1
"GS173","Mae ploy- CHILI SAUCE SWEET 25fl.oz","25fl.oz","5170 - Grocery and Dry Goods Cost","food",58.06,2
"89030","CLOVER 18-8 FUKAGATA 1each","1each","5140 - Produce Cost","food",58,1
"14453","Celery Salt 1lb","5 x 1lb","5170 - Grocery and Dry Goods Cost","food",57.69999999999999,3
"71336","Golden Raisin 1lb","5 x 1lb","5170 - Grocery and Dry Goods Cost","food",57.62,3
"981525","Liquid Alchemist Grenadine 375ml","6 x 375ml","5315 - Bar Consumables","beverage",57.5,1
"0032040-01","Rose Pork Sausage Links 1lb","1lb","5110 - Meat Cost","food",56.9,1
"685394","COOKING PORT - Broadbent Port Tawny 10yr 500ml","500ml","5170 - Grocery and Dry Goods Cost","beverage",56.74,1
"01507","Sesame Seed, White 1lb","5 x 1lb","5170 - Grocery and Dry Goods Cost","food",56.709999999999994,3
"1102013","White Soy Sauce 1.8L","1.8L","5170 - Grocery and Dry Goods Cost","food",56.52,1
"10786852N","Mozzarella, Vegan, Shredded 1lb","4 x 1lb","5150 - Dairy Cost","food",56.42,3
"24741","Chile Flakes 1lb","3.5 x 1lb","5170 - Grocery and Dry Goods Cost","food",56.24,1
"1113815","Carrot, Baby Rainbow 1lb","10 x 1lb","5140 - Produce Cost","food",55.88,1
"595375","Filthy Olive Brine, Pouch 8fl.oz","12 x 8fl.oz","5315 - Bar Consumables","beverage",55.68,2
"WAS07","Kizami Wasabi 100g","100g","5170 - Grocery and Dry Goods Cost","food",55.2,9
"920375","Fregola Sarda 1lb","13.2 x 1lb","5170 - Grocery and Dry Goods Cost","food",54.86,1
"41040","Blackberry 1each","1each","5140 - Produce Cost","food",53.449999999999996,3
"10797130","Togarashi 300g","300g","5170 - Grocery and Dry Goods Cost","food",53.37,4
"615303","Suze 750ml","6 x 750ml","5310 - Liquor Cost","beverage",52.4,1
"BC281407","Arborio Rice 1lb","24 x 1lb","5170 - Grocery and Dry Goods Cost","food",50.56,1
"PT-FLG50","Organic French Lemon Ginger - Pyramid Teabags 1each","50 x 1each","5335 - N/A Beverage Cost","beverage",50,1
"PT-WCC50","White Coconut Creme - Pyramid Teabags 1each","50 x 1each","5335 - N/A Beverage Cost","beverage",50,1
"PT-JR50","Jasmine Reserve - Pyramid Teabags 1each","50 x 1each","5335 - N/A Beverage Cost","beverage",50,2
"PT-GPO50	","Green Pomegranate - Pyramid Teabags 1each","50 x 1each","5335 - N/A Beverage Cost","beverage",50,2
"PT-RB50	","Rose Black - Pyramid Teabags 1each","50 x 1each","5335 - N/A Beverage Cost","beverage",50,2
"10940901","Sweet Potato 1lb","20 x 1lb","5140 - Produce Cost","food",50,1
"UNI00","Uni Maruhide 100g","100g","5120 - Seafood Cost","food",50,1
"UF50122","Maraschino Cherries 1gal","0.5 x 1gal","5315 - Bar Consumables","beverage",49.82,2
"06045","Cumin 14oz","14oz","5170 - Grocery and Dry Goods Cost","food",49.53,5
"00774","Bay Leaf 1lb","1lb","5170 - Grocery and Dry Goods Cost","food",49.42999999999999,3
"78096","Pineapple - Bev 1each","2 x 1each","5315 - Bar Consumables","beverage",49.11,4
"09072","Hen Of The Woods Mushroom 1lb","5 x 1lb","5140 - Produce Cost","food",48.88,1
"07404","Jumbo Asparagus 1lb","11 x 1lb","5140 - Produce Cost","food",48.73,1
"9254871","Marsala Cooking Wine 1gal","4 x 1gal","5170 - Grocery and Dry Goods Cost","food",48.27,1
"P506-6","Croissant, Mini 1each","6 x 1each","5160 - Bakery Cost","food",48,1
"148485","Antica Sambuca 750ml","750ml","5310 - Liquor Cost","beverage",47.74,1
"27040","Pink Radish 1each","12 x 1each","5140 - Produce Cost","food",46.85,2
"0080084","Tilapia 1lb","1lb","5120 - Seafood Cost","food",46.8,1
"0036001-01","Shrimp 21-25 White 1lb","1lb","5120 - Seafood Cost","food",46.56,1
"00181","Chile Arbol, Dry 1lb","5 x 1lb","5170 - Grocery and Dry Goods Cost","food",46.53,2
"09585","Eggplant 1each","3 x 1each","5140 - Produce Cost","food",46.5,2
"SPO115","Oregano 1lb","0.5 x 1lb","5170 - Grocery and Dry Goods Cost","food",46.269999999999996,12
"GS552","Muscovado Sugar 1lb","10 x 1lb","5170 - Grocery and Dry Goods Cost","food",46.24,2
"632061","Fever Tree Ginger Ale Can 250ml","24 x 250ml","5335 - N/A Beverage Cost","beverage",46,1
"23510","Popcorn Kernels 30oz","4 x 30oz","5170 - Grocery and Dry Goods Cost","food",45.34,2
"0038365-01","Ground Chicken 1lb","1lb","5110 - Meat Cost","food",45.3,1
"21478","Powdered Sugar 1lb","24 x 1lb","5170 - Grocery and Dry Goods Cost","food",45.13,1
"01120","Fig, Black Mission 1each","12 x 1each","5140 - Produce Cost","food",44.65,1
"0012241-01","Beef Bresaola 1lb","1lb","5110 - Meat Cost","food",44.52,1
"GO174","Sesame Oil 1lb","3.5 x 1lb","5170 - Grocery and Dry Goods Cost","food",44.5,2
"77857","Yuzu Kosho Red 1oz","2 x 1oz","5170 - Grocery and Dry Goods Cost","food",44.339999999999996,3
"12025","Camembert 8oz","6 x 8oz","5150 - Dairy Cost","food",44.26,1
"0005510-01","Italian Sausage 1lb","1lb","5110 - Meat Cost","food",44.1,1
"02438","Passionfruit Sorbet 1L","1.5 x 1L","5150 - Dairy Cost","food",43.92,1
"VN320010","White Peach Puree - Bev 30oz","30oz","5315 - Bar Consumables","beverage",43.64,1
"99963","Garbanzo Bean, Dry 1lb","5 x 1lb","5170 - Grocery and Dry Goods Cost","food",43.59,1
"EI400960N","Cheddar White, Sliced 1lb","5 x 1lb","5150 - Dairy Cost","food",43.37,1
"925065","Gum Powder 450g","450g","5170 - Grocery and Dry Goods Cost","food",43.25,1
"358459","Fee Bros Fee Foam 5oz","12 x 5oz","5315 - Bar Consumables","beverage",43,1
"GSR341","Chicken Base - Food 1lb","1lb","5170 - Grocery and Dry Goods Cost","food",42.839999999999996,2
"ROS02","Bell Rose, Ko Bara 1pack","1pack","5140 - Produce Cost","food",42,3
"13888","Pomegranate Juice 24oz","24oz","5335 - N/A Beverage Cost","beverage",41.76,3
"24717","Topo Chico 12oz","24 x 12oz","5335 - N/A Beverage Cost","food",41.63,1
"1124343","PEPPER JALAPENO SLCD 1gal","1gal","5170 - Grocery and Dry Goods Cost","food",41.46,1
"0082255-01","Tiger Prawn 1lb","1lb","5120 - Seafood Cost","food",41.28,2
"24888","Ufra Biber Chile 1oz","16 x 1oz","5170 - Grocery and Dry Goods Cost","food",40.83,1
"SPS111","Seasame Seeds, White 1lb","5 x 1lb","5170 - Grocery and Dry Goods Cost","food",40.56,2
"GS430","Granulated Sugar - Food 1lb","25 x 1lb","5170 - Grocery and Dry Goods Cost","food",40.55,1
"SAL08","Yuzu Salt 1each","1each","5170 - Grocery and Dry Goods Cost","food",40.3,4
"10444772","Topo Chico 25.4oz","12 x 25.4oz","5335 - N/A Beverage Cost","beverage",40.25,1
"21591","Korean Pear 1case","1case","5140 - Produce Cost","food",40.11,1
"SAL06","Ume Shiso Salt 1g","150 x 1g","5170 - Grocery and Dry Goods Cost","food",40,2
"UNI222","Uni, Australia 1Tray","1Tray","5120 - Seafood Cost","food",40,1
"10799637","Orzo 1lb","20 x 1lb","5170 - Grocery and Dry Goods Cost","food",39.82,1
"10875492N","Vanilla Bean Gelato 1L","5 x 1L","5150 - Dairy Cost","food",39.69,1
"05329","Almonds, Roasted 1lb","5 x 1lb","5170 - Grocery and Dry Goods Cost","food",39.02,3
"VIN050810","Sopressata 1lb","1lb","5110 - Meat Cost","food",38.95,1
"0021060-01","Chicken, Whole 1lb","1lb","5110 - Meat Cost","food",38.88,1
"10118854","Rice Wine Vinegar 1gal","1gal","5170 - Grocery and Dry Goods Cost","food",38.37,3
"PRD0880","Gold Squash 1lb","10 x 1lb","5140 - Produce Cost","food",38,2
"12027","Cheddar Cheese, White Vintage 1lb","5 x 1lb","5150 - Dairy Cost","food",37.21,1
"4404BO0720","Passionfruit Puree - Bev 1kg","1kg","5315 - Bar Consumables","beverage",36.83,1
"SAL01","Soy Salt MOROMI SHIZUKU 1pack","1pack","5170 - Grocery and Dry Goods Cost","food",36.5,2
"10457362","Strawberry Cheesecake Gelato 5L","5L","5150 - Dairy Cost","food",36.29,1
"18338","Raspberry Sorbet 1gal","1.25 x 1gal","5150 - Dairy Cost","food",35.55,1
"30553","Miyako Ajipon 1gal","1gal","5170 - Grocery and Dry Goods Cost","food",35.5,1
"KAN01","Kanzuri 1each","1each","5170 - Grocery and Dry Goods Cost","food",35.25,2
"12120","Cous Cous 1lb","5 x 1lb","5170 - Grocery and Dry Goods Cost","food",35.05,2
"SPP140","Crushed Red Pepper 1oz","12 x 1oz","5170 - Grocery and Dry Goods Cost","food",35.02,7
"0021090-01","Chicken Cage Bones 1lb","1lb","5110 - Meat Cost","food",34.46,4
"FLO11","Edible Flower Mix - Food 1each","1each","5315 - Bar Consumables","food",33.6,2
"19347","Watercress 1lb","1.5 x 1lb","5140 - Produce Cost","food",33.45,2
"MYO01","Myoga (Ginger Buds) 1each","1each","5140 - Produce Cost","food",33.25,3
"22855","MZKN MUSTARD & SHOYU DRS 32oz","6 x 32oz","5170 - Grocery and Dry Goods Cost","food",33,2
"1123743","bell pepper mix 10lb","10lb","5140 - Produce Cost","food",32.94,1
"GB932","Vanilla Paste Pure 32oz","32oz","5170 - Grocery and Dry Goods Cost","food",32.93,1
"77340","Kale, Green 1each","6 x 1each","5140 - Produce Cost","food",32.910000000000004,4
"00811","Cello, Spinach 1lb","10 x 1lb","5140 - Produce Cost","food",32.25,2
"0021028-01","Chicken Leg 1lb","1lb","5110 - Meat Cost","food",32.21,1
"P602-4","Cheese Danish 1each","4 x 1each","5160 - Bakery Cost","food",32,1
"4404BO0680","Mango Puree - Bev 1kg","1kg","5315 - Bar Consumables","beverage",31.88,2
"01040","Blackberry BK 1Basket","12 x 1Basket","5140 - Produce Cost","food",31.8,1
"05455","Crimini Mushroom 1lb","5 x 1lb","5140 - Produce Cost","food",31.36,1
"14166","Sesame Seed, Black 1lb","1lb","5170 - Grocery and Dry Goods Cost","food",31.32,2
"GV369","Yuzu Juice 750ml","750ml","5170 - Grocery and Dry Goods Cost","food",31.29,1
"00816","Cherry Tomato, Yellow 1each","12 x 1each","5140 - Produce Cost","food",31.14,3
"18023","Kale, Baby Mix 1lb","3 x 1lb","5140 - Produce Cost","food",31.090000000000003,2
"10332287N","Half & Half 32oz","32oz","5150 - Dairy Cost","food",30.900000000000002,5
"0080017-01","Rock Cod Fillet 30lb","0.03 x 30lb","5120 - Seafood Cost","food",30.52,1
"P808-4","Blueberry Muffin 1each","4 x 1each","5160 - Bakery Cost","food",30.4,1
"CP158","Grated Parmesan Cheese 1lb","5 x 1lb","5150 - Dairy Cost","food",30.15,1
"00120","Broccoli 1each","14 x 1each","5140 - Produce Cost","food",30.14,1
"71501","Almond, Sliced 1lb","5 x 1lb","5170 - Grocery and Dry Goods Cost","food",30.03,1
"02223","Lemon Sorbet 1gal","1.5 x 1gal","5150 - Dairy Cost","food",30.02,1
"VNR154937","tilamook sharp Cheddar 1lb","1lb","5150 - Dairy Cost","food",30,1
"VN150465","Fig, Black Mission Dried 1lb","5 x 1lb","5170 - Grocery and Dry Goods Cost","food",29.71,1
"10702997N","Yeast 1lb","1lb","5170 - Grocery and Dry Goods Cost","food",29.39,6
"99124","Broccoli 1lb","5 x 1lb","5140 - Produce Cost","food",29.29,2
"00238","Cayenne Pepper 1lb","1lb","5170 - Grocery and Dry Goods Cost","food",29.089999999999996,5
"66840","Oregano 1oz","4 x 1oz","5140 - Produce Cost","food",28.76,7
"23288","FZN-BREAD HOAGIE ROLL MARTIN 36each","36each","5160 - Bakery Cost","food",28.44,1
"24723","Sumac 18oz","18oz","5170 - Grocery and Dry Goods Cost","food",28.06,1
"1113673","Sea Salt 1lb","3.31 x 1lb","5170 - Grocery and Dry Goods Cost","food",27.99,1
"SPS150","Sumac 1lb","1lb","5170 - Grocery and Dry Goods Cost","food",27.88,4
"10113092","Temomi Thick Ramen Noodles 1each","50 x 1each","5170 - Grocery and Dry Goods Cost","food",27.83,1
"GPDEC12B","Spaghetti 1lb","20 x 1lb","5170 - Grocery and Dry Goods Cost","food",27.68,1
"CHUK01","Seaweed Salad, Japan 1lb","1lb","5140 - Produce Cost","food",27.5,1
"395590","400 Conejos Joven Mezcal 750ml","750ml","5310 - Liquor Cost","beverage",27.25,1
"27981","Paprika, Smoked 1lb","1lb","5170 - Grocery and Dry Goods Cost","food",27.24,1
"ITO02","Itoyori (Golden Threadfin Bream) 1lb","1lb","5120 - Seafood Cost","food",27.12,1
"UF57049","Elbow Pasta 10lb","2 x 10lb","5170 - Grocery and Dry Goods Cost","food",26.83,1
"24737	 ","Korean Chili Threads, Spice 1oz","12 x 1oz","5170 - Grocery and Dry Goods Cost","food",26.82,1
"STS24","Truffle Salt 14oz","14oz","5170 - Grocery and Dry Goods Cost","food",26.43,1
"10500113","Dijon Mustard, Whole Grain 1lb","8.6 x 1lb","5170 - Grocery and Dry Goods Cost","food",26.42,1
"0036318-1","Black Tiger Shrimp 1lb","1lb","5120 - Seafood Cost","food",26.4,1
"SAY01","Sayori 1lb","1lb","5120 - Seafood Cost","food",25.98,1
"SPS132S","Paprika 1lb","2 x 1lb","5170 - Grocery and Dry Goods Cost","food",25.26,1
"0110K ","CrÃ¨me Fraiche - Food 1lb","2 x 1lb","5150 - Dairy Cost","food",25.17,1
"21798","Cotija Cheese 1lb","5 x 1lb","5150 - Dairy Cost","food",25.17,1
"PON01","Yuzu Ponzu 1gal","1gal","5170 - Grocery and Dry Goods Cost","food",25,1
"SANS009","Pickled Sansyo/ Arima Sansyo210g 210g","210g","5170 - Grocery and Dry Goods Cost","food",25,1
"21504","Tapioca Pearls 24oz","4 x 24oz","5170 - Grocery and Dry Goods Cost","food",24.83,1
"10028","Bell Pepper, Green 1lb","2 x 1lb","5140 - Produce Cost","food",24.770000000000003,5
"05659","Pear Vinegar 1gal","1gal","5170 - Grocery and Dry Goods Cost","food",24.73,1
"1001180","Dried Cherries 1lb","4 x 1lb","5170 - Grocery and Dry Goods Cost","food",24.71,1
"GF195A","Almond Flour 1lb","5 x 1lb","5170 - Grocery and Dry Goods Cost","food",24.65,1
"0080008-01","Fish Bones 1lb","1lb","5120 - Seafood Cost","food",24.63,11
"11256","Black Garlic 1lb","1lb","5170 - Grocery and Dry Goods Cost","food",24.62,1
"GR107","Pearled Couscous 1lb","55.12 x 1lb","5170 - Grocery and Dry Goods Cost","food",24.46,1
"673","Rustic Loaf 1each","1each","5160 - Bakery Cost","food",24.45,1
"41420","Limes 1each","100 x 1each","5315 - Bar Consumables","food",24.34,1
"06249","Red Opal Basil 4oz","4oz","5140 - Produce Cost","food",24.169999999999998,8
"GF264","King Arthur Sir Lancelot Flour 1lb","50 x 1lb","5170 - Grocery and Dry Goods Cost","food",24,1
"0013098-01","Chorizo 1lb","1lb","5110 - Meat Cost","food",23.7,1
"22702","Yakiniku sauce Bansankan 1each","1each","5170 - Grocery and Dry Goods Cost","food",23.5,1
"25550","Sambal Sauce 1gal","1gal","5170 - Grocery and Dry Goods Cost","food",23.14,1
"GS550","Demerara Sugar 1lb","10 x 1lb","5170 - Grocery and Dry Goods Cost","food",22.94,1
"930710","Burrata 4oz","16 x 4oz","5150 - Dairy Cost","food",22.58,1
"72298","Cheddar Cheese, Shredded 1lb","5 x 1lb","5150 - Dairy Cost","food",22.45,1
"00151","Cauliflower 1each","12 x 1each","5140 - Produce Cost","food",22.39,1
"0753624-01","Ground Turkey 1lb","1lb","5110 - Meat Cost","food",22.28,1
"97045","Dried Cranberry 1lb","5 x 1lb","5170 - Grocery and Dry Goods Cost","food",22.12,2
"40748","Beefsteak Tomatoes 1lb","5 x 1lb","5140 - Produce Cost","food",21.14,1
"0016147-01","Thai Snapper 1lb","1lb","5120 - Seafood Cost","food",21.09,1
"24851","Caraway Seed 1lb","1lb","5170 - Grocery and Dry Goods Cost","food",20.52,1
"UF57839","Italian Seasoning 1lb","2 x 1lb","5170 - Grocery and Dry Goods Cost","food",20.12,1
"INK01","Cuttlefish Ink 1g","500 x 1g","5120 - Seafood Cost","food",19.95,1
"40250","Eggplant, 18 Size 1case","0.5 x 1case","5140 - Produce Cost","food",19.91,1
"SNAPP01","Snapper, Red 1lb","1lb","5120 - Seafood Cost","food",19.9,1
"0080065-01","Seabass 1lb","1lb","5120 - Seafood Cost","food",19.86,1
"16186","Yuzu Juice 200ml","200ml","5170 - Grocery and Dry Goods Cost","food",19.84,1
"10797113N","Furikake 300g","300g","5170 - Grocery and Dry Goods Cost","food",19.75,1
"BOTT01","Bottarga 100g","4.54 x 100g","5120 - Seafood Cost","food",19.59,1
"34675","Crunchy Garlic 1oz","1oz","5170 - Grocery and Dry Goods Cost","food",19.5,1
"DM604","Sour Cream 1lb","5 x 1lb","5150 - Dairy Cost","food",19.32,1
"MENT02","Mentaiko, Tube 1each","1each","5120 - Seafood Cost","food",19.2,2
"30620","Toyo Johakuto (Japanese Sugar) 1lb","2.2 x 1lb","5170 - Grocery and Dry Goods Cost","food",19.2,1
"18714","Petite Red Sorrel 1pack","1pack","5140 - Produce Cost","food",18.45,1
"10899","Nasturtium 1each","1each","5140 - Produce Cost","food",18.44,1
"06794","Micro Shiso 1each","1each","5140 - Produce Cost","food",18.35,1
"08229","wasabi micro 4oz","4oz","5140 - Produce Cost","food",18.22,1
"16096","Pomegrante Seeds 1each","3 x 1each","5140 - Produce Cost","food",18.14,1
"71150","Kiwi - Food 1each","6 x 1each","5140 - Produce Cost","food",18.12,1
"SPG128","Ginger Powder 1lb","1lb","5170 - Grocery and Dry Goods Cost","food",17.41,3
"VN149207","Shiro Shoyu 60fl.oz","60fl.oz","5170 - Grocery and Dry Goods Cost","food",17.19,1
"16801","Mozzarella Cheese Perlini 1lb","3 x 1lb","5150 - Dairy Cost","food",16.89,1
"GS523","Liquid Smoke 1gal","1gal","5170 - Grocery and Dry Goods Cost","food",16.58,1
"10710971RP","Yams, Red Garnet 1lb","5 x 1lb","5140 - Produce Cost","food",16.4,1
"GS105","Hoisin Sauce 1lb","5 x 1lb","5170 - Grocery and Dry Goods Cost","food",16.32,2
"GS511","Corn Syrup 1gal","1gal","5170 - Grocery and Dry Goods Cost","food",16.22,1
"09082","Oyster Sauce 1lb","5 x 1lb","5170 - Grocery and Dry Goods Cost","food",16.05,1
"GV125","Cornichones 1lb","9 x 1lb","5170 - Grocery and Dry Goods Cost","food",15.78,1
"11768","Soy Paper White 20each","20each","5170 - Grocery and Dry Goods Cost","food",15.73,1
"DRE01","Japanese Dressing 1each","1each","5170 - Grocery and Dry Goods Cost","food",15.25,1
"13241","Hon Dashi Soup Stock 1kg","1kg","5170 - Grocery and Dry Goods Cost","food",15,1
"00780","Chervil 1lb","1lb","5140 - Produce Cost","food",14.86,1
"VN150474","Pineapple Ring Dehydrated 5lb","5lb","5315 - Bar Consumables","beverage",14.7,1
"06299","Lotus Root 1lb","1lb","5140 - Produce Cost","food",14.68,1
"77492","Peas, Frozen 1lb","2.5 x 1lb","5140 - Produce Cost","food",14.57,5
"GD130","Sweet Relish 1gal","1gal","5170 - Grocery and Dry Goods Cost","food",14.17,1
"06107","Micro Basil 8oz","8oz","5140 - Produce Cost","food",14.08,1
"7604","Crown Royal 375ml","375ml","5310 - Liquor Cost","beverage",14.02,1
"413044","Crown Royal Regal Apple 375ml","375ml","5310 - Liquor Cost","beverage",14.02,1
"HANA002","Hanaho Fresh 1each","1each","5140 - Produce Cost","food",14,1
"60750","Wakame 1lb","1lb","5140 - Produce Cost","food",13.5,1
"PRD0408","Micro Green Pea 1pack","1pack","5140 - Produce Cost","food",13.18,1
"wak04","Seaweed Fresh, Wakameg 1lb","1lb","5140 - Produce Cost","food",13.15,1
"KAI01","Kaiware (Radish Sprouts) 1each","1each","5140 - Produce Cost","food",12.75,4
"D110K","CrÃ¨me Fraiche 1quart","1quart","5150 - Dairy Cost","food",12.58,1
"UF53085","Green Olive, Sliced 1gal","1gal","5170 - Grocery and Dry Goods Cost","food",12.3,1
"SPC137","Cream Of Tartar 24oz","24oz","5170 - Grocery and Dry Goods Cost","food",12,1
"P807-6","Chocolate Chip Muffin 1each","6 x 1each","5160 - Bakery Cost","food",11.4,1
"BC869867","Fig Vincotto Vinegar 250ml","6 x 250ml","5170 - Grocery and Dry Goods Cost","food",11.06,1
"71285","Cantaloupe - Food 1melon","2 x 1melon","5140 - Produce Cost","food",10.76,1
"06046","Mustard Seed, Brown 27oz","27oz","5170 - Grocery and Dry Goods Cost","food",10.41,1
"10042","Zucchini Squash, Green 1lb","5 x 1lb","5140 - Produce Cost","food",10.39,2
"10254931","Peanut Butter 1lb","5 x 1lb","5170 - Grocery and Dry Goods Cost","food",10.39,1
"00850","Rosemary 1lb","1lb","5140 - Produce Cost","food",10.28,1
"GS116","Soy Sauce, Lite 64fl.oz","64fl.oz","5170 - Grocery and Dry Goods Cost","food",10.27,1
"10148","Ginger - Food 1lb","2 x 1lb","5140 - Produce Cost","food",10.26,2
"SPP168","Poppy Seed 1oz","16 x 1oz","5170 - Grocery and Dry Goods Cost","food",9.68,2
"06036","Mustard Seed 25oz","25oz","5170 - Grocery and Dry Goods Cost","food",9.63,1
"GV385","White Vinegar Distilled 1each","1each","5170 - Grocery and Dry Goods Cost","food",9.52,2
"0009033-01","Cornish Hen 1lb","1lb","5110 - Meat Cost","food",9.42,1
"30367","Katsuo Mirin Furikake 1.7oz","1.7oz","5170 - Grocery and Dry Goods Cost","food",9.3,2
"VN914617","Rose Water 10fl.oz","10fl.oz","5315 - Bar Consumables","beverage",8.59,3
"91113","Fuji Apple 1each","5 x 1each","5140 - Produce Cost","food",8.3,1
"71096","Oyster Sauce Jar 1each","1each","5170 - Grocery and Dry Goods Cost","food",8.2,1
"23697","Miyako Tempura Batter Mix 1each","1each","5170 - Grocery and Dry Goods Cost","food",8.1,1
"10600173","White Miso Paste 1kg","1kg","5170 - Grocery and Dry Goods Cost","food",7.76,1
"NS100B","Sunflower Seeds 1lb","5 x 1lb","5170 - Grocery and Dry Goods Cost","food",7.35,1
"81432","Pomegranate Molasses 12.7oz","12.7oz","5170 - Grocery and Dry Goods Cost","food",7.32,1
"22209","Soy Milk 1quart","1quart","5150 - Dairy Cost","food",7.12,1
"09551","Blue Lake Bean 1lb","5 x 1lb","5140 - Produce Cost","food",6.69,1
"9760","Takara Mirin 700ml","700ml","5170 - Grocery and Dry Goods Cost","food",6.5,1
"91428","Lemongrass 1lb","1lb","5140 - Produce Cost","food",6.4,1
"99451","Cippolini Onion 1lb","2 x 1lb","5140 - Produce Cost","food",6.13,1
"10039","Sprouts, Daikon 1oz","2 x 1oz","5140 - Produce Cost","food",6.04,1
"SPO110","Onion Minced, Spice 1lb","1lb","5170 - Grocery and Dry Goods Cost","food",4.72,1
"SPC105","Celery Seed, Whole 1lb","1lb","5170 - Grocery and Dry Goods Cost","food",4.19,1
"VN600722","Five Spice Powder 1oz","16 x 1oz","5170 - Grocery and Dry Goods Cost","food",3.51,1
"0022092-01","Chicken Skin 1lb","1lb","5110 - Meat Cost","food",2.54,1
"18113","Pick Up Item - Bev 1each","1each","5315 - Bar Consumables","beverage",0,1
"09696","PICK UP ITEM - Food 1each","1each","5170 - Grocery and Dry Goods Cost","food",0,19
"77570","Radish, Ice 1each","6 x 1each","5140 - Produce Cost","food",0,2
"13593","Sherry Vinegar 1gal","1gal","5170 - Grocery and Dry Goods Cost","food",0,2
"27572","Agrumato, Lemon 250ml","6 x 250ml","5170 - Grocery and Dry Goods Cost","food",0,2
"92377","Yellow Squash, Straight 1lb","5 x 1lb","5140 - Produce Cost","food",0,2
"01683","Chervil 4oz","2 x 4oz","5140 - Produce Cost","food",0,2
"MISC001","Shiro Miso 1kg","1kg","5170 - Grocery and Dry Goods Cost","food",0,1
"03720","French Fries 5/16 1lb","30 x 1lb","5170 - Grocery and Dry Goods Cost","food",0,2
"10955628","Sicilian Sunrise Sorbet, Vegan 1L","5 x 1L","5170 - Grocery and Dry Goods Cost","food",0,2
"02855","YEAST-DRY ACTIVE 2lb","2lb","5170 - Grocery and Dry Goods Cost","food",0,2
"GB335T","Vanilla Extract 32oz","32oz","5170 - Grocery and Dry Goods Cost","food",0,2
"qz117773","Chocolate Chip, Semi Sweet 1lb","25 x 1lb","5170 - Grocery and Dry Goods Cost","food",0,2
"UF55454","Vegan Brioche Bun 1each","96 x 1each","5160 - Bakery Cost","food",0,2
"SPA101","Star Anise 8oz","2 x 8oz","5170 - Grocery and Dry Goods Cost","food",0,2
"VN159603","Garam Masala 1lb","1lb","5170 - Grocery and Dry Goods Cost","food",0,2
"485591","Domaine Leflaive, Bourgogne Blanc 2022 750ml","750ml","5320 - Wine Cost","beverage",-348.75,2
"000667879","Yamazaki Mizunara 25yr 700ml","700ml","5310 - Liquor Cost","beverage",-5252.2,1