SKU,Item Name,Category,Subcategory,Measure Type,Base UOM,Reporting UOM,Inventory UOM,Cost Account,Inventory Account
" RICR23CHM","Ceritas, 'Marena', Chardonnay 2023 750ml","wine","","Each","ea","ea","ea","5000","1400"
"0004117-01","Beef, Patty Premium Mix 1lb","meat","","Volume","oz","oz","lb","5000","1400"
"0005510-01","Italian Sausage 1lb","meat","","Volume","oz","oz","lb","5000","1400"
"0006511-01","Lamb Bones 1lb","meat","","Volume","oz","oz","lb","5000","1400"
"000667879","Yamazaki Mizunara 25yr 700ml","liquor","Whiskey","Each","ea","ea","ea","5000","1400"
"0009026-01","Duck Bones, Frozen 1lb","meat","","Volume","oz","oz","lb","5000","1400"
"0009033-01","Cornish Hen 1lb","meat","","Volume","oz","oz","lb","5000","1400"
"00104","Edamame 1each","produce","","Each","ea","ea","each","5000","1400"
"00120","Broccoli 1each","produce","","Each","ea","ea","each","5000","1400"
"0012019-01","Pork Loin Rib 1lb","meat","","Volume","oz","oz","lb","5000","1400"
"0012023-01","Pork Belly Trimmed 1lb","meat","","Volume","oz","oz","lb","5000","1400"
"0012120-01","Pork Butt 1lb","meat","","Volume","oz","oz","lb","5000","1400"
"0012215-01","Prosciutto 3oz","meat","","Volume","oz","oz","oz","5000","1400"
"0012241-01","Beef Bresaola 1lb","meat","","Volume","oz","oz","lb","5000","1400"
"0012295-01","Pork Loin Chop 1lb","meat","","Volume","oz","oz","lb","5000","1400"
"0012450-01","Pork Chop, Frenched 1lb","meat","","Volume","oz","oz","lb","5000","1400"
"0012511-01","Pork Shoulder, Ground 1lb","meat","","Volume","oz","oz","lb","5000","1400"
"0013049-01","Mortadella 1lb","meat","","Volume","oz","oz","lb","5000","1400"
"0013051-01","Molinari Salami 1lb","meat","","Volume","oz","oz","lb","5000","1400"
"0013098-01","Chorizo 1lb","meat","","Volume","oz","oz","lb","5000","1400"
"00151","Cauliflower 1each","produce","","Each","ea","ea","each","5000","1400"
"0015194-01","Lamb Rack 1lb","meat","","Volume","oz","oz","lb","5000","1400"
"0016083-01","Scallop, Dry Pack Fresh 1lb","seafood","","Volume","oz","oz","lb","5000","1400"
"0016093-01","Steelhead Trout 1lb","seafood","","Volume","oz","oz","lb","5000","1400"
"0016147-01","Thai Snapper 1lb","seafood","","Volume","oz","oz","lb","5000","1400"
"0016177-01","Loup de Mer 1lb","seafood","","Volume","oz","oz","lb","5000","1400"
"0016276-01","Soft Shell Crab 1dozen","seafood","","Volume","oz","oz","dozen","5000","1400"
"0016289-01","Shrimp U7 1lb","seafood","","Volume","oz","oz","lb","5000","1400"
"0016815-01","Tuna, Big Eye 1lb","seafood","","Volume","oz","oz","lb","5000","1400"
"0016856-01","Boss Pasterurized Crab Meat 1tin","seafood","","Each","ea","ea","tin","5000","1400"
"0017339-01 ","Tail Flap 1lb","meat","","Volume","oz","oz","lb","5000","1400"
"0017418-01","Beef Tenderloin 5 up 1lb","meat","","Volume","oz","oz","lb","5000","1400"
"0017463-01","Bone Marrow 1lb","meat","","Volume","oz","oz","lb","5000","1400"
"0017678-01","Ribeye, Lip, Creekstone 1lb","meat","","Volume","oz","oz","lb","5000","1400"
"0017970-01","Filet Mignon, Wagyu 1lb","meat","","Volume","oz","oz","lb","5000","1400"
"00181","Chile Arbol, Dry 1lb","grocery","","Volume","oz","oz","lb","5000","1400"
"00193","Guajillo Chile, Dry 1lb","grocery","","Volume","oz","oz","lb","5000","1400"
"0020147-01","Chicken, Boneless Whole 1lb","meat","","Volume","oz","oz","lb","5000","1400"
"0020160-01","Chicken Tender, Breaded 1lb","meat","","Volume","oz","oz","lb","5000","1400"
"0020503-01","Chicken Thigh 1lb","meat","","Volume","oz","oz","lb","5000","1400"
"0020970-01","Chicken Wing, Frozen 1lb","meat","","Volume","oz","oz","lb","5000","1400"
"0021028-01","Chicken Leg 1lb","meat","","Volume","oz","oz","lb","5000","1400"
"0021060-01","Chicken, Whole 1lb","meat","","Volume","oz","oz","lb","5000","1400"
"0021086-01","Chicken Thigh, Boneless 1lb","meat","","Volume","oz","oz","lb","5000","1400"
"0021089-01","Chicken, Whole - Food 1lb","meat","","Volume","oz","oz","lb","5000","1400"
"0021090-01","Chicken Cage Bones 1lb","meat","","Volume","oz","oz","lb","5000","1400"
"0021540-01","Chicken Breast 1lb","meat","","Volume","oz","oz","lb","5000","1400"
"0022015-01","Chicken Wing, Jumbo 1lb","meat","","Volume","oz","oz","lb","5000","1400"
"0022016-01","Chicken- 8OZ SPLIT ROCKY 1lb","meat","","Volume","oz","oz","lb","5000","1400"
"0022092-01","Chicken Skin 1lb","meat","","Volume","oz","oz","lb","5000","1400"
"0023024-01","Chicken Wing 1lb","meat","","Volume","oz","oz","lb","5000","1400"
"00238","Cayenne Pepper 1lb","grocery","","Volume","oz","oz","lb","5000","1400"
"00274","Endive 1lb","produce","","Volume","oz","oz","lb","5000","1400"
"00308","Garlic Peeled 1lb","produce","","Volume","oz","oz","lb","5000","1400"
"0031117-01","Turkey, Breast 1lb","meat","","Volume","oz","oz","lb","5000","1400"
"0032040-01","Rose Pork Sausage Links 1lb","meat","","Volume","oz","oz","lb","5000","1400"
"00327","Honey 1lb","beverage","","Volume","oz","oz","lb","5000","1400"
"0035050-01","Veal Knuckle Bone 1lb","meat","","Volume","oz","oz","lb","5000","1400"
"0035298-01","Ora King Salmon 1lb","seafood","","Volume","oz","oz","lb","5000","1400"
"0036001-01","Shrimp 21-25 White 1lb","seafood","","Volume","oz","oz","lb","5000","1400"
"0036014-01","shrimp 31-40 White 1lb","seafood","","Volume","oz","oz","lb","5000","1400"
"0036100-01","Halibu, Alaskan 1lb","seafood","","Volume","oz","oz","lb","5000","1400"
"00362","Iceberg Lettuce 1head","produce","","Each","ea","ea","head","5000","1400"
"0036318-1","Black Tiger Shrimp 1lb","seafood","","Volume","oz","oz","lb","5000","1400"
"0036366-01","shrimp head on 10-12 1lb","seafood","","Volume","oz","oz","lb","5000","1400"
"0036563-01","Lobster Tails 1lb","seafood","","Volume","oz","oz","lb","5000","1400"
"0037009-01","Hot Dog 1lb","meat","","Volume","oz","oz","lb","5000","1400"
"0037059-01","RIbeye, Sliced, Frozen 1lb","meat","","Volume","oz","oz","lb","5000","1400"
"0037066-01","Kusshi Oysters 1each","seafood","","Each","ea","ea","each","5000","1400"
"0038010-01","Duck Breast, Boneless 1lb","meat","","Volume","oz","oz","lb","5000","1400"
"0038014-01","Duck Breast 1lb","meat","","Volume","oz","oz","lb","5000","1400"
"0038365-01","Ground Chicken 1lb","meat","","Volume","oz","oz","lb","5000","1400"
"0040230-01","Beef, Ground 1lb","meat","","Volume","oz","oz","lb","5000","1400"
"00403","Shitake Mushroom 1lb","produce","","Volume","oz","oz","lb","5000","1400"
"0040382-01","Tri Tip 1lb","meat","","Volume","oz","oz","lb","5000","1400"
"0040482-01","Tomahawk, Creekstone 1lb","meat","","Volume","oz","oz","lb","5000","1400"
"0041048-01","Filet Mignon 1lb","meat","","Volume","oz","oz","lb","5000","1400"
"0041620-01","Filet Mignon, 9+ Score 1lb","meat","","Volume","oz","oz","lb","5000","1400"
"0041672-01","New York Steak, Prime 1lb","meat","","Volume","oz","oz","lb","5000","1400"
"0043416-01","Hanging Tender, Prime 1lb","meat","","Volume","oz","oz","lb","5000","1400"
"0044495-01","Porterhouse, Prime 1lb","meat","","Volume","oz","oz","lb","5000","1400"
"0044713-01","Rib Chop, French 1lb","meat","","Volume","oz","oz","lb","5000","1400"
"00621","Shallot, Peeled 1lb","produce","","Volume","oz","oz","lb","5000","1400"
"0065806-01","Lamb Riblets 1lb","meat","","Volume","oz","oz","lb","5000","1400"
"0070003-01","Jumbo Lump Crabmeat 1lb","seafood","","Volume","oz","oz","lb","5000","1400"
"0071345-01","Outside Skirt, Clean Prime 1lb","meat","","Volume","oz","oz","lb","5000","1400"
"0075470-01","Turkey Maple Sausage 1lb","meat","","Volume","oz","oz","lb","5000","1400"
"00760","Basil - Food 1lb","produce","","Volume","oz","oz","lb","5000","1400"
"00774","Bay Leaf 1lb","grocery","","Volume","oz","oz","lb","5000","1400"
"00778","Granulated Sugar - Bev 1lb","beverage","","Volume","oz","oz","lb","5000","1400"
"00780","Chervil 1lb","produce","","Volume","oz","oz","lb","5000","1400"
"00790","Chives 1lb","produce","","Volume","oz","oz","lb","5000","1400"
"0080004-01","Mussels, Farmed 1lb","seafood","","Volume","oz","oz","lb","5000","1400"
"0080008-01","Fish Bones 1lb","seafood","","Volume","oz","oz","lb","5000","1400"
"0080013-01","Mussels P.E.I. 1lb","seafood","","Volume","oz","oz","lb","5000","1400"
"0080017-01","Rock Cod Fillet 30lb","seafood","","Volume","oz","oz","lb","5000","1400"
"0080065-01","Seabass 1lb","seafood","","Volume","oz","oz","lb","5000","1400"
"0080084","Tilapia 1lb","seafood","","Volume","oz","oz","lb","5000","1400"
"0081027-01","Shrimp 21/25 1lb","seafood","","Volume","oz","oz","lb","5000","1400"
"00811","Cello, Spinach 1lb","produce","","Volume","oz","oz","lb","5000","1400"
"0081194-01","Shrimp 16/20 1lb","seafood","","Volume","oz","oz","lb","5000","1400"
"00816","Cherry Tomato, Yellow 1each","produce","","Each","ea","ea","each","5000","1400"
"0082255-01","Tiger Prawn 1lb","seafood","","Volume","oz","oz","lb","5000","1400"
"00830","Mint - Bev 1lb","beverage","","Volume","oz","oz","lb","5000","1400"
"0083033-01","Littleneck Clams 1lb","seafood","","Volume","oz","oz","lb","5000","1400"
"0083460-01","Salmon, Faroe Island 1lb","seafood","","Volume","oz","oz","lb","5000","1400"
"0084111-01","Halibut 1lb","seafood","","Volume","oz","oz","lb","5000","1400"
"00850","Rosemary 1lb","produce","","Volume","oz","oz","lb","5000","1400"
"0086077-01","Hotaru Ika (Firefly Squid) 1lb","seafood","","Volume","oz","oz","lb","5000","1400"
"0090071-01","Chicken Feet 1lb","meat","","Volume","oz","oz","lb","5000","1400"
"0090273-01","Duck Fat 1lb","meat","","Volume","oz","oz","lb","5000","1400"
"0090454-01","Duck Leg 1lb","meat","","Volume","oz","oz","lb","5000","1400"
"01040","Blackberry BK 1Basket","produce","","Each","ea","ea","basket","5000","1400"
"01057","Strawberry - Food 1each","produce","","Each","ea","ea","each","5000","1400"
"0110K ","Crème Fraiche - Food 1lb","dairy","","Volume","oz","oz","lb","5000","1400"
"01120","Fig, Black Mission 1each","produce","","Each","ea","ea","each","5000","1400"
"01241","Passionfruit - Food 1each","produce","","Each","ea","ea","each","5000","1400"
"01270","Pear, Apple 18each","produce","","Each","ea","ea","each","5000","1400"
"01357","Frying Oil, No Trans Fat 35lb","grocery","","Volume","oz","oz","lb","5000","1400"
"01417","Lemon - Bev 1each","beverage","","Each","ea","ea","each","5000","1400"
"01424","Lime 1each","beverage","","Each","ea","ea","each","5000","1400"
"01432","Orange - Bev 1each","beverage","","Each","ea","ea","each","5000","1400"
"01452","Blood Orange - Bev 1Case","beverage","","Each","ea","ea","case","5000","1400"
"01507","Sesame Seed, White 1lb","grocery","","Volume","oz","oz","lb","5000","1400"
"01671","Radicchio, White 1Case","produce","","Each","ea","ea","case","5000","1400"
"01683","Chervil 4oz","produce","","Volume","oz","oz","oz","5000","1400"
"01684","Chives - Food 4oz","produce","","Volume","oz","oz","oz","5000","1400"
"01751","Orange Juice - Bev 1gal","beverage","","Volume","oz","oz","gal","5000","1400"
"01845","Edamame, Frozen 1lb","produce","","Volume","oz","oz","lb","5000","1400"
"02101","Curly Fries 1lb","grocery","","Volume","oz","oz","lb","5000","1400"
"02223","Lemon Sorbet 1gal","dairy","","Volume","oz","oz","gal","5000","1400"
"02265","Miso 1lb","grocery","","Volume","oz","oz","lb","5000","1400"
"02306","Gorgonzola Cheese 1lb","dairy","","Volume","oz","oz","lb","5000","1400"
"02317","American Cheese, Sliced 1lb","dairy","","Volume","oz","oz","lb","5000","1400"
"02325","Provolone Cheese 1lb","dairy","","Volume","oz","oz","lb","5000","1400"
"02332","Goat Cheese 1lb","dairy","","Volume","oz","oz","lb","5000","1400"
"02351","Dill Pickle Chips 1gal","grocery","","Volume","oz","oz","gal","5000","1400"
"02438","Passionfruit Sorbet 1L","dairy","","Volume","oz","oz","l","5000","1400"
"02606","White Truffle Oil 8.4oz","grocery","","Volume","oz","oz","oz","5000","1400"
"02633","Japanese Yams 1lb","produce","","Volume","oz","oz","lb","5000","1400"
"02635","Vanilla Icecream 1gal","dairy","","Volume","oz","oz","gal","5000","1400"
"02855","YEAST-DRY ACTIVE 2lb","grocery","","Volume","oz","oz","lb","5000","1400"
"02896","Panko Bread Crumbs 1lb","grocery","","Volume","oz","oz","lb","5000","1400"
"02930","Brown Sugar, Light 1lb","grocery","","Volume","oz","oz","lb","5000","1400"
"03136","Broccolini - Food 1each","produce","","Each","ea","ea","each","5000","1400"
"03279","Tuscan Black Kale 1bunch","produce","","Each","ea","ea","bunch","5000","1400"
"03429","Micro Cilantro - Food 1pack","produce","","Each","ea","ea","pack","5000","1400"
"03573","Corn Yellow 1case","produce","","Each","ea","ea","case","5000","1400"
"03607","Cream Cheese 1lb","dairy","","Volume","oz","oz","lb","5000","1400"
"03615","Cream 1gal","dairy","","Volume","oz","oz","gal","5000","1400"
"03720","French Fries 5/16 1lb","grocery","","Volume","oz","oz","lb","5000","1400"
"03769","Tangerine 1lb","beverage","","Volume","oz","oz","lb","5000","1400"
"03903","Parmesan 1lb","dairy","","Volume","oz","oz","lb","5000","1400"
"03913","Manchego 1lb","dairy","","Volume","oz","oz","lb","5000","1400"
"0411717-01","Beef Slider, 2oz Patty 1lb","meat","","Volume","oz","oz","lb","5000","1400"
"04809","Red Wine Vinegar 1gal","grocery","","Volume","oz","oz","gal","5000","1400"
"04810","White Wine Vinegar 1gal","grocery","","Volume","oz","oz","gal","5000","1400"
"04987","Iceberg Baby Hearts 1head","produce","","Each","ea","ea","head","5000","1400"
"05032","French Fries 1/4 1lb","grocery","","Volume","oz","oz","lb","5000","1400"
"05221","Champagne Vinegar 1gal","grocery","","Volume","oz","oz","gal","5000","1400"
"05329","Almonds, Roasted 1lb","grocery","","Volume","oz","oz","lb","5000","1400"
"05455","Crimini Mushroom 1lb","produce","","Volume","oz","oz","lb","5000","1400"
"05537","Shimeji Brown Mushroom 5.3oz","produce","","Volume","oz","oz","oz","5000","1400"
"05567","CHEESE-BERMUDA TRIANGLE (lbs) 1lb","dairy","","Volume","oz","oz","lb","5000","1400"
"05659","Pear Vinegar 1gal","grocery","","Volume","oz","oz","gal","5000","1400"
"05802","Whole Milk 1gal","dairy","","Volume","oz","oz","gal","5000","1400"
"06001","Fennel Seed, Whole 1oz","grocery","","Volume","oz","oz","oz","5000","1400"
"06036","Mustard Seed 25oz","grocery","","Volume","oz","oz","oz","5000","1400"
"06045","Cumin 14oz","grocery","","Volume","oz","oz","oz","5000","1400"
"06046","Mustard Seed, Brown 27oz","grocery","","Volume","oz","oz","oz","5000","1400"
"06107","Micro Basil 8oz","produce","","Volume","oz","oz","oz","5000","1400"
"0623942SX","Tenuta San Guido, 'Le Difese', Toscana IGT 2023 750ml","wine","","Each","ea","ea","ea","5000","1400"
"06249","Red Opal Basil 4oz","produce","","Volume","oz","oz","oz","5000","1400"
"06299","Lotus Root 1lb","produce","","Volume","oz","oz","lb","5000","1400"
"06461","Micro Shiso, Red 1each","produce","","Each","ea","ea","each","5000","1400"
"06563","Tempura Mix 1lb","grocery","","Volume","oz","oz","lb","5000","1400"
"06794","Micro Shiso 1each","produce","","Each","ea","ea","each","5000","1400"
"0701345-01","Outside Skirt 1lb","meat","","Volume","oz","oz","lb","5000","1400"
"0720518","Massolino, Barolo 2020 750ml","wine","","Each","ea","ea","ea","5000","1400"
"07404","Jumbo Asparagus 1lb","produce","","Volume","oz","oz","lb","5000","1400"
"0753624-01","Ground Turkey 1lb","meat","","Volume","oz","oz","lb","5000","1400"
"07596","Half & Half 0.5gal","beverage","","Volume","oz","oz","gal","5000","1400"
"07797","Tangerine - Food 1Case","produce","","Each","ea","ea","case","5000","1400"
"07961","Shimeji White Mushrooms 5.3oz","produce","","Volume","oz","oz","oz","5000","1400"
"08005","Fennel Pollen 1oz","grocery","","Volume","oz","oz","oz","5000","1400"
"08134","Wild Rocket Arugula 1lb","produce","","Volume","oz","oz","lb","5000","1400"
"08229","wasabi micro 4oz","produce","","Volume","oz","oz","oz","5000","1400"
"09072","Hen Of The Woods Mushroom 1lb","produce","","Volume","oz","oz","lb","5000","1400"
"09082","Oyster Sauce 1lb","grocery","","Volume","oz","oz","lb","5000","1400"
"09169","Whole Milk 0.5gal","dairy","","Volume","oz","oz","gal","5000","1400"
"09287","Farro Grain 1lb","grocery","","Volume","oz","oz","lb","5000","1400"
"09551","Blue Lake Bean 1lb","produce","","Volume","oz","oz","lb","5000","1400"
"09552","Fava Bean 1lb","produce","","Volume","oz","oz","lb","5000","1400"
"09557","Blackberries 1each","beverage","","Each","ea","ea","each","5000","1400"
"09558","Blueberries 1each","produce","","Each","ea","ea","each","5000","1400"
"09559","Raspberries 1each","beverage","","Each","ea","ea","each","5000","1400"
"09560","Bar Consumables 1each","beverage","","Each","ea","ea","each","5000","1400"
"09562","Brussel Sprouts 1lb","produce","","Volume","oz","oz","lb","5000","1400"
"09563","Cabbage, Green (Head) 1each","produce","","Each","ea","ea","each","5000","1400"
"09564","Napa Cabbage 1each","produce","","Each","ea","ea","each","5000","1400"
"09565","Cabbage, Red 1each","produce","","Each","ea","ea","each","5000","1400"
"09566","Carrot, Jumbo 1lb","produce","","Volume","oz","oz","lb","5000","1400"
"09568","Celery 1each","produce","","Each","ea","ea","each","5000","1400"
"09569","Celery Root 1each","produce","","Each","ea","ea","each","5000","1400"
"09572","Serrano - Food 1lb","produce","","Volume","oz","oz","lb","5000","1400"
"09578","Orange - Bev 1lb","beverage","","Volume","oz","oz","lb","5000","1400"
"09581","Corn, Yellow (Ear) 1each","produce","","Each","ea","ea","each","5000","1400"
"09584","Cucumber - Bev 1each","beverage","","Each","ea","ea","each","5000","1400"
"09585","Eggplant 1each","produce","","Each","ea","ea","each","5000","1400"
"09587","Fennel 1each","produce","","Each","ea","ea","each","5000","1400"
"09589","Ginger - Bev 1lb","beverage","","Volume","oz","oz","lb","5000","1400"
"09592","Basil - Food 4oz","produce","","Volume","oz","oz","oz","5000","1400"
"09593","Cilantro 1bunch","produce","","Each","ea","ea","bunch","5000","1400"
"09594","Dill 4oz","produce","","Volume","oz","oz","oz","5000","1400"
"09595","Mint - Bev 4oz","beverage","","Volume","oz","oz","oz","5000","1400"
"09596","Parsley 1each","produce","","Each","ea","ea","each","5000","1400"
"09597","Italian Parsley - Food 1each","produce","","Each","ea","ea","each","5000","1400"
"09598","Rosemary 4oz","produce","","Volume","oz","oz","oz","5000","1400"
"09696","PICK UP ITEM - Food 1each","grocery","","Each","ea","ea","each","5000","1400"
"099012","Scrappy’s Firewater Tincture 5oz","beverage","","Volume","oz","oz","oz","5000","1400"
"09911","Fever Tree Tonic Water 200ml","beverage","","Volume","oz","oz","ml","5000","1400"
"09919","Fever Tree Club Soda 500ml","beverage","","Volume","oz","oz","ml","5000","1400"
"10011","Tarragon 4oz","produce","","Volume","oz","oz","oz","5000","1400"
"1001180","Dried Cherries 1lb","grocery","","Volume","oz","oz","lb","5000","1400"
"10012","Thyme 1oz","produce","","Volume","oz","oz","oz","5000","1400"
"10013","Horseradish Root 1lb","produce","","Volume","oz","oz","lb","5000","1400"
"10015","Leek 1leek","produce","","Volume","oz","oz","leek","5000","1400"
"10018","Green Onion - Food 1bunch","produce","","Each","ea","ea","bunch","5000","1400"
"10019","Onion, Jumbo 1lb","produce","","Volume","oz","oz","lb","5000","1400"
"10020","Onion, Red Jumbo 1lb","produce","","Volume","oz","oz","lb","5000","1400"
"10025","English Pea 1lb","produce","","Volume","oz","oz","lb","5000","1400"
"10027","Bell Pepper, Gold 1lb","produce","","Volume","oz","oz","lb","5000","1400"
"10028","Bell Pepper, Green 1lb","produce","","Volume","oz","oz","lb","5000","1400"
"10029","Bell Pepper, Red 1lb","produce","","Volume","oz","oz","lb","5000","1400"
"10035","Daikon Radish 1lb","produce","","Volume","oz","oz","lb","5000","1400"
"10039","Sprouts, Daikon 1oz","produce","","Volume","oz","oz","oz","5000","1400"
"10042","Zucchini Squash, Green 1lb","produce","","Volume","oz","oz","lb","5000","1400"
"10060","Sesame Oil 1gal","grocery","","Volume","oz","oz","gal","5000","1400"
"10098953","Eliche, Fusilli, Gluten Free 8.8oz","grocery","","Volume","oz","oz","oz","5000","1400"
"10100937N","Potato Startch 1lb","grocery","","Volume","oz","oz","lb","5000","1400"
"10113092","Temomi Thick Ramen Noodles 1each","grocery","","Each","ea","ea","each","5000","1400"
"10118854","Rice Wine Vinegar 1gal","grocery","","Volume","oz","oz","gal","5000","1400"
"101291","Dirty Sue Olive Juice 375ml","beverage","","Volume","oz","oz","ml","5000","1400"
"10148","Ginger - Food 1lb","produce","","Volume","oz","oz","lb","5000","1400"
"10229183","Strawberry Sorbetto 1L","dairy","","Volume","oz","oz","l","5000","1400"
"10229221","Lemon Sorbetto 1L","dairy","","Volume","oz","oz","l","5000","1400"
"10229239","Blood Orange Sorbet 5L","dairy","","Volume","oz","oz","l","5000","1400"
"10229335","Dark Chocolate Gelato 1L","dairy","","Volume","oz","oz","l","5000","1400"
"10254931","Peanut Butter 1lb","grocery","","Volume","oz","oz","lb","5000","1400"
"10260990","Cocoa Powder 1lb","grocery","","Volume","oz","oz","lb","5000","1400"
"10300103N","Almond Milk, Califa Barista 32fl.oz","dairy","","Volume","oz","oz","fl","5000","1400"
"10301181N","White Chocolate Feves, 33% 1lb","grocery","","Volume","oz","oz","lb","5000","1400"
"10305297","Calabrian Pepper, Crushed 950g","grocery","","Weight","oz","oz","g","5000","1400"
"10332287N","Half & Half 32oz","dairy","","Volume","oz","oz","oz","5000","1400"
"10339083","Hot Dog Bun 1bun","bakery","","Each","ea","ea","bun","5000","1400"
"10355219","Gluten Free Pizza Crust 1each","bakery","","Each","ea","ea","each","5000","1400"
"10359","Cucumber, Hot House - Bev 1each","beverage","","Each","ea","ea","each","5000","1400"
"103605","Three Crab Fish Sauce 24oz","grocery","","Volume","oz","oz","oz","5000","1400"
"1036118-B12","Chateau Calon Segur 2009 750ml","wine","","Each","ea","ea","ea","5000","1400"
"1036144-B12","Chateau Ducru Beaucaillou 2008 750ml","wine","","Each","ea","ea","ea","5000","1400"
"1037350-B12","Chateau Cantemerle, Haut Medoc 2010 750ml","wine","","Each","ea","ea","ea","5000","1400"
"1038396-B12","Chateau Pichon Baron 2000 750ml","wine","","Each","ea","ea","ea","5000","1400"
"1039813-B06","Chateau Canon La Gaffeliere 2000 750ml","wine","","Each","ea","ea","ea","5000","1400"
"10404","EGG 15 DZ XLARGE LOOSE 1each","dairy","","Each","ea","ea","each","5000","1400"
"104063","White Cooking Wine 1L","grocery","","Volume","oz","oz","l","5000","1400"
"10441563","Coffee Cold Brew Nola 10.66fl.oz","beverage","","Volume","oz","oz","fl","5000","1400"
"10444772","Topo Chico 25.4oz","beverage","","Volume","oz","oz","oz","5000","1400"
"10444781","Topo Chico 12fl.oz","beverage","","Volume","oz","oz","fl","5000","1400"
"10456546N","Coffee Cold Brew Bright 8oz","beverage","","Volume","oz","oz","oz","5000","1400"
"10457362","Strawberry Cheesecake Gelato 5L","dairy","","Volume","oz","oz","l","5000","1400"
"10463666","Fruity Pebbles 15oz","grocery","","Volume","oz","oz","oz","5000","1400"
"10476758","Pepperoni 1lb","meat","","Volume","oz","oz","lb","5000","1400"
"10500113","Dijon Mustard, Whole Grain 1lb","grocery","","Volume","oz","oz","lb","5000","1400"
"10513504","Unsweetened Almond Milk 32oz","beverage","","Volume","oz","oz","oz","5000","1400"
"10517265","Salted Dulce de Leche Gelato 5L","dairy","","Volume","oz","oz","l","5000","1400"
"10547","Egg 12each","dairy","","Each","ea","ea","each","5000","1400"
"10600173","White Miso Paste 1kg","grocery","","Weight","oz","oz","kg","5000","1400"
"10613935N","Tamari Shoyu 1.8L","grocery","","Volume","oz","oz","l","5000","1400"
"10617143","Trailblazer Flour 1lb","grocery","","Volume","oz","oz","lb","5000","1400"
"10702997N","Yeast 1lb","grocery","","Volume","oz","oz","lb","5000","1400"
"10710971RP","Yams, Red Garnet 1lb","produce","","Volume","oz","oz","lb","5000","1400"
"10754931","Oat Milk 1L","beverage","","Volume","oz","oz","l","5000","1400"
"10761","Yamazaki 12yr 750ml","liquor","Whiskey","Each","ea","ea","ea","5000","1400"
"10763870","Pretzel Sticks 1each","grocery","","Each","ea","ea","each","5000","1400"
"10771925","Tomato, Whole Peeled 102oz","grocery","","Volume","oz","oz","oz","5000","1400"
"10772291 ","Organic Flour 1lb","grocery","","Volume","oz","oz","lb","5000","1400"
"10786852N","Mozzarella, Vegan, Shredded 1lb","dairy","","Volume","oz","oz","lb","5000","1400"
"10797050N","Bonito Flakes 1lb","grocery","","Volume","oz","oz","lb","5000","1400"
"10797113N","Furikake 300g","grocery","","Weight","oz","oz","g","5000","1400"
"10797130","Togarashi 300g","grocery","","Weight","oz","oz","g","5000","1400"
"10799637","Orzo 1lb","grocery","","Volume","oz","oz","lb","5000","1400"
"108131","Smith & Sheth, 'CRU', Chardonnay 2022 750ml","wine","","Each","ea","ea","ea","5000","1400"
"10814155N","Shio Koji 500ml","grocery","","Volume","oz","oz","ml","5000","1400"
"10815289","Prosciutto, Italian Sliced 1lb","meat","","Volume","oz","oz","lb","5000","1400"
"108362","Le Ragnaie, Brunello di Montalcino 2020 750ml","wine","","Each","ea","ea","ea","5000","1400"
"108364","Le Ragnaie, 'Vecchie Vigne', Brunello di Montalcino 2020 750ml","wine","","Each","ea","ea","ea","5000","1400"
"108366","Le Ragnaie, 'Casa Montisoli', Brunello di Montalcino 2020 750ml","wine","","Each","ea","ea","ea","5000","1400"
"10843175BC","Salame di Manzo 1lb","meat","","Volume","oz","oz","lb","5000","1400"
"10872793","Agar Agar 500g","grocery","","Weight","oz","oz","g","5000","1400"
"10874","Lavash 1each","bakery","","Each","ea","ea","each","5000","1400"
"10875492N","Vanilla Bean Gelato 1L","dairy","","Volume","oz","oz","l","5000","1400"
"10875601N","Coconut Sorbet Vegan 5L","dairy","","Volume","oz","oz","l","5000","1400"
"10876508N","Passion Pineapple Sorbet 1L","dairy","","Volume","oz","oz","l","5000","1400"
"108983","Soy Sauce 1gal","grocery","","Volume","oz","oz","gal","5000","1400"
"10899","Nasturtium 1each","produce","","Each","ea","ea","each","5000","1400"
"1091109-B06	","Chateau Langoa Barton 2009 750ml","wine","","Each","ea","ea","ea","5000","1400"
"109148","Cabot Clothbound Cheese 1lb","dairy","","Volume","oz","oz","lb","5000","1400"
"10937403","Honeycomb 12oz","grocery","","Volume","oz","oz","oz","5000","1400"
"10940901","Sweet Potato 1lb","produce","","Volume","oz","oz","lb","5000","1400"
"10941613","Flatbread 9x6 192g","grocery","","Weight","oz","oz","g","5000","1400"
"10943109","Yams 1lb","produce","","Volume","oz","oz","lb","5000","1400"
"10955628","Sicilian Sunrise Sorbet, Vegan 1L","grocery","","Volume","oz","oz","l","5000","1400"
"10955661","Ginger Mint Sorbet 1L","dairy","","Volume","oz","oz","l","5000","1400"
"1095910","Gochujang GF 1kg","grocery","","Weight","oz","oz","kg","5000","1400"
"10965","Blue Corn Tortilla 6" 12each","grocery","","Each","ea","ea","each","5000","1400"
"10970","Tortilla, Flour 12" 12each","grocery","","Each","ea","ea","each","5000","1400"
"109844","Point Reyes Blue Cheese 1lb","dairy","","Volume","oz","oz","lb","5000","1400"
"1099985","Butter, Plant Based 1lb","dairy","","Volume","oz","oz","lb","5000","1400"
"1102013","White Soy Sauce 1.8L","grocery","","Volume","oz","oz","l","5000","1400"
"1108288-B12","Chateau Giscours 2014 750ml","wine","","Each","ea","ea","ea","5000","1400"
"1108711","Dill 1lb","produce","","Volume","oz","oz","lb","5000","1400"
"1113673","Sea Salt 1lb","grocery","","Volume","oz","oz","lb","5000","1400"
"1113815","Carrot, Baby Rainbow 1lb","produce","","Volume","oz","oz","lb","5000","1400"
"1115673-B06","Chateau Calon Segur 2016 750ml","wine","","Each","ea","ea","ea","5000","1400"
"1116178","American Cheese, Loaf 1lb","dairy","","Volume","oz","oz","lb","5000","1400"
"1116547-B06","Chateau Les Carmes Haut Brion 2016 750ml","wine","","Each","ea","ea","ea","5000","1400"
"1117021-B06","Clos Fourtet 2016 750ml","wine","","Each","ea","ea","ea","5000","1400"
"11201270","Crab Meat, Lump 1tin","seafood","","Each","ea","ea","tin","5000","1400"
"1121609","Noni Fruit Seed Oil 35lb","grocery","","Volume","oz","oz","lb","5000","1400"
"11235532","Branzino, Euro 1lb","seafood","","Volume","oz","oz","lb","5000","1400"
"1123743","bell pepper mix 10lb","produce","","Volume","oz","oz","lb","5000","1400"
"11238503","Dover Sole 1lb","seafood","","Volume","oz","oz","lb","5000","1400"
"1124343","PEPPER JALAPENO SLCD 1gal","grocery","","Volume","oz","oz","gal","5000","1400"
"1124443-C06","Chateau Cos d'Estournel, 'Le Medoc de Cos' 2016 750ml","wine","","Each","ea","ea","ea","5000","1400"
"11248000","Hiramasa (Yellowtail/King Fish) 1lb","seafood","","Volume","oz","oz","lb","5000","1400"
"11256","Black Garlic 1lb","grocery","","Volume","oz","oz","lb","5000","1400"
"1139691-B12","Chateau Cos d'Estournel 1990 750ml","wine","","Each","ea","ea","ea","5000","1400"
"1141359-B06","Chateau Nenin 1998 750ml","wine","","Each","ea","ea","ea","5000","1400"
"1146440-C06","Hetszolo, '5 Puttonyos', Tokaji 2010 500ml","wine","","Each","ea","ea","ea","5000","1400"
"11485","Micro Citrus Mix 1each","produce","","Each","ea","ea","each","5000","1400"
"11695955","Luna Nueva Blanco 750ml","liquor","","Each","ea","ea","ea","5000","1400"
"11768","Soy Paper White 20each","grocery","","Each","ea","ea","each","5000","1400"
"11824","Green Garlic 1lb","produce","","Volume","oz","oz","lb","5000","1400"
"11850","Estrella - Bev 12fl.oz","beer","","Each","ea","ea","ea","5000","1400"
"11866","Greek Yogurt 1quart","dairy","","Each","ea","ea","quart","5000","1400"
"12025","Camembert 8oz","dairy","","Volume","oz","oz","oz","5000","1400"
"12027","Cheddar Cheese, White Vintage 1lb","dairy","","Volume","oz","oz","lb","5000","1400"
"12092","Almond, Smoked 1lb","grocery","","Volume","oz","oz","lb","5000","1400"
"12120","Cous Cous 1lb","grocery","","Volume","oz","oz","lb","5000","1400"
"12188","Kombu 1lb","grocery","","Volume","oz","oz","lb","5000","1400"
"12197","Burrata 1lb","dairy","","Volume","oz","oz","lb","5000","1400"
"12221","Dijon Mustard 1lb","grocery","","Volume","oz","oz","lb","5000","1400"
"122339","Fernet Branca 750ml","liquor","Liqueur","Each","ea","ea","ea","5000","1400"
"122466","Hendricks 1L","liquor","Gin","Each","ea","ea","ea","5000","1400"
"12372","Worcestershire Sauce 1gal","grocery","","Volume","oz","oz","gal","5000","1400"
"12386","Alta Cucina Tomatos 108oz","grocery","","Volume","oz","oz","oz","5000","1400"
"12606","Shishito Pepper 1lb","produce","","Volume","oz","oz","lb","5000","1400"
"12830","Cornichons 1lb","grocery","","Volume","oz","oz","lb","5000","1400"
"12906","Hen Of The Woods Mushroom 3.5oz","produce","","Volume","oz","oz","oz","5000","1400"
"12954","Black Truffle Salt 100g","grocery","","Weight","oz","oz","g","5000","1400"
"13037","Molasses 1gal","grocery","","Volume","oz","oz","gal","5000","1400"
"13120307","Chilean Seabass 1lb","seafood","","Volume","oz","oz","lb","5000","1400"
"13241","Hon Dashi Soup Stock 1kg","grocery","","Weight","oz","oz","kg","5000","1400"
"13593","Sherry Vinegar 1gal","grocery","","Volume","oz","oz","gal","5000","1400"
"137842-B12","Chateau Haut Brion 1982 750ml","wine","","Each","ea","ea","ea","5000","1400"
"13886","Butter, European Style 1lb","dairy","","Volume","oz","oz","lb","5000","1400"
"13888","Pomegranate Juice 24oz","beverage","","Volume","oz","oz","oz","5000","1400"
"13946","Artichoke Hearts, Marinated 1lb","grocery","","Volume","oz","oz","lb","5000","1400"
"139686","San Pellegrino 750ml","beverage","","Volume","oz","oz","ml","5000","1400"
"14164","Mango Cart 12fl.oz","beer","","Each","ea","ea","ea","5000","1400"
"14166","Sesame Seed, Black 1lb","grocery","","Volume","oz","oz","lb","5000","1400"
"14204","Mozzarella Cheese Ovaline 3lb","dairy","","Volume","oz","oz","lb","5000","1400"
"14218","Gluten Free Flour 1lb","grocery","","Volume","oz","oz","lb","5000","1400"
"14453","Celery Salt 1lb","grocery","","Volume","oz","oz","lb","5000","1400"
"148485","Antica Sambuca 750ml","liquor","Liqueur","Each","ea","ea","ea","5000","1400"
"15005","Dark Muscovado Sugar 1lb","grocery","","Volume","oz","oz","lb","5000","1400"
"15043","Puree- Mandarin Orange CASE 6kg","food","produce","Weight","oz","oz","kg","5000","1400"
"15348","Maldon Sea Salt 1lb","grocery","","Volume","oz","oz","lb","5000","1400"
"15919","Ginger, Pickled 1lb","produce","","Volume","oz","oz","lb","5000","1400"
"16096","Pomegrante Seeds 1each","produce","","Each","ea","ea","each","5000","1400"
"161795","Remy Martin XO 750ml","liquor","Cognac","Each","ea","ea","ea","5000","1400"
"16186","Yuzu Juice 200ml","grocery","","Volume","oz","oz","ml","5000","1400"
"16433","Brown Sugar, Dark 1lb","grocery","","Volume","oz","oz","lb","5000","1400"
"16801","Mozzarella Cheese Perlini 1lb","dairy","","Volume","oz","oz","lb","5000","1400"
"17030","Almond Paste 1lb","grocery","","Volume","oz","oz","lb","5000","1400"
"1773","Sambal Oelek, Sauce 18oz","grocery","","Volume","oz","oz","oz","5000","1400"
"18023","Kale, Baby Mix 1lb","produce","","Volume","oz","oz","lb","5000","1400"
"18113","Pick Up Item - Bev 1each","beverage","","Each","ea","ea","each","5000","1400"
"18322","Tomato, Heirloom Cherry 1Case","produce","","Each","ea","ea","case","5000","1400"
"18338","Raspberry Sorbet 1gal","dairy","","Volume","oz","oz","gal","5000","1400"
"1853","La Colombe Cold Brew Concentrate BIB 3gal","beverage","","Volume","oz","oz","gal","5000","1400"
"18714","Petite Red Sorrel 1pack","produce","","Each","ea","ea","pack","5000","1400"
"18771","Tajin 1each","beverage","","Each","ea","ea","each","5000","1400"
"18866","Chantrelle 1lb","produce","","Volume","oz","oz","lb","5000","1400"
"18894","Stella Liberte 11.2fl.oz","beer","","Each","ea","ea","ea","5000","1400"
"18905","Verve Coffee 1(LB)","beverage","","Volume","oz","oz","each","5000","1400"
"190131","Vanilla Bean 1oz","grocery","","Volume","oz","oz","oz","5000","1400"
"19064","Red Gem Lettuce 1lb","produce","","Volume","oz","oz","lb","5000","1400"
"191307","Woodford Reserve 1L","liquor","Whiskey","Each","ea","ea","ea","5000","1400"
"1922146","Etienne Sauzet, 'Jardin du Calvaire', Bourgogne Cotes de Beaune 2022 750ml","wine","","Each","ea","ea","ea","5000","1400"
"19347","Watercress 1lb","produce","","Volume","oz","oz","lb","5000","1400"
"19348","Squash Flower, Male 1each","produce","","Each","ea","ea","each","5000","1400"
"19683","Cherry Tomato, Sungold 1bk","produce","","Each","ea","ea","bk","5000","1400"
"19700","Glucose Syrup 1kg","grocery","","Weight","oz","oz","kg","5000","1400"
"19987","Romaine Hearts 1each","produce","","Each","ea","ea","each","5000","1400"
"200335","Cointreau 750ml","liquor","Liqueur","Each","ea","ea","ea","5000","1400"
"201010","Red Bull 8.4fl.oz","beverage","","Volume","oz","oz","fl","5000","1400"
"20422","Sushi Rice 1lb","grocery","","Volume","oz","oz","lb","5000","1400"
"20821","Eel Sauce 1lb","grocery","","Volume","oz","oz","lb","5000","1400"
"21394","Creme Fraiche - Bev 1lb","dairy","","Volume","oz","oz","lb","5000","1400"
"21478","Powdered Sugar 1lb","grocery","","Volume","oz","oz","lb","5000","1400"
"21504","Tapioca Pearls 24oz","grocery","","Volume","oz","oz","oz","5000","1400"
"21591","Korean Pear 1case","produce","","Each","ea","ea","case","5000","1400"
"21716","Spinach 1lb","produce","","Volume","oz","oz","lb","5000","1400"
"21798","Cotija Cheese 1lb","dairy","","Volume","oz","oz","lb","5000","1400"
"22002","Castelveltrano Olives 1lb","beverage","","Volume","oz","oz","lb","5000","1400"
"22177","Maple Syrup 1gal","grocery","","Volume","oz","oz","gal","5000","1400"
"22209","Soy Milk 1quart","dairy","","Each","ea","ea","quart","5000","1400"
"222369","Giffard Lichi-Li 750ml","liquor","Liqueur","Each","ea","ea","ea","5000","1400"
"22253","Tangerine Juice 0.5gal","beverage","","Volume","oz","oz","gal","5000","1400"
"22444","Pea Tendrils 1lb","produce","","Volume","oz","oz","lb","5000","1400"
"22559","Saffron 1oz","grocery","","Volume","oz","oz","oz","5000","1400"
"22702","Yakiniku sauce Bansankan 1each","grocery","","Each","ea","ea","each","5000","1400"
"22855","MZKN MUSTARD & SHOYU DRS 32oz","grocery","","Volume","oz","oz","oz","5000","1400"
"23152505","Rock Shrimp 1lb","seafood","","Volume","oz","oz","lb","5000","1400"
"23158018","Lobster Meat, Frozen 1lb","seafood","","Volume","oz","oz","lb","5000","1400"
"23288","FZN-BREAD HOAGIE ROLL MARTIN 36each","bakery","","Each","ea","ea","each","5000","1400"
"233901","Cointreau 1L","liquor","Liqueur","Each","ea","ea","ea","5000","1400"
"23401","Basmati Rice 1lb","grocery","","Volume","oz","oz","lb","5000","1400"
"23510","Popcorn Kernels 30oz","grocery","","Volume","oz","oz","oz","5000","1400"
"23697","Miyako Tempura Batter Mix 1each","grocery","","Each","ea","ea","each","5000","1400"
"23755","Corn Tortilla 4" 12each","grocery","","Each","ea","ea","each","5000","1400"
"23853","Martin's Potato Bun 1roll","bakery","","Volume","oz","oz","roll","5000","1400"
"24568","Romaine Heart, Case 1lb","produce","","Volume","oz","oz","lb","5000","1400"
"24717","Topo Chico 12oz","beverage","","Volume","oz","oz","oz","5000","1400"
"24723","Sumac 18oz","grocery","","Volume","oz","oz","oz","5000","1400"
"24737	 ","Korean Chili Threads, Spice 1oz","grocery","","Volume","oz","oz","oz","5000","1400"
"24741","Chile Flakes 1lb","grocery","","Volume","oz","oz","lb","5000","1400"
"24763","Zaatar 1lb","grocery","","Volume","oz","oz","lb","5000","1400"
"24851","Caraway Seed 1lb","grocery","","Volume","oz","oz","lb","5000","1400"
"24888","Ufra Biber Chile 1oz","grocery","","Volume","oz","oz","oz","5000","1400"
"24895","Espelette Pepper Powder 8.8oz","grocery","","Volume","oz","oz","oz","5000","1400"
"24907","Calabrian Pepper, Extra Long 2.6kg","grocery","","Weight","oz","oz","kg","5000","1400"
"25015","Kosher Salt 1lb","grocery","","Volume","oz","oz","lb","5000","1400"
"2522702SX","Bouchard, Corton Charlemagne 2022 750ml","wine","","Each","ea","ea","ea","5000","1400"
"25267","Micro Carrot Top 1pack","produce","","Each","ea","ea","pack","5000","1400"
"25278","Tomato, Baby Heirloom Mix 1pint","produce","","Each","ea","ea","pint","5000","1400"
"25390","Tomato, Heirloom Mix 1case","produce","","Each","ea","ea","case","5000","1400"
"25550","Sambal Sauce 1gal","grocery","","Volume","oz","oz","gal","5000","1400"
"25613","Peewee Potato 1lb","produce","","Volume","oz","oz","lb","5000","1400"
"25615","Avocado Oil Blend 1lb","grocery","","Volume","oz","oz","lb","5000","1400"
"25635","Burrata 8oz","dairy","","Volume","oz","oz","oz","5000","1400"
"25661","Russet Potato 1lb","produce","","Volume","oz","oz","lb","5000","1400"
"268195","Johnnie Walker Black 750ml","liquor","Whiskey","Each","ea","ea","ea","5000","1400"
"27022","Oat Milk 32fl.oz","beverage","","Volume","oz","oz","fl","5000","1400"
"27040","Pink Radish 1each","produce","","Each","ea","ea","each","5000","1400"
"27572","Agrumato, Lemon 250ml","grocery","","Volume","oz","oz","ml","5000","1400"
"27668","Dark Chocolate Chips, Vegan 1lb","grocery","","Volume","oz","oz","lb","5000","1400"
"27694","Wonton Wrapper 14oz","grocery","","Volume","oz","oz","oz","5000","1400"
"27981","Paprika, Smoked 1lb","grocery","","Volume","oz","oz","lb","5000","1400"
"28127","Soy Milk 32fl.oz","dairy","","Volume","oz","oz","fl","5000","1400"
"28234","Potato Bun, 4" Frozen 12each","bakery","","Each","ea","ea","each","5000","1400"
"28627","Leek 1lb","produce","","Volume","oz","oz","lb","5000","1400"
"28680","Shoestring Fries 1lb","grocery","","Volume","oz","oz","lb","5000","1400"
"294498","Makers Mark 46 750ml","liquor","Whiskey","Each","ea","ea","ea","5000","1400"
"2A22CUVSM","Ashes & Diamonds, 'Saffron Mountain Cuvee', Cabernet Sauvignon 2022 750ml","wine","","Each","ea","ea","ea","5000","1400"
"2A22WHN8	","Ashes & Diamonds, No. 8', Blanc 2022 750ml","wine","","Each","ea","ea","ea","5000","1400"
"30319","SUIHANYO MIOLA 1each","grocery","","Each","ea","ea","each","5000","1400"
"30367","Katsuo Mirin Furikake 1.7oz","grocery","","Volume","oz","oz","oz","5000","1400"
"30409","Chili Oil 1L","grocery","","Volume","oz","oz","l","5000","1400"
"30436 1 ","Mizkan Awase Vinegar, No MSG 5.28gal","grocery","","Volume","oz","oz","gal","5000","1400"
"30501196","Shrimp 8/12 1lb","seafood","","Volume","oz","oz","lb","5000","1400"
"30533","Ponzu 1L","grocery","","Volume","oz","oz","l","5000","1400"
"30553","Miyako Ajipon 1gal","grocery","","Volume","oz","oz","gal","5000","1400"
"30554","Ponzu 1gal","grocery","","Volume","oz","oz","gal","5000","1400"
"30620","Toyo Johakuto (Japanese Sugar) 1lb","grocery","","Volume","oz","oz","lb","5000","1400"
"31480","GINJO AKAZU 60.9FLOZ 60.9fl.oz","grocery","","Volume","oz","oz","fl","5000","1400"
"318964","Luxardo Maraschino Cherries 400g","beverage","","Weight","oz","oz","g","5000","1400"
"33121","Domaine De Montille, 'Clos du Chateau', Bourgogne Blanc 2021 750ml","wine","","Each","ea","ea","ea","5000","1400"
"33412","Siracha 28oz","grocery","","Volume","oz","oz","oz","5000","1400"
"33505","Yusen (Grain Vinegar) 1L","grocery","","Volume","oz","oz","l","5000","1400"
"33552","KAMOSHIBI RED VINEGAR 61fl.oz","grocery","","Volume","oz","oz","fl","5000","1400"
"341848","Licor 43 1L","liquor","Liqueur","Each","ea","ea","ea","5000","1400"
"344101","Hennessy VS 1L","liquor","Cognac","Each","ea","ea","ea","5000","1400"
"34675","Crunchy Garlic 1oz","grocery","","Volume","oz","oz","oz","5000","1400"
"354788","Bulleit Bourbon 750ml","liquor","Whiskey","Each","ea","ea","ea","5000","1400"
"358459","Fee Bros Fee Foam 5oz","beverage","","Volume","oz","oz","oz","5000","1400"
"3616","Senryo Mirin 1.8L","grocery","","Volume","oz","oz","l","5000","1400"
"389170","Hibiki Harmony 750ml","liquor","Whiskey","Each","ea","ea","ea","5000","1400"
"391115","Carpano Dry Vermouth 375ml","liquor","","Each","ea","ea","ea","5000","1400"
"39211","Roasted Sesame Dressing 64fl.oz","grocery","","Volume","oz","oz","fl","5000","1400"
"395590","400 Conejos Joven Mezcal 750ml","liquor","","Each","ea","ea","ea","5000","1400"
"39775","Stella Artois 11.2fl.oz","beer","","Each","ea","ea","ea","5000","1400"
"40250","Eggplant, 18 Size 1case","produce","","Each","ea","ea","case","5000","1400"
"40403","Shitake Mushroom 1Case","produce","","Each","ea","ea","case","5000","1400"
"40748","Beefsteak Tomatoes 1lb","produce","","Volume","oz","oz","lb","5000","1400"
"409127","Red Bull Sugar Free 1each","beverage","","Volume","oz","oz","each","5000","1400"
"41040","Blackberry 1each","produce","","Each","ea","ea","each","5000","1400"
"41052","Raspberry 1Case","produce","","Each","ea","ea","case","5000","1400"
"411403","Don Julio 1942 750ml","liquor","Tequila","Each","ea","ea","ea","5000","1400"
"413044","Crown Royal Regal Apple 375ml","liquor","","Each","ea","ea","ea","5000","1400"
"41330","Pomegranate 1each","produce","","Each","ea","ea","each","5000","1400"
"41420","Limes 1each","food","produce","Each","ea","ea","each","5000","1400"
"426012","The Botanist 1L","liquor","Gin","Each","ea","ea","ea","5000","1400"
"430016","Ancho Reyes Red 750ml","liquor","Liqueur","Each","ea","ea","ea","5000","1400"
"433829","Sake, Yuzu Joto 750ml","liquor","","Each","ea","ea","ea","5000","1400"
"440258","Gran Coramino Cristalino 750ml","liquor","Tequila","Each","ea","ea","ea","5000","1400"
"4404BO0680","Mango Puree - Bev 1kg","beverage","","Weight","oz","oz","kg","5000","1400"
"4404BO0720","Passionfruit Puree - Bev 1kg","beverage","","Weight","oz","oz","kg","5000","1400"
"442327","Luxardo Bitter Bianco 750ml","liquor","Liqueur","Each","ea","ea","ea","5000","1400"
"443649","Bulleit Rye 1L","liquor","Whiskey","Each","ea","ea","ea","5000","1400"
"476853","DuMol, 'Wester Reach', Pinot Noir 2022 750ml","wine","","Each","ea","ea","ea","5000","1400"
"485591","Domaine Leflaive, Bourgogne Blanc 2022 750ml","wine","","Each","ea","ea","ea","5000","1400"
"485637","Domaine Leflaive, Puligny Montrachet 2022 750ml","wine","","Each","ea","ea","ea","5000","1400"
"485639","Domaine Leflaive, 'Clavoillon', Puligny Montrachets 2022 750ml","wine","","Each","ea","ea","ea","5000","1400"
"491367","DuMol, 'Charles Heintz - Isobel', Chardonnay 2022 750ml","wine","","Each","ea","ea","ea","5000","1400"
"49587","Magu Roll 1each","grocery","","Each","ea","ea","each","5000","1400"
"49758","Dashi Kombu 1lb","grocery","","Volume","oz","oz","lb","5000","1400"
"499006","Condado de Haza, 'Alenza', Ribera del Duero 2018 750ml","wine","","Each","ea","ea","ea","5000","1400"
"505860","Juliette Peach Liqueur 750ml","liquor","Liqueur","Each","ea","ea","ea","5000","1400"
"514","White Levain XL, Loaf 1each","bakery","","Each","ea","ea","each","5000","1400"
"5308702B","Bouchard, 'Clos de la Mousse', Beaune 2008 750ml","wine","","Each","ea","ea","ea","5000","1400"
"550222","Lobos Reposado 750ml","liquor","Tequila","Each","ea","ea","ea","5000","1400"
"550224","Lobos Joven 750ml","liquor","Tequila","Each","ea","ea","ea","5000","1400"
"55266","Acqua Panna - Bev 1L","beverage","","Volume","oz","oz","l","5000","1400"
"55579","Radish, French Breakfast 1bunch","produce","","Each","ea","ea","bunch","5000","1400"
"55593","Beet, Baby Red 1each","produce","","Each","ea","ea","each","5000","1400"
"55722","Turnip, Baby 1Bunch","produce","","Each","ea","ea","bunch","5000","1400"
"557367","Aperol 1L","liquor","Liqueur","Each","ea","ea","ea","5000","1400"
"5602PF7449","Tart Shell 1.5in 1each","bakery","","Each","ea","ea","each","5000","1400"
"5709702B","Bouchard, 'Caillerets', Volnay 2009 750ml","wine","","Each","ea","ea","ea","5000","1400"
"578356","Castello di Fonterutoli, 'Gran Selezione', Chianti 2016 1.5L","wine","","Each","ea","ea","ea","5000","1400"
"579387","Luxardo Espresso 750ml","liquor","Liqueur","Each","ea","ea","ea","5000","1400"
"5808702B","Bouchard, Le Corton 2008 750ml","wine","","Each","ea","ea","ea","5000","1400"
"591435","Heitz, 'Lot C-91', Cabernet Sauvignon 2018 750ml","wine","","Each","ea","ea","ea","5000","1400"
"593467","Dominus 2020 750ml","wine","","Each","ea","ea","ea","5000","1400"
"593848","Filthy Bloody Mary Mix 8fl.oz","beverage","","Volume","oz","oz","fl","5000","1400"
"595375","Filthy Olive Brine, Pouch 8fl.oz","beverage","","Volume","oz","oz","fl","5000","1400"
"597492","Fever Tree Club Soda 200ml","beverage","","Volume","oz","oz","ml","5000","1400"
"598153","Fever Tree Mediterranean Tonic 200ml","beverage","","Volume","oz","oz","ml","5000","1400"
"600660","Barsoal Pisco Puro Quebranta 750ml","liquor","Liqueur","Each","ea","ea","ea","5000","1400"
"6018001-10","Wagyu Striploin 1lb","meat","","Volume","oz","oz","lb","5000","1400"
"604103","Sipsmith 750ml","liquor","Gin","Each","ea","ea","ea","5000","1400"
"607163","Belvedere 10 750ml","liquor","Vodka","Each","ea","ea","ea","5000","1400"
"60744","Battera Konbu 1each","grocery","","Each","ea","ea","each","5000","1400"
"60747","Rishiri Dasi Konbu 1lb","grocery","","Volume","oz","oz","lb","5000","1400"
"60750","Wakame 1lb","produce","","Volume","oz","oz","lb","5000","1400"
"611686","Caymus, 'Special Selection', Cabernet Sauvignon 2019 750ml","wine","","Each","ea","ea","ea","5000","1400"
"615303","Suze 750ml","liquor","Liqueur","Each","ea","ea","ea","5000","1400"
"61658","Shiro Tosaka Reifukanso 1.76oz","grocery","","Volume","oz","oz","oz","5000","1400"
"617934","Casanova di Neri, 'White Label', Brunello di Montalcino 2019 750ml","wine","","Each","ea","ea","ea","5000","1400"
"628121","Faust, Cabernet Sauvignon 2022 750ml","wine","","Each","ea","ea","ea","5000","1400"
"628756","Copalli White Rum 750ml","liquor","Rum","Each","ea","ea","ea","5000","1400"
"63015","hangiri 10/100 each 10each","grocery","","Each","ea","ea","each","5000","1400"
"63019","TAKA TOKUYO KIZAMI 1each","grocery","","Each","ea","ea","each","5000","1400"
"631029","Laphroaig 10yr 750ml","liquor","Whiskey","Each","ea","ea","ea","5000","1400"
"632061","Fever Tree Ginger Ale Can 250ml","beverage","","Volume","oz","oz","ml","5000","1400"
"637683","Cincoro Cristalino Anejo 750ml","liquor","","Each","ea","ea","ea","5000","1400"
"64051","1Goma Mamenorisan (Soy Paper) 1each","grocery","","Each","ea","ea","each","5000","1400"
"644228","Monkey 47 1L","liquor","Gin","Each","ea","ea","ea","5000","1400"
"653864","Heitz, Cabernet Sauvignon 2021 750ml","wine","","Each","ea","ea","ea","5000","1400"
"66814","Thai Basil 4oz","produce","","Volume","oz","oz","oz","5000","1400"
"66840","Oregano 1oz","produce","","Volume","oz","oz","oz","5000","1400"
"67185","Goose Island IPA 12fl.oz","beer","","Each","ea","ea","ea","5000","1400"
"673","Rustic Loaf 1each","bakery","","Each","ea","ea","each","5000","1400"
"679017","Joseph Phelps, 'Insignia', Red Blend 2022 750ml","wine","","Each","ea","ea","ea","5000","1400"
"682019","Johnnie Walker Vault 700ml","liquor","","Each","ea","ea","ea","5000","1400"
"682851","Lucci, Lambrusco 750ml","wine","","Each","ea","ea","ea","5000","1400"
"685394","COOKING PORT - Broadbent Port Tawny 10yr 500ml","grocery","","Volume","oz","oz","ml","5000","1400"
"71096","Oyster Sauce Jar 1each","grocery","","Each","ea","ea","each","5000","1400"
"71111","Dates, Pitted 1lb","grocery","","Volume","oz","oz","lb","5000","1400"
"71150","Kiwi - Food 1each","produce","","Each","ea","ea","each","5000","1400"
"71285","Cantaloupe - Food 1melon","produce","","Volume","oz","oz","melon","5000","1400"
"71319","Hiyashi Wakame 1lb","produce","","Volume","oz","oz","lb","5000","1400"
"71336","Golden Raisin 1lb","grocery","","Volume","oz","oz","lb","5000","1400"
"71403","Grapefruit 1 each - Bev 1each","beverage","","Each","ea","ea","each","5000","1400"
"71501","Almond, Sliced 1lb","grocery","","Volume","oz","oz","lb","5000","1400"
"71510","Cashew 1lb","grocery","","Volume","oz","oz","lb","5000","1400"
"71531","Hazelnut, Blanched 5lb","grocery","","Volume","oz","oz","lb","5000","1400"
"71570","Pistachio, No Shell, No Salt 1lb","grocery","","Volume","oz","oz","lb","5000","1400"
"71580","Pecans 1lb","grocery","","Volume","oz","oz","lb","5000","1400"
"71713","Dirty Sue Olive Juice 750ml","beverage","","Volume","oz","oz","ml","5000","1400"
"72260","Tofu, Firm 1oz","grocery","","Volume","oz","oz","oz","5000","1400"
"72283","Feta Cheese 1lb","dairy","","Volume","oz","oz","lb","5000","1400"
"72298","Cheddar Cheese, Shredded 1lb","dairy","","Volume","oz","oz","lb","5000","1400"
"72898","Tahini 1lb","grocery","","Volume","oz","oz","lb","5000","1400"
"73184","Boston Lettuce 1head","produce","","Each","ea","ea","head","5000","1400"
"75760","Rice Vinegar 1gal","grocery","","Volume","oz","oz","gal","5000","1400"
"7604","Crown Royal 375ml","liquor","","Each","ea","ea","ea","5000","1400"
"76634","San Pellegrino 1L","beverage","","Volume","oz","oz","l","5000","1400"
"77118","Garbanzo Bean, Canned 108oz","grocery","","Volume","oz","oz","oz","5000","1400"
"77176","Capers 32oz","grocery","","Volume","oz","oz","oz","5000","1400"
"77340","Kale, Green 1each","produce","","Each","ea","ea","each","5000","1400"
"77373","Romaine 1each","produce","","Each","ea","ea","each","5000","1400"
"77492","Peas, Frozen 1lb","produce","","Volume","oz","oz","lb","5000","1400"
"77558","Radicchio 1head","produce","","Each","ea","ea","head","5000","1400"
"77570","Radish, Ice 1each","produce","","Each","ea","ea","each","5000","1400"
"77857","Yuzu Kosho Red 1oz","grocery","","Volume","oz","oz","oz","5000","1400"
"78096","Pineapple - Bev 1each","beverage","","Each","ea","ea","each","5000","1400"
"78168","Mango - Bev 1each","beverage","","Each","ea","ea","each","5000","1400"
"81432","Pomegranate Molasses 12.7oz","grocery","","Volume","oz","oz","oz","5000","1400"
"8311","Sake, Seasoned 18L","grocery","","Volume","oz","oz","l","5000","1400"
"88951","Fresno Red 1lb","beverage","","Volume","oz","oz","lb","5000","1400"
"89030","CLOVER 18-8 FUKAGATA 1each","produce","","Each","ea","ea","each","5000","1400"
"893113","El Tesoro Blanco 750ml","liquor","Tequila","Each","ea","ea","ea","5000","1400"
"9001901","Chopin Potato Vodka 1L","liquor","","Each","ea","ea","ea","5000","1400"
"90698","Truffle Peeling, Italy, Bel Aria 1oz","grocery","","Volume","oz","oz","oz","5000","1400"
"91113","Fuji Apple 1each","produce","","Each","ea","ea","each","5000","1400"
"91129","Hangiri Bay Yakinori, Gold 1each","grocery","","Each","ea","ea","each","5000","1400"
"911821","El Tesoro Anejo 750ml","liquor","Tequila","Each","ea","ea","ea","5000","1400"
"913418","Macallan Sherry Oak 86 750ml","liquor","","Each","ea","ea","ea","5000","1400"
"91417","Lemon - Bev 1lb","beverage","","Volume","oz","oz","lb","5000","1400"
"91424","Lime 1lb","beverage","","Volume","oz","oz","lb","5000","1400"
"91428","Lemongrass 1lb","produce","","Volume","oz","oz","lb","5000","1400"
"916825","Onion Powder 1lb","grocery","","Volume","oz","oz","lb","5000","1400"
"920375","Fregola Sarda 1lb","grocery","","Volume","oz","oz","lb","5000","1400"
"920942","Del Maguey Chichicapa 750ml","liquor","Tequila","Each","ea","ea","ea","5000","1400"
"921316","Corn Meal 1lb","grocery","","Volume","oz","oz","lb","5000","1400"
"92377","Yellow Squash, Straight 1lb","produce","","Volume","oz","oz","lb","5000","1400"
"925065","Gum Powder 450g","grocery","","Weight","oz","oz","g","5000","1400"
"9254871","Marsala Cooking Wine 1gal","grocery","","Volume","oz","oz","gal","5000","1400"
"926946","Calabrese, Salame 1lb","meat","","Volume","oz","oz","lb","5000","1400"
"929211","Kewpie Mayonnaise 1gal","grocery","","Volume","oz","oz","gal","5000","1400"
"930171","Cinnamon Toast Crunch 1each","grocery","","Each","ea","ea","each","5000","1400"
"930710","Burrata 4oz","dairy","","Volume","oz","oz","oz","5000","1400"
"93165","Kahlua 1L","liquor","Liqueur","Each","ea","ea","ea","5000","1400"
"933045","Hamburger Bun 3.2oz","bakery","","Volume","oz","oz","oz","5000","1400"
"934037N","Uno Stabalizer 1lb","grocery","","Volume","oz","oz","lb","5000","1400"
"949362","Ronco Belvedere Spark Lambrusco 750ml","wine","","Each","ea","ea","ea","5000","1400"
"950033 ","El Tesoro Extra Anejo 750ml","liquor","Tequila","Each","ea","ea","ea","5000","1400"
"9612617","Komos Cristalino Anejo 750ml","liquor","Tequila","Each","ea","ea","ea","5000","1400"
"9619880","Komos Rosa Reposado 750ml","liquor","Tequila","Each","ea","ea","ea","5000","1400"
"9625624","Komos Extra Anejo 750ml","liquor","","Each","ea","ea","ea","5000","1400"
"964280","Haku 1L","liquor","Vodka","Each","ea","ea","ea","5000","1400"
"965480","Deleon Blanco 750ml","liquor","Tequila","Each","ea","ea","ea","5000","1400"
"967085","COOKING PORT, Cockburn, '10yr Tawny' 750ml","grocery","","Volume","oz","oz","ml","5000","1400"
"9672177","Lyres Apertif, Rosso 700ml","liquor","Liqueur","Each","ea","ea","ea","5000","1400"
"9672258","Lyre's Spritz Amalfi 250ml","beverage","","Volume","oz","oz","ml","5000","1400"
"9689658","Maison No. 9 Rose 750ml","wine","","Each","ea","ea","ea","5000","1400"
"97045","Dried Cranberry 1lb","grocery","","Volume","oz","oz","lb","5000","1400"
"9713352","El Cristiano Extra Reposado 750ml","liquor","","Each","ea","ea","ea","5000","1400"
"9713357","El Cristiano Silver 750ml","liquor","Tequila","Each","ea","ea","ea","5000","1400"
"9731842","Bardstown Origin Bourbon 750ml","liquor","","Each","ea","ea","ea","5000","1400"
"973347","Don Julio Anejo 750ml","liquor","Tequila","Each","ea","ea","ea","5000","1400"
"9756303","El Cristiano Mezcal 750ml","liquor","Tequila","Each","ea","ea","ea","5000","1400"
"9758888","Lo Siento Anejo 750ml","liquor","Tequila","Each","ea","ea","ea","5000","1400"
"9760","Takara Mirin 700ml","grocery","","Volume","oz","oz","ml","5000","1400"
"9767867","Billaud Simon, Chablis 2023 750ml","wine","","Each","ea","ea","ea","5000","1400"
"981523","Liquid Alchemist Passionfruit 375ml","beverage","","Volume","oz","oz","ml","5000","1400"
"981525","Liquid Alchemist Grenadine 375ml","beverage","","Volume","oz","oz","ml","5000","1400"
"981532","Liquid Alchemist Ginger Syrup 750ml","beverage","","Volume","oz","oz","ml","5000","1400"
"981535","Liquid Alchemist Ginger Syrup 375ml","beverage","","Volume","oz","oz","ml","5000","1400"
"981540","Liquid Alchemist Prickly Pair 750ml","beverage","","Volume","oz","oz","ml","5000","1400"
"982819","Red Bull Watermelon 8.4fl.oz","beverage","","Volume","oz","oz","fl","5000","1400"
"983135","Liquid Alchemist Orgeat Syrup 375ml","beverage","","Volume","oz","oz","ml","5000","1400"
"99124","Broccoli 1lb","produce","","Volume","oz","oz","lb","5000","1400"
"991348","Grand Marnier 1L","liquor","Liqueur","Each","ea","ea","ea","5000","1400"
"99252","Japanese Eggplant 1lb","produce","","Volume","oz","oz","lb","5000","1400"
"99436","Haricot Vert (Green Bean) 1lb","produce","","Volume","oz","oz","lb","5000","1400"
"99451","Cippolini Onion 1lb","produce","","Volume","oz","oz","lb","5000","1400"
"99480","Parsnip 1lb","produce","","Volume","oz","oz","lb","5000","1400"
"99546","Yukon Potato 1lb","produce","","Volume","oz","oz","lb","5000","1400"
"99654","Butternut Squash 1lb","produce","","Volume","oz","oz","lb","5000","1400"
"99690","Tomatillo 2lb","produce","","Volume","oz","oz","lb","5000","1400"
"99703","Tomato 5x6 1lb","produce","","Volume","oz","oz","lb","5000","1400"
"99963","Garbanzo Bean, Dry 1lb","grocery","","Volume","oz","oz","lb","5000","1400"
"ABR2201023","Aubert, Powder House', Chardonnay 2023 750ml","wine","","Each","ea","ea","ea","5000","1400"
"AC-27976","CHILES-CHIPOTLE IN ADOBO 7oz","grocery","","Volume","oz","oz","oz","5000","1400"
"AG2275","Eisele Vineyard, 'Altagracia', Cabernet Sauvignons 2022 750ml","wine","","Each","ea","ea","ea","5000","1400"
"BC701701N	","Grapeseed Oil 1L","grocery","","Volume","oz","oz","l","5000","1400"
"BCD1101023","Brocard, 'Ste Claire', Chablis 2023 750ml","wine","","Each","ea","ea","ea","5000","1400"
"BCD1801022","Brocard, 'Montee de Tonnerre', Chabliss 2022 750ml","wine","","Each","ea","ea","ea","5000","1400"
"BEY1019-6","Three Spirit, Livener 500ml","liquor","Liqueur","Each","ea","ea","ea","5000","1400"
"BF106	","Heavy Cream 0.5gal","dairy","","Volume","oz","oz","gal","5000","1400"
"BLA01","Black Cod 1lb","seafood","","Volume","oz","oz","lb","5000","1400"
"BOTT01","Bottarga 100g","seafood","","Weight","oz","oz","g","5000","1400"
"BREAM35","Black Sea Bream, Kurodai 1lb","seafood","","Volume","oz","oz","lb","5000","1400"
"BUR03","Yellowtail 1lb","seafood","","Volume","oz","oz","lb","5000","1400"
"CA136","Velveeta Cheese 1lb","dairy","","Volume","oz","oz","lb","5000","1400"
"CG140","Gruyere King Cut - Food 1lb","dairy","","Volume","oz","oz","lb","5000","1400"
"CM102BC","Mascarpone Cheese 1lb","dairy","","Volume","oz","oz","lb","5000","1400"
"CMF19","Cascina Morassino, Barbaresco 2019 750ml","wine","","Each","ea","ea","ea","5000","1400"
"CP112","Parmigiano Reggiano 1lb","dairy","","Volume","oz","oz","lb","5000","1400"
"CR-1125K","Dextrose Powder 1kg","grocery","","Weight","oz","oz","kg","5000","1400"
"DM13CIS1","DuMol, 'Charles Heintz - Isobel', Chardonnays 2013 1.5L","wine","","Each","ea","ea","ea","5000","1400"
"DM13PAD1","DuMol, 'Wildrose', Pinot Noir 203 1.5L","wine","","Each","ea","ea","ea","5000","1400"
"DM14SJR2","DuMol, Syrah 2014 750ml","wine","","Each","ea","ea","ea","5000","1400"
"DM15PRV2","DuMol, 'Wester Reach', Pinot Noir 2015 750ml","wine","","Each","ea","ea","ea","5000","1400"
"DM16CHEST2","DuMol, 'Estate', Chardonnay 2016 750ml","wine","","Each","ea","ea","ea","5000","1400"
"DM604","Sour Cream 1lb","dairy","","Volume","oz","oz","lb","5000","1400"
"Do-20524102","Fourrier, 'Combe Moine', Gevrey Chambertin 2023 750ml","wine","","Each","ea","ea","ea","5000","1400"
"EF2188","Ellman Famil Vineyards, 'Brother's Blend', Red Wine 2021 750ml","wine","","Each","ea","ea","ea","5000","1400"
"EF21ES3","Ellman Family Vineyards, Cabernet Sauvignon 2021 750ml","wine","","Each","ea","ea","ea","5000","1400"
"EF23SBCR6","Ellman Family Vineyards, 'Caryn' Sauvignon Blanc 2023 750ml","wine","","Each","ea","ea","ea","5000","1400"
"EI14262-3","Vanilla Paste Bourbon 32fl.oz","grocery","","Volume","oz","oz","fl","5000","1400"
"EMG-ANEJO2-750","Enemigo Extra Anejo 750ml","liquor","","Each","ea","ea","ea","5000","1400"
"EMG-CRISTAL2-750","Enemigo Anejo Cristalinio 750ml","liquor","","Each","ea","ea","ea","5000","1400"
"GAR08","Gari Amasu (Pickled Ginger) 1lb","grocery","","Volume","oz","oz","lb","5000","1400"
"GCRU100127-21","Pierre Peters, 'Cuvee De Reserve', Brut Champagne 750ml","wine","","Each","ea","ea","ea","5000","1400"
"GCRU100128-21","Pierre Peters, 'Cuvee de Reserve', Blanc de Blancs Champagne 1.5L","wine","","Each","ea","ea","ea","5000","1400"
"GCRU100142-21","Chartogne Taillet, 'Sainte Anne', Champagne 750ml","wine","","Each","ea","ea","ea","5000","1400"
"GCRU100159-23","Penna Currado, 'Bricco Lago', Langhe Nebbiolo 2023 750ml","wine","","Each","ea","ea","ea","5000","1400"
"GCRU6430-20","Domaine Brun Avril Chateauneuf-du-Pape Rhone 2020 750ml","wine","","Each","ea","ea","ea","5000","1400"
"GCRU908013-22","Savart, 'L'Ouverture 1er Cru, Champagne 750ml","wine","","Each","ea","ea","ea","5000","1400"
"GCRU990109-22","Peter Lauer, 'Kupp #7', Riesling Spatlese 2022 750ml","wine","","Each","ea","ea","ea","5000","1400"
"GCV108FN","Chocolate 55% - Food 1kg","grocery","","Weight","oz","oz","kg","5000","1400"
"GF256","High Gluten Flour 1lb","grocery","","Volume","oz","oz","lb","5000","1400"
"GK115","Mini Ketchup 1each","grocery","","Each","ea","ea","each","5000","1400"
"GOM40505","Lemon EVOO 500ml","grocery","","Volume","oz","oz","ml","5000","1400"
"GPDEC26N","Rigatoni Dececco 1lb","grocery","","Volume","oz","oz","lb","5000","1400"
"GS109F","Franks Hot Sauce 1gal","grocery","","Volume","oz","oz","gal","5000","1400"
"GS125N","Maggi Seasoning 27oz","grocery","","Volume","oz","oz","oz","5000","1400"
"GS209N","Pan Spray, Vegalene 1each","grocery","","Each","ea","ea","each","5000","1400"
"GS430","Granulated Sugar - Food 1lb","grocery","","Volume","oz","oz","lb","5000","1400"
"HIR11","Hirame (Fluke) 1lb","seafood","","Volume","oz","oz","lb","5000","1400"
"HOT01","Muki Hotate (Scallop) 10each","seafood","","Each","ea","ea","each","5000","1400"
"jolene-black-cold-brew-24-cans","Jolene Cold Brew 1each","beverage","","Volume","oz","oz","each","5000","1400"
"jolene-oat-milk-latte-24-cans","Jolene Oat Milk Latte 1each","beverage","","Volume","oz","oz","each","5000","1400"
"JP-NIZ-41-23","Zankyo, 'Super 7', Junmai Daiginjo Sake 750ml","wine","","Each","ea","ea","ea","5000","1400"
"JS1048FW","Dewazakura Izumi Judan Ginjo 10th Degree 720ml","wine","","Each","ea","ea","ea","5000","1400"
"JS1189FW","SAKE, 'Pinnacle of Perfection', Chotokusen 720ml","wine","","Each","ea","ea","ea","5000","1400"
"JS1198SS","Masumi Nanago 720ml","wine","","Each","ea","ea","ea","5000","1400"
"KANP02","Kampachi 1lb","seafood","","Volume","oz","oz","lb","5000","1400"
"MAS03","Masago Arare 10.6oz","seafood","","Volume","oz","oz","oz","5000","1400"
"MC, Black Box, 4ct (3oz)","Black Bean Burgers 1each","produce","","Each","ea","ea","each","5000","1400"
"NWC2715","Ricotta Cheese 1lb","dairy","","Volume","oz","oz","lb","5000","1400"
"NWC3990","Pecorino Cheese 1lb","dairy","","Volume","oz","oz","lb","5000","1400"
"OCC3801022","Occidental, 'Cuvee Elizabeth', Pinot Noirs 2022 750ml","wine","","Each","ea","ea","ea","5000","1400"
"OO01","Ooba (Shiso Leaf) 100each","produce","","Each","ea","ea","each","5000","1400"
"P504-6","Chocolate Croissant 1each","bakery","","Each","ea","ea","each","5000","1400"
"P506-6","Croissant, Mini 1each","bakery","","Each","ea","ea","each","5000","1400"
"P602-4","Cheese Danish 1each","bakery","","Each","ea","ea","each","5000","1400"
"P807-6","Chocolate Chip Muffin 1each","bakery","","Each","ea","ea","each","5000","1400"
"P808-4","Blueberry Muffin 1each","bakery","","Each","ea","ea","each","5000","1400"
"PMW4101023","Peter Michael, 'Le Caprice', Pinot Noir 2023 750ml","wine","","Each","ea","ea","ea","5000","1400"
"PRD0365","Lettuce, FM 1each","produce","","Each","ea","ea","each","5000","1400"
"PRD0494","Bartlett Pear 1lb","produce","","Volume","oz","oz","lb","5000","1400"
"PRD0798","Endive 1Case","produce","","Each","ea","ea","case","5000","1400"
"PRD1244","Cherry Tomato 1each","produce","","Each","ea","ea","each","5000","1400"
"PRD1246","Cherry Tomato Mix 1case","produce","","Each","ea","ea","case","5000","1400"
"PT-EC50","Egyptian Chamomile - Pyramid Teabags 1each","beverage","","Volume","oz","oz","each","5000","1400"
"PT-EG50	","Earl Grey - Pyramid Teabags 1each","beverage","","Volume","oz","oz","each","5000","1400"
"PT-FLG50","Organic French Lemon Ginger - Pyramid Teabags 1each","beverage","","Volume","oz","oz","each","5000","1400"
"PT-GPO50	","Green Pomegranate - Pyramid Teabags 1each","beverage","","Volume","oz","oz","each","5000","1400"
"PT-JR50","Jasmine Reserve - Pyramid Teabags 1each","beverage","","Volume","oz","oz","each","5000","1400"
"PT-PCM50","Pacific Coast Mint - Pyramid Teabags 1each","beverage","","Volume","oz","oz","each","5000","1400"
"PT-RB50	","Rose Black - Pyramid Teabags 1each","beverage","","Volume","oz","oz","each","5000","1400"
"PT-SG50	","Sencha Green - Pyramid Teabags 1each","beverage","","Volume","oz","oz","each","5000","1400"
"PT-WCC50","White Coconut Creme - Pyramid Teabags 1each","beverage","","Volume","oz","oz","each","5000","1400"
"QG14802","Pinto Bean, Canned 46oz","grocery","","Volume","oz","oz","oz","5000","1400"
"QG43750","Sweet Baby Ray BBQ Sauce 1gal","grocery","","Volume","oz","oz","gal","5000","1400"
"QG59720","Heinz Ketchup 108oz","grocery","","Volume","oz","oz","oz","5000","1400"
"qz117773","Chocolate Chip, Semi Sweet 1lb","grocery","","Volume","oz","oz","lb","5000","1400"
"QZ118850A","Tart Shell 15" 1each","grocery","","Each","ea","ea","each","5000","1400"
"RICR23PNCH","Ceritas, 'Cuvee Chloe', Pinot Noir 2023 750ml","wine","","Each","ea","ea","ea","5000","1400"
"SAB04","Saba (Japanese Mackerel) 1lb","seafood","","Volume","oz","oz","lb","5000","1400"
"SAL08","Yuzu Salt 1each","grocery","","Each","ea","ea","each","5000","1400"
"SASA01","Sasa (Bamboo Leaf) 100each","produce","","Each","ea","ea","each","5000","1400"
"SB2375","Eisele Vineyard, Sauvignon Blanc 2023 750ml","wine","","Each","ea","ea","ea","5000","1400"
"SCAL01","Scallop (Hotate) 1lb","seafood","","Volume","oz","oz","lb","5000","1400"
"SOY02H","Goma Mamenorisan (Soy Paper) 40each","grocery","","Each","ea","ea","each","5000","1400"
"SPC135","Coriander, Whole 9oz","grocery","","Volume","oz","oz","oz","5000","1400"
"SPCI-GRAPE","Grapeseed Oil 1gal","grocery","","Volume","oz","oz","gal","5000","1400"
"SPG115B","Garlic Powder 1lb","grocery","","Volume","oz","oz","lb","5000","1400"
"SPG128","Ginger Powder 1lb","grocery","","Volume","oz","oz","lb","5000","1400"
"SPJETDCOKE","Diet Coke - Bev 8fl.oz","beverage","","Volume","oz","oz","fl","5000","1400"
"SPP130","Black Peppercorn 1lb","grocery","","Volume","oz","oz","lb","5000","1400"
"SPRSCOKE35","Coke 12fl.oz","beverage","","Volume","oz","oz","fl","5000","1400"
"SPRSHGCOKE","Coke - Bev 8fl.oz","beverage","","Volume","oz","oz","fl","5000","1400"
"SPRSSPRTE","Sprite 8fl.oz","beverage","","Volume","oz","oz","fl","5000","1400"
"SPS132	","Paprika Smoked, Spanish 1lb","grocery","","Volume","oz","oz","lb","5000","1400"
"SPS132S","Paprika 1lb","grocery","","Volume","oz","oz","lb","5000","1400"
"SPSC536383","Sprite 12fl.oz","beverage","","Volume","oz","oz","fl","5000","1400"
"SPWEB1982","Cranberry Juice 64fl.oz","beverage","","Volume","oz","oz","fl","5000","1400"
"TAI29","Seabream, Medai 1lb","seafood","","Volume","oz","oz","lb","5000","1400"
"TBF102	","Tuna Loin 1lb","seafood","","Volume","oz","oz","lb","5000","1400"
"TBF103","Tuna, Blue Fin 1lb","seafood","","Volume","oz","oz","lb","5000","1400"
"TRL6801022","Turley, 'Evanghelo Vineyard', Zinfandel 2022 750ml","wine","","Each","ea","ea","ea","5000","1400"
"UF49985N","Avocado Oil 1gal","grocery","","Volume","oz","oz","gal","5000","1400"
"UF53085","Green Olive, Sliced 1gal","grocery","","Volume","oz","oz","gal","5000","1400"
"UF55075","Cornstarch 1lb","grocery","","Volume","oz","oz","lb","5000","1400"
"UNI15","Uni, Japan 1Tray","seafood","","Each","ea","ea","tray","5000","1400"
"UNI50","Uni, Santa Barbara 1Tray","seafood","","Each","ea","ea","tray","5000","1400"
"USHIR2023","Hirsch Vineyards, 'The Bohan Dillon', Pinot Noir 2023 750ml","wine","","Each","ea","ea","ea","5000","1400"
"VGS3001120","Vega Sicilia, 'Alion', Ribera del Duero 2020 750ml","wine","","Each","ea","ea","ea","5000","1400"
"VN053060","Rice Bran Oil - Food 35lb","grocery","","Volume","oz","oz","lb","5000","1400"
"VN100010","Sherry Vinegar 25fl.oz","grocery","","Volume","oz","oz","fl","5000","1400"
"VN150474","Pineapple Ring Dehydrated 5lb","beverage","","Volume","oz","oz","lb","5000","1400"
"VN160161","Peanut, Blanched 1lb","grocery","","Volume","oz","oz","lb","5000","1400"
"VN160977","Pistachio Raw 1lb","grocery","","Volume","oz","oz","lb","5000","1400"
"VN170165","Gluten Free Crackers 4.4oz","grocery","","Volume","oz","oz","oz","5000","1400"
"VN185719","Semolina Flour 1lb","grocery","","Volume","oz","oz","lb","5000","1400"
"VN235979","Cookie Drops, Guittard 1each","grocery","","Each","ea","ea","each","5000","1400"
"VTT4401122","Vietti, 'Scarrone', Barbera d'Alba 2022 750ml","wine","","Each","ea","ea","ea","5000","1400"
"wak04","Seaweed Fresh, Wakameg 1lb","produce","","Volume","oz","oz","lb","5000","1400"