Vendor Item Number,Vendor,Item,Purchase U of M,Vendor Item Name,Each Amt,Contract Price,Acceptable Variance %,Primary,Contract Expiration
" RICR23CHM",""," RICR23CHM","Case","Ceritas, 'Marena', Chardonnay 2023 750ml",6,,,Y,
"0004117-01","","0004117-01","Each","Beef, Patty Premium Mix 1lb",1,,,Y,
"0005510-01","","0005510-01","Each","Italian Sausage 1lb",16,,,Y,
"0006511-01","","0006511-01","Each","Lamb Bones 1lb",16,,,Y,
"0009026-01","","0009026-01","Each","Duck Bones, Frozen 1lb",16,,,Y,
"0009033-01","","0009033-01","Each","Cornish Hen 1lb",16,,,Y,
"0012019-01","","0012019-01","Each","Pork Loin Rib 1lb",16,,,Y,
"0012023-01","","0012023-01","Each","Pork Belly Trimmed 1lb",16,,,Y,
"0012120-01","","0012120-01","Each","Pork Butt 1lb",16,,,Y,
"0012215-01","","0012215-01","Case","Prosciutto 3oz",12,,,Y,
"0012241-01","","0012241-01","Each","Beef Bresaola 1lb",16,,,Y,
"0012295-01","","0012295-01","Each","Pork Loin Chop 1lb",16,,,Y,
"0012450-01","","0012450-01","Each","Pork Chop, Frenched 1lb",16,,,Y,
"0012511-01","","0012511-01","Case","Pork Shoulder, Ground 1lb",80,,,Y,
"0013049-01","","0013049-01","Each","Mortadella 1lb",16,,,Y,
"0013051-01","","0013051-01","Each","Molinari Salami 1lb",16,,,Y,
"0013098-01","","0013098-01","Each","Chorizo 1lb",16,,,Y,
"00151","","00151","Case","Cauliflower 1each",12,,,Y,
"0015194-01","","0015194-01","Each","Lamb Rack 1lb",16,,,Y,
"0016083-01","","0016083-01","Each","Scallop, Dry Pack Fresh 1lb",1,,,Y,
"0016093-01","","0016093-01","Each","Steelhead Trout 1lb",16,,,Y,
"0016147-01","","0016147-01","Each","Thai Snapper 1lb",16,,,Y,
"0016177-01","","0016177-01","Each","Loup de Mer 1lb",16,,,Y,
"0016276-01","","0016276-01","Case","Soft Shell Crab 1dozen",1.5,,,Y,
"0016289-01","","0016289-01","Each","Shrimp U7 1lb",16,,,Y,
"0016815-01","","0016815-01","Each","Tuna, Big Eye 1lb",16,,,Y,
"0016856-01","","0016856-01","Each","Boss Pasterurized Crab Meat 1tin",1,,,Y,
"0017339-01 ","","0017339-01 ","Each","Tail Flap 1lb",16,,,Y,
"0017418-01","","0017418-01","Each","Beef Tenderloin 5 up 1lb",16,,,Y,
"0017463-01","","0017463-01","Each","Bone Marrow 1lb",16,,,Y,
"0017678-01","","0017678-01","Each","Ribeye, Lip, Creekstone 1lb",16,,,Y,
"0017970-01","","0017970-01","Each","Filet Mignon, Wagyu 1lb",1,,,Y,
"00181","","00181","Case","Chile Arbol, Dry 1lb",80,,,Y,
"0020147-01","","0020147-01","Each","Chicken, Boneless Whole 1lb",16,,,Y,
"0020160-01","","0020160-01","Each","Chicken Tender, Breaded 1lb",16,,,Y,
"0020503-01","","0020503-01","Each","Chicken Thigh 1lb",16,,,Y,
"0020970-01","","0020970-01","Each","Chicken Wing, Frozen 1lb",16,,,Y,
"0021028-01","","0021028-01","Each","Chicken Leg 1lb",16,,,Y,
"0021060-01","","0021060-01","Each","Chicken, Whole 1lb",16,,,Y,
"0021086-01","","0021086-01","Each","Chicken Thigh, Boneless 1lb",16,,,Y,
"0021089-01","","0021089-01","Each","Chicken, Whole - Food 1lb",16,,,Y,
"0021090-01","","0021090-01","Each","Chicken Cage Bones 1lb",16,,,Y,
"0021540-01","","0021540-01","Each","Chicken Breast 1lb",16,,,Y,
"0022015-01","","0022015-01","Each","Chicken Wing, Jumbo 1lb",16,,,Y,
"0022016-01","","0022016-01","Each","Chicken- 8OZ SPLIT ROCKY 1lb",1,,,Y,
"0022092-01","","0022092-01","Each","Chicken Skin 1lb",16,,,Y,
"0023024-01","","0023024-01","Each","Chicken Wing 1lb",16,,,Y,
"00238","","00238","Each","Cayenne Pepper 1lb",16,,,Y,
"0031117-01","","0031117-01","Each","Turkey, Breast 1lb",16,,,Y,
"0032040-01","","0032040-01","Each","Rose Pork Sausage Links 1lb",16,,,Y,
"0035050-01","","0035050-01","Each","Veal Knuckle Bone 1lb",16,,,Y,
"0035298-01","","0035298-01","Each","Ora King Salmon 1lb",16,,,Y,
"0036001-01","","0036001-01","Each","Shrimp 21-25 White 1lb",16,,,Y,
"0036014-01","","0036014-01","Each","shrimp 31-40 White 1lb",16,,,Y,
"0036100-01","","0036100-01","Each","Halibu, Alaskan 1lb",16,,,Y,
"0036318-1","","0036318-1","Each","Black Tiger Shrimp 1lb",16,,,Y,
"0036366-01","","0036366-01","Each","shrimp head on 10-12 1lb",16,,,Y,
"0036563-01","","0036563-01","Each","Lobster Tails 1lb",16,,,Y,
"0037009-01","","0037009-01","Each","Hot Dog 1lb",16,,,Y,
"0037059-01","","0037059-01","Case","RIbeye, Sliced, Frozen 1lb",240,,,Y,
"0037066-01","","0037066-01","Each","Kusshi Oysters 1each",1,,,Y,
"0038010-01","","0038010-01","Each","Duck Breast, Boneless 1lb",16,,,Y,
"0038014-01","","0038014-01","Each","Duck Breast 1lb",16,,,Y,
"0038365-01","","0038365-01","Each","Ground Chicken 1lb",16,,,Y,
"0040230-01","","0040230-01","Each","Beef, Ground 1lb",16,,,Y,
"0040382-01","","0040382-01","Each","Tri Tip 1lb",16,,,Y,
"0040482-01","","0040482-01","Each","Tomahawk, Creekstone 1lb",16,,,Y,
"0041048-01","","0041048-01","Each","Filet Mignon 1lb",1,,,Y,
"0041620-01","","0041620-01","Each","Filet Mignon, 9+ Score 1lb",1,,,Y,
"0041672-01","","0041672-01","Each","New York Steak, Prime 1lb",16,,,Y,
"0043416-01","","0043416-01","Each","Hanging Tender, Prime 1lb",16,,,Y,
"0044495-01","","0044495-01","Each","Porterhouse, Prime 1lb",16,,,Y,
"0044713-01","","0044713-01","Each","Rib Chop, French 1lb",16,,,Y,
"0065806-01","","0065806-01","Each","Lamb Riblets 1lb",16,,,Y,
"0070003-01","","0070003-01","Each","Jumbo Lump Crabmeat 1lb",16,,,Y,
"0071345-01","","0071345-01","Each","Outside Skirt, Clean Prime 1lb",16,,,Y,
"0075470-01","","0075470-01","Each","Turkey Maple Sausage 1lb",16,,,Y,
"00774","","00774","Each","Bay Leaf 1lb",16,,,Y,
"0080004-01","","0080004-01","Each","Mussels, Farmed 1lb",16,,,Y,
"0080008-01","","0080008-01","Each","Fish Bones 1lb",16,,,Y,
"0080013-01","","0080013-01","Each","Mussels P.E.I. 1lb",16,,,Y,
"0080017-01","","0080017-01","Case","Rock Cod Fillet 30lb",14.4,,,Y,
"0080065-01","","0080065-01","Each","Seabass 1lb",16,,,Y,
"0080084","","0080084","Each","Tilapia 1lb",16,,,Y,
"0081027-01","","0081027-01","Each","Shrimp 21/25 1lb",16,,,Y,
"0081194-01","","0081194-01","Each","Shrimp 16/20 1lb",16,,,Y,
"00816","","00816","Case","Cherry Tomato, Yellow 1each",12,,,Y,
"0082255-01","","0082255-01","Each","Tiger Prawn 1lb",16,,,Y,
"0083033-01","","0083033-01","Each","Littleneck Clams 1lb",16,,,Y,
"0083460-01","","0083460-01","Each","Salmon, Faroe Island 1lb",16,,,Y,
"0084111-01","","0084111-01","Each","Halibut 1lb",16,,,Y,
"00850","","00850","Each","Rosemary 1lb",16,,,Y,
"0086077-01","","0086077-01","Each","Hotaru Ika (Firefly Squid) 1lb",16,,,Y,
"0090071-01","","0090071-01","Each","Chicken Feet 1lb",16,,,Y,
"0090273-01","","0090273-01","Each","Duck Fat 1lb",16,,,Y,
"0090454-01","","0090454-01","Each","Duck Leg 1lb",16,,,Y,
"01040","","01040","Case","Blackberry BK 1Basket",12,,,Y,
"01120","","01120","Case","Fig, Black Mission 1each",12,,,Y,
"01684","","01684","Case","Chives - Food 4oz",8,,,Y,
"02101","","02101","Case","Curly Fries 1lb",480,,,Y,
"02223","","02223","Case","Lemon Sorbet 1gal",192,,,Y,
"02351","","02351","Case","Dill Pickle Chips 1gal",640,,,Y,
"02438","","02438","Case","Passionfruit Sorbet 1L",1.5,,,Y,
"02855","","02855","Each","YEAST-DRY ACTIVE 2lb",32,,,Y,
"03607","","03607","Case","Cream Cheese 1lb",48,,,Y,
"03903","","03903","Case","Parmesan 1lb",288,,,Y,
"0411717-01","","0411717-01","Each","Beef Slider, 2oz Patty 1lb",1,,,Y,
"04810","","04810","Each","White Wine Vinegar 1gal",128,,,Y,
"05567","","05567","Each","CHEESE-BERMUDA TRIANGLE (lbs) 1lb",16,,,Y,
"06036","","06036","Each","Mustard Seed 25oz",25,,,Y,
"06045","","06045","Each","Cumin 14oz",14,,,Y,
"06046","","06046","Each","Mustard Seed, Brown 27oz",27,,,Y,
"06299","","06299","Each","Lotus Root 1lb",16,,,Y,
"06461","","06461","Each","Micro Shiso, Red 1each",1,,,Y,
"06563","","06563","Case","Tempura Mix 1lb",480,,,Y,
"06794","","06794","Each","Micro Shiso 1each",1,,,Y,
"0701345-01","","0701345-01","Each","Outside Skirt 1lb",16,,,Y,
"07404","","07404","Case","Jumbo Asparagus 1lb",176,,,Y,
"0753624-01","","0753624-01","Each","Ground Turkey 1lb",16,,,Y,
"09287","","09287","Case","Farro Grain 1lb",192,,,Y,
"09551","","09551","Case","Blue Lake Bean 1lb",80,,,Y,
"09552","","09552","Case","Fava Bean 1lb",48,,,Y,
"09558","","09558","Case","Blueberries 1each",3,,,Y,
"09565","","09565","Case","Cabbage, Red 1each",3,,,Y,
"09585","","09585","Case","Eggplant 1each",3,,,Y,
"09596","","09596","Case","Parsley 1each",6,,,Y,
"10013","","10013","Case","Horseradish Root 1lb",48,,,Y,
"10025","","10025","Case","English Pea 1lb",48,,,Y,
"10028","","10028","Case","Bell Pepper, Green 1lb",32,,,Y,
"10039","","10039","Case","Sprouts, Daikon 1oz",2,,,Y,
"10042","","10042","Case","Zucchini Squash, Green 1lb",80,,,Y,
"10148","","10148","Case","Ginger - Food 1lb",32,,,Y,
"1036118-B12","","1036118-B12","Each","Chateau Calon Segur 2009 750ml",1,,,Y,
"1036144-B12","","1036144-B12","Each","Chateau Ducru Beaucaillou 2008 750ml",1,,,Y,
"1037350-B12","","1037350-B12","Case","Chateau Cantemerle, Haut Medoc 2010 750ml",12,,,Y,
"1038396-B12","","1038396-B12","Each","Chateau Pichon Baron 2000 750ml",1,,,Y,
"1039813-B06","","1039813-B06","Each","Chateau Canon La Gaffeliere 2000 750ml",1,,,Y,
"108131","","108131","Case","Smith & Sheth, 'CRU', Chardonnay 2022 750ml",6,,,Y,
"108362","","108362","Case","Le Ragnaie, Brunello di Montalcino 2020 750ml",12,,,Y,
"108364","","108364","Case","Le Ragnaie, 'Vecchie Vigne', Brunello di Montalcino 2020 750ml",6,,,Y,
"108366","","108366","Case","Le Ragnaie, 'Casa Montisoli', Brunello di Montalcino 2020 750ml",6,,,Y,
"1091109-B06	","","1091109-B06	","Each","Chateau Langoa Barton 2009 750ml",1,,,Y,
"10970","","10970","Case","Tortilla, Flour 12" 12each",48,,,Y,
"1108288-B12","","1108288-B12","Each","Chateau Giscours 2014 750ml",1,,,Y,
"1115673-B06","","1115673-B06","Each","Chateau Calon Segur 2016 750ml",1,,,Y,
"1116547-B06","","1116547-B06","Each","Chateau Les Carmes Haut Brion 2016 750ml",1,,,Y,
"1117021-B06","","1117021-B06","Case","Clos Fourtet 2016 750ml",6,,,Y,
"11201270","","11201270","Each","Crab Meat, Lump 1tin",1,,,Y,
"11235532","","11235532","Each","Branzino, Euro 1lb",16,,,Y,
"11238503","","11238503","Each","Dover Sole 1lb",16,,,Y,
"1124443-C06","","1124443-C06","Each","Chateau Cos d'Estournel, 'Le Medoc de Cos' 2016 750ml",1,,,Y,
"11248000","","11248000","Each","Hiramasa (Yellowtail/King Fish) 1lb",16,,,Y,
"1139691-B12","","1139691-B12","Each","Chateau Cos d'Estournel 1990 750ml",1,,,Y,
"1141359-B06","","1141359-B06","Case","Chateau Nenin 1998 750ml",6,,,Y,
"1146440-C06","","1146440-C06","Each","Hetszolo, '5 Puttonyos', Tokaji 2010 500ml",1,,,Y,
"11485","","11485","Each","Micro Citrus Mix 1each",1,,,Y,
"11824","","11824","Each","Green Garlic 1lb",16,,,Y,
"11866","","11866","Case","Greek Yogurt 1quart",6,,,Y,
"12092","","12092","Case","Almond, Smoked 1lb",400,,,Y,
"12120","","12120","Case","Cous Cous 1lb",80,,,Y,
"12386","","12386","Case","Alta Cucina Tomatos 108oz",648,,,Y,
"13037","","13037","Each","Molasses 1gal",128,,,Y,
"13120307","","13120307","Case","Chilean Seabass 1lb",168,,,Y,
"13241","","13241","Each","Hon Dashi Soup Stock 1kg",1,,,Y,
"13593","","13593","Each","Sherry Vinegar 1gal",128,,,Y,
"137842-B12","","137842-B12","Each","Chateau Haut Brion 1982 750ml",1,,,Y,
"13886","","13886","Case","Butter, European Style 1lb",576,,,Y,
"14204","","14204","Each","Mozzarella Cheese Ovaline 3lb",48,,,Y,
"16096","","16096","Case","Pomegrante Seeds 1each",3,,,Y,
"16801","","16801","Case","Mozzarella Cheese Perlini 1lb",48,,,Y,
"1773","","1773","Each","Sambal Oelek, Sauce 18oz",18,,,Y,
"18338","","18338","Case","Raspberry Sorbet 1gal",160,,,Y,
"18714","","18714","Each","Petite Red Sorrel 1pack",1,,,Y,
"19064","","19064","Case","Red Gem Lettuce 1lb",6,,,Y,
"19347","","19347","Case","Watercress 1lb",24,,,Y,
"19348","","19348","Case","Squash Flower, Male 1each",25,,,Y,
"20422","","20422","Case","Sushi Rice 1lb",640,,,Y,
"20821","","20821","Case","Eel Sauce 1lb",83.2,,,Y,
"21798","","21798","Case","Cotija Cheese 1lb",80,,,Y,
"22444","","22444","Each","Pea Tendrils 1lb",16,,,Y,
"22559","","22559","Each","Saffron 1oz",1,,,Y,
"22702","","22702","Each","Yakiniku sauce Bansankan 1each",1,,,Y,
"22855","","22855","Case","MZKN MUSTARD & SHOYU DRS 32oz",192,,,Y,
"23152505","","23152505","Case","Rock Shrimp 1lb",80,,,Y,
"23158018","","23158018","Case","Lobster Meat, Frozen 1lb",64,,,Y,
"23401","","23401","Case","Basmati Rice 1lb",400,,,Y,
"23510","","23510","Case","Popcorn Kernels 30oz",120,,,Y,
"23697","","23697","Each","Miyako Tempura Batter Mix 1each",1,,,Y,
"24723","","24723","Each","Sumac 18oz",18,,,Y,
"25015","","25015","Case","Kosher Salt 1lb",432,,,Y,
"25267","","25267","Each","Micro Carrot Top 1pack",1,,,Y,
"25550","","25550","Each","Sambal Sauce 1gal",128,,,Y,
"27040","","27040","Case","Pink Radish 1each",12,,,Y,
"27572","","27572","Case","Agrumato, Lemon 250ml",1500,,,Y,
"27668","","27668","Case","Dark Chocolate Chips, Vegan 1lb",400,,,Y,
"27694","","27694","Case","Wonton Wrapper 14oz",168,,,Y,
"27981","","27981","Each","Paprika, Smoked 1lb",16,,,Y,
"28127","","28127","Case","Soy Milk 32fl.oz",192,,,Y,
"28680","","28680","Case","Shoestring Fries 1lb",400,,,Y,
"2A22CUVSM","","2A22CUVSM","Case","Ashes & Diamonds, 'Saffron Mountain Cuvee', Cabernet Sauvignon 2022 750ml",12,,,Y,
"2A22WHN8	","","2A22WHN8	","Case","Ashes & Diamonds, No. 8', Blanc 2022 750ml",12,,,Y,
"30319","","30319","Each","SUIHANYO MIOLA 1each",1,,,Y,
"30367","","30367","Each","Katsuo Mirin Furikake 1.7oz",1.7,,,Y,
"30409","","30409","Case","Chili Oil 1L",1.8,,,Y,
"30436 1 ","","30436 1 ","Each","Mizkan Awase Vinegar, No MSG 5.28gal",675.84,,,Y,
"30501196","","30501196","Each","Shrimp 8/12 1lb",16,,,Y,
"30533","","30533","Case","Ponzu 1L",1.8,,,Y,
"30553","","30553","Each","Miyako Ajipon 1gal",128,,,Y,
"30554","","30554","Each","Ponzu 1gal",128,,,Y,
"30620","","30620","Case","Toyo Johakuto (Japanese Sugar) 1lb",35.2,,,Y,
"31480","","31480","Each","GINJO AKAZU 60.9FLOZ 60.9fl.oz",60.9,,,Y,
"33412","","33412","Case","Siracha 28oz",336,,,Y,
"33505","","33505","Case","Yusen (Grain Vinegar) 1L",20,,,Y,
"33552","","33552","Each","KAMOSHIBI RED VINEGAR 61fl.oz",61,,,Y,
"34675","","34675","Each","Crunchy Garlic 1oz",1,,,Y,
"3616","","3616","Case","Senryo Mirin 1.8L",10.8,,,Y,
"39211","","39211","Each","Roasted Sesame Dressing 64fl.oz",64,,,Y,
"40250","","40250","Case","Eggplant, 18 Size 1case",0.5,,,Y,
"41040","","41040","Each","Blackberry 1each",1,,,Y,
"41330","","41330","Case","Pomegranate 1each",0.5,,,Y,
"41420","","41420","Case","Limes 1each",100,,,Y,
"49587","","49587","Each","Magu Roll 1each",1,,,Y,
"49758","","49758","Case","Dashi Kombu 1lb",528,,,Y,
"514","","514","Each","White Levain XL, Loaf 1each",1,,,Y,
"55722","","55722","Case","Turnip, Baby 1Bunch",3,,,Y,
"60744","","60744","Each","Battera Konbu 1each",1,,,Y,
"60747","","60747","Case","Rishiri Dasi Konbu 1lb",35.2,,,Y,
"60750","","60750","Each","Wakame 1lb",16,,,Y,
"61658","","61658","Case","Shiro Tosaka Reifukanso 1.76oz",35.2,,,Y,
"63015","","63015","Each","hangiri 10/100 each 10each",1,,,Y,
"63019","","63019","Each","TAKA TOKUYO KIZAMI 1each",1,,,Y,
"64051","","64051","Case","1Goma Mamenorisan (Soy Paper) 1each",40,,,Y,
"66814","","66814","Each","Thai Basil 4oz",1,,,Y,
"66840","","66840","Case","Oregano 1oz",4,,,Y,
"673","","673","Each","Rustic Loaf 1each",1,,,Y,
"71096","","71096","Each","Oyster Sauce Jar 1each",1,,,Y,
"71111","","71111","Case","Dates, Pitted 1lb",80,,,Y,
"71150","","71150","Case","Kiwi - Food 1each",6,,,Y,
"71285","","71285","Case","Cantaloupe - Food 1melon",2,,,Y,
"71319","","71319","Each","Hiyashi Wakame 1lb",16,,,Y,
"71501","","71501","Case","Almond, Sliced 1lb",80,,,Y,
"71510","","71510","Case","Cashew 1lb",80,,,Y,
"71531","","71531","Each","Hazelnut, Blanched 5lb",80,,,Y,
"71570","","71570","Case","Pistachio, No Shell, No Salt 1lb",80,,,Y,
"71580","","71580","Case","Pecans 1lb",80,,,Y,
"72298","","72298","Case","Cheddar Cheese, Shredded 1lb",80,,,Y,
"77118","","77118","Each","Garbanzo Bean, Canned 108oz",108,,,Y,
"77176","","77176","Each","Capers 32oz",32,,,Y,
"77373","","77373","Case","Romaine 1each",3,,,Y,
"8311","","8311","Each","Sake, Seasoned 18L",18,,,Y,
"89030","","89030","Each","CLOVER 18-8 FUKAGATA 1each",1,,,Y,
"91129","","91129","Each","Hangiri Bay Yakinori, Gold 1each",1,,,Y,
"92377","","92377","Case","Yellow Squash, Straight 1lb",80,,,Y,
"9689658","","9689658","Case","Maison No. 9 Rose 750ml",12,,,Y,
"9760","","9760","Each","Takara Mirin 700ml",700,,,Y,
"9767867","","9767867","Case","Billaud Simon, Chablis 2023 750ml",6,,,Y,
"99124","","99124","Case","Broccoli 1lb",80,,,Y,
"99436","","99436","Case","Haricot Vert (Green Bean) 1lb",32,,,Y,
"99451","","99451","Case","Cippolini Onion 1lb",32,,,Y,
"A4-X","","A4X","Bottle","Brocard, 'Valourent', Chablis 2022 750ml",1,,,Y,
"A6-X","","A6X","Bottle","Domaine Girard, 'Monts Damnes', Sancerre 2023 750ml",1,,,Y,
"ABR1501023","","ABR1501023","Bottle","Aubert, 'UV-SL Vineyard', Chardonnay 2023 750ml",1,,,Y,
"ABR1501023","","ABR1501023","Bottle","Aubert, 'UV-SL Vineyard', Chardonnay 2023 750ml",1,,,N,
"ABR2201023","","ABR2201023","Each","Aubert, Powder House', Chardonnay 2023 750ml",1,,,Y,
"ABR3201022","","ABR3201022","Bottle","Aubert, 'UV Vineyard', Pinot Noir 2023 750ml",1,,,Y,
"","","ABR3801023","Bottle","Aubert, 'Park Avenue Vineyard', Pinot Noir 2023 750ml",1,,,Y,
"ABR3801023","","ABR3801023","Bottle","Aubert, 'Park Avenue Vineyard', Pinot Noir 2023 750ml",1,,,N,
"AG2275","","AG2275","Each","Eisele Vineyard, 'Altagracia', Cabernet Sauvignons 2022 750ml",1,,,Y,
"","","APEROLLIQ6CS","Case","Aperol Liqueur (6/Case)",6,,,Y,
"","","ARDBEG10YR","Bottle","Ardbeg Malt 10 Year",1,,,Y,
"ARI-25204098","","ARI25204098","Bottle","Domaine Aricoques, 'Rhea' 2023 750ml",1,,,Y,
"ARI-25204102","","ARI25204102","Bottle","Domaine Aricoques, 'Dione' 2023 750ml",1,,,Y,
"","","BARC000001","Bottle","BIB - Coke 5gal",640,,,Y,
"","","BARC000002","Bottle","BIB - Cranberry 2.5gal",320,,,Y,
"","","BARC000003","Bottle","BIB - Diet Coke - Bev 5gal",640,,,Y,
"","","BARC000003","Bottle","BIB - Diet Coke - Bev 5gal",640,,,N,
"","","BARC000004","Bottle","BIB - Ginger Ale 2.5gal",320,,,Y,
"","","BARC000004","Bottle","BIB - Ginger Ale 2.5gal",320,,,N,
"","","BARC000005","Bottle","BIB - Lemonade 2.5gal",320,,,Y,
"","","BARC000006","Bottle","BIB - Sprite - Bev 5gal",640,,,Y,
"","","BARC000006","Bottle","BIB - Sprite - Bev 5gal",640,,,N,
"","","BARC000007","Bottle","BIB - Tonic 2.5gal",320,,,Y,
"","","BARC000008","Bottle","BIB - Unsweetened Ice Tea 2.5gal",320,,,Y,
"","","BARC000009","Bottle","Blackberry Syrup 0.5gal",64,,,Y,
"","","BARC000010","Bottle","Blackberry Syrup 1each",1,,,Y,
"","","BARC000011","Bottle","BS Logo 2"Ice Cubes 1each 1each",25.3605,,,Y,
"","","BARC000011","Case","BS Logo 2"Ice Cubes 1each 1each",100,,,N,
"","","BARC000011","Case","BS Logo 2"Ice Cubes 1each 1each",8,,,N,
"","","BARC000011","Case","BS Logo 2"Ice Cubes 1each 1each",48,,,N,
"","","BARC000012","Bottle","Carrot Passionfruit Syrup 0.5gal",64,,,Y,
"SPWEB1982","","BARC000013","Bottle","Cranberry Juice 64fl.oz",25.3605,,,Y,
"SPWEB1982","","BARC000013","Case","Cranberry Juice 64fl.oz",512,,,N,
"","","BARC000014","Bottle","Cucumber Mint Syrup 0.5gal",64,,,Y,
"","","BARC000014","Bottle","Cucumber Mint Syrup 0.5gal",64,,,N,
"","","BARC000016","Bottle","Custom Logo Event Ice 1each",1,,,Y,
"","","BARC000017","Case","Cutwater Ginger Beer Can 12fl.oz",288,,,Y,
"","","BARC000018","Case","Dehydrated Pineapple Slices 1each",80,,,Y,
"","","BARC000020","Bottle","Delilah Miami Logo Ice Cube 1each",25.3605,,,Y,
"","","BARC000020","Case","Delilah Miami Logo Ice Cube 1each",80,,,N,
"","","BARC000020","Bottle","Delilah Miami Logo Ice Cube 1each",1,,,N,
"","","BARC000020","Case","Delilah Miami Logo Ice Cube 1each",100,,,N,
"","","BARC000021","Bottle","Delilah Mints 1case",25.3605,,,Y,
"","","BARC000021","Case","Delilah Mints 1case",10,,,N,
"","","BARC000021","Bottle","Delilah Mints 1case",1,,,N,
"","","BARC000022","Bottle","Elderflower Syrup 1gal",128,,,Y,
"","","BARC000025","Bottle","Ginger Syrup 0.5gal",64,,,Y,
"","","BARC000026","Bottle","Ginger Syrup 1gal",128,,,Y,
"1409","","BARC000027","Case","Grapefruit 1 each - Bev 1each",32,,,Y,
"","","BARC000028","Bottle","Grapefruit Juice 1gal",128,,,Y,
"","","BARC000029","Bottle","Kiwi Juice 0.5gal",64,,,Y,
"","","BARC000029","Bottle","Kiwi Juice 0.5gal",64,,,N,
"1853","","BARC000030","Bottle","La Colombe Cold Brew Concentrate BIB 3gal",384,,,Y,
"1853","","BARC000030","Bottle","La Colombe Cold Brew Concentrate BIB 3gal",384,,,N,
"","","BARC000031","Bottle","Lemon Juice - Bev 1gal",128,,,Y,
"","","BARC000031","Case","Lemon Juice - Bev 1gal",512,,,N,
"","","BARC000032","Bottle","Lemon Juice 10L BIB 10L",338.14,,,Y,
"","","BARC000032","Bottle","Lemon Juice 10L BIB 10L",338.14,,,N,
"","","BARC000033","Bottle","Lemon Juice 1gal",128,,,Y,
"","","BARC000033","Bottle","Lemon Juice 1gal",128,,,N,
"","","BARC000034","Bottle","Lime Juice 0.5gal",64,,,Y,
"","","BARC000035","Bottle","Lime Juice 10L BIB 10L",338.14,,,Y,
"","","BARC000035","Bottle","Lime Juice 10L BIB 10L",338.14,,,N,
"","","BARC000036","Bottle","Lime Juice 1gal",128,,,Y,
"","","BARC000036","Case","Lime Juice 1gal",384,,,N,
"","","BARC000036","Case","Lime Juice 1gal",512,,,N,
"","","BARC000036","Bottle","Lime Juice 1gal",128,,,N,
"","","BARC000037","Case","Lime Juice 1L",101.442,,,Y,
"","","BARC000038","Bottle","Lime Juice 1quart",25.3605,,,Y,
"","","BARC000038","Bottle","Lime Juice 1quart",32,,,N,
"","","BARC000041","Bottle","Mango Syrup 0.5gal",64,,,Y,
"","","BARC000042","Bottle","MEP Grapefruit juice 3L 3L",101.442,,,Y,
"","","BARC000042","Bottle","MEP Grapefruit juice 3L 3L",101.442,,,N,
"","","BARC000043","Bottle","Nice Guy Logo 2"Ice Cubes 1each",25.3605,,,Y,
"","","BARC000043","Case","Nice Guy Logo 2"Ice Cubes 1each",48,,,N,
"01751","","BARC000045","Bottle","Orange Juice 0.5gal",64,,,Y,
"01751","","BARC000045","Bottle","Orange Juice 0.5gal",64,,,N,
"01751","","BARC000046","Bottle","orange juice 3L 3L",101.442,,,Y,
"985862","","BARC000047","Case","Owens Mixer Ginger Beer 250ml",202.884,,,Y,
"","","BARC000048","Bottle","Passionfruit Syrup 0.5gal",64,,,Y,
"","","BARC000049","Bottle","Pineapple Juice 1gal",128,,,Y,
"","","BARC000050","Bottle","Pineapple Juice 3L",101.442,,,Y,
"","","BARC000051","Bottle","Pineapple Juice 46fl.oz",25.3605,,,Y,
"","","BARC000051","Case","Pineapple Juice 46fl.oz",552,,,N,
"","","BARC000052","Bottle","Pumpkin Sprice Syrup 750ml",25.3605,,,Y,
"","","BARC000052","Bottle","Pumpkin Sprice Syrup 750ml",25.3605,,,N,
"","","BARC000053","Bottle","Raspberry Juice 0.5gal",64,,,Y,
"","","BARC000054","Bottle","Raspberry Syrup 0.5gal",64,,,Y,
"22472","","BARC000055","Bottle","Red Pepper Stuffed Olive 3.3lb",52.8,,,Y,
"","","BARC000057","Bottle","Standard Dehydrated Orange Wheel 1each",25.3605,,,Y,
"","","BARC000057","Case","Standard Dehydrated Orange Wheel 1each",100,,,N,
"","","BARC000058","Bottle","Strawberry Juice 1gal",128,,,Y,
"","","BARC000059","Bottle","Strawberry Syrup 0.5gal",64,,,Y,
"","","BARC000059","Case","Strawberry Syrup 0.5gal",128,,,N,
"","","BARC000059","Bottle","Strawberry Syrup 0.5gal",64,,,N,
"","","BARC000060","Bottle","Strawberry Syrup 1gal",128,,,Y,
"","","BARC000061","Bottle","Vanilla Orange Demerara Syrup 1gal",128,,,Y,
"","","BARC000062","Bottle","Watermelon Juice 0.5gal",64,,,Y,
"","","BARC000062","Bottle","Watermelon Juice 0.5gal",64,,,N,
"","","BARC000063","Bottle","Watermelon Juice 1gal",128,,,Y,
"","","BARC000064","Bottle","Watermelon Juice 3L",101.442,,,Y,
"993101","","BARC000065","Bottle","Zing Zang Sweet & Sour Mix 32fl.oz",25.3605,,,Y,
"993101","","BARC000065","Case","Zing Zang Sweet & Sour Mix 32fl.oz",192,,,N,
"BCD1101023","","BCD1101023","Case","Brocard, 'Ste Claire', Chablis 2023 750ml",12,,,Y,
"BCD1801022","","BCD1801022","Each","Brocard, 'Montee de Tonnerre', Chabliss 2022 750ml",1,,,Y,
"BCD1901023","","BCD1901023","Case","Brocard, 'Valourent', Chablis 2023 750ml",12,,,Y,
"A5-1","","BCD1901023","Bottle","Brocard, 'Valourent', Chablis 2023 750ml",1,,,N,
"BDM1002922","","BDM1002922","Case","Bonneau du Martray, Corton Charlemagne 2022 750ml",3,,,Y,
"600","","BKGENBAGUET","Each","Baguette 1each",1,,,Y,
"","","BKGENBIRTHD","Each","Birthday Cake Carol Cake $60 1each",1,,,Y,
"","","BKGENCIABAT","Each","Ciabatta 1loaf",1,,,Y,
"","","BKGENCUSTOM","Each","Custom Cake 1each",1,,,Y,
"","","BKGENFOCACC","Each","Focaccia 1each",1,,,Y,
"","","BKGENHOUSEB","Case","House Bread 1ct",1,,,Y,
"","","BKGENSESAME","Case","Sesame Sourdough 1each",2,,,Y,
"","","BOXPIZZA12IN","Bottle","Pizza Box 12in SBS",750,,,Y,
"BRG1001022","","BRG1001022","Bottle","Alain Graillot, Crozes Hermitage 2022 750ml",1,,,Y,
"","","BRGENMICHEL","Case","Michelob Ultra 12fl.oz",24,,,Y,
"BT914B","","BT914B","Case","I Stefanini, Soave 2024 750ml",12,,,Y,
"C02-4","","C024","Bottle","Brocard, 'Bougros', Chablis 2023 750ml",1,,,Y,
"","","CHEESEMOZZLB","Bottle","Mozzarella Cheese (lb)",750,,,Y,
"","","CODTEQANEJ","Bottle","Codigo Tequila Anejo",1,,,Y,
"","","CONT22RW76CB","Bottle","Continuum, Napa Red 2022 750ml",1,,,Y,
"CONT22RW76CB","","CONT22RW76CB","Case","Continuum, Napa Red 2022 750ml",6,,,N,
"","","CUPPET16OZ","Bottle","PET Cup 16oz",16,,,Y,
"","","D00","Bottle","Cuvelier Los Andes, Malbec 2020 750ml",1,,,Y,
"D0-0","","D00","Bottle","Cuvelier Los Andes, Malbec 2020 750ml",1,,,N,
"D3-6","","D36","Bottle","Fortemasso, 'Castelletto', Barolo Riserva 2016 750ml",1,,,Y,
"DJC2201123","","DJC2201123","Case","Dujac, 'Folatieres', Puligny Montrachet 2023 750ml",6,,,Y,
"DJC2301123","","DJC2301123","Case","Dujac, 'Combettes', Puligny Montrachet 2023 750ml",6,,,Y,
"DJC3104523","","DJC3104523","Bottle","Dujac, Morey St Denis 2023 1.5L",1,,,Y,
"DJC3104523","","DJC3104523","Bottle","Dujac, Morey St Denis 2023 1.5L",1,,,N,
"DJC3401123","","DJC3401123","Bottle","Dujac, '1er Cru', Morey St Denis 2023 750ml",1,,,Y,
"DJC3401123","","DJC3401123","Bottle","Dujac, '1er Cru', Morey St Denis 2023 750ml",1,,,N,
"DJC3902923E","","DJC3902923E","Bottle","Dujac, Clos de la Roche 2023 750ml",1,,,Y,
"DM13CIS1","","DM13CIS1","Each","DuMol, 'Charles Heintz - Isobel', Chardonnays 2013 1.5L",1,,,Y,
"DM13PAD1","","DM13PAD1","Each","DuMol, 'Wildrose', Pinot Noir 203 1.5L",1,,,Y,
"DM14SJR2","","DM14SJR2","Each","DuMol, Syrah 2014 750ml",1,,,Y,
"DM15PRV2","","DM15PRV2","Each","DuMol, 'Wester Reach', Pinot Noir 2015 750ml",1,,,Y,
"DM16CHEST2","","DM16CHEST2","Each","DuMol, 'Estate', Chardonnay 2016 750ml",1,,,Y,
"E6-4","","E64","Bottle","Brocard, 'Montee de Tonnerre', Chablis 2019 1.5L",1,,,Y,
"","","EC947191","Bottle","Lucien Crochet, 'Croix du Roy', Sancerre 2023 750ml",1,,,Y,
"EC947191","","EC947191","Case","Lucien Crochet, 'Croix du Roy', Sancerre 2023 750ml",12,,,N,
"EF2188","","EF2188","Each","Ellman Famil Vineyards, 'Brother's Blend', Red Wine 2021 750ml",1,,,Y,
"EF21ES3","","EF21ES3","Each","Ellman Family Vineyards, Cabernet Sauvignon 2021 750ml",1,,,Y,
"EF23SBCR6","","EF23SBCR6","Case","Ellman Family Vineyards, 'Caryn' Sauvignon Blanc 2023 750ml",6,,,Y,
"","","ESBBD01NV","Bottle","Fino Bodegas Barbadillo 750ml",1,,,Y,
"","","ESPRESSO001","Bottle","Espresso Beans (lb)",1,,,Y,
"","","FDGENEXTRAV","Case","Extra Virgin Olive Oil Truly (1/10L)",10,,,Y,
"","","FDGENGRAPEF","Bottle","Grapefruit Juice - 100% Cold Pressed (3L)",3,,,Y,
"","","FDGENLIMEJU","Bottle","Lime Juice (10L Bag-in-Box)",10,,,Y,
"","","FDGENMAYONN","Bottle","Mayonnaise Hellmans Extra Heavy (4/1 Gallon)",750,,,Y,
"","","FDGENORANGE","Bottle","Orange Juice - 100% Cold Pressed (3L)",3,,,Y,
"","","FDGENPINEAP","Bottle","Pineapple Juice - 100% Cold Pressed (3L)",3,,,Y,
"","","FDTHEWALNUT","Case","Walnut Halves Pitt #7 (1/5 lb Box)",5,,,Y,
"","","FEEFOAMCS","Bottle","Fee Brothers Fee Foam",1,,,Y,
"FXN3201022","","FXN3201022","Case","Foxen, Pinot Noir 2022 750ml",12,,,Y,
"","","FXN3201023","Bottle","Foxen, Pinot Noir 2023 750ml",1,,,Y,
"FXN3201023","","FXN3201023","Case","Foxen, Pinot Noir 2023 750ml",12,,,N,
"G21-7-Bellavoine-Maranges","","G217BELLAVOINEMAR","Case","Domaine Bellavoine, 'Cuvee Margot', Maranges 2021 750ml",12,,,Y,
"GCRU100127-21","","GCRU100127-21","Each","Pierre Peters, 'Cuvee De Reserve', Brut Champagne 750ml",1,,,Y,
"GCRU100128-21","","GCRU100128-21","Each","Pierre Peters, 'Cuvee de Reserve', Blanc de Blancs Champagne 1.5L",1,,,Y,
"GCRU100142-21","","GCRU100142-21","Case","Chartogne Taillet, 'Sainte Anne', Champagne 750ml",12,,,Y,
"GCRU100159-23","","GCRU100159-23","Case","Penna Currado, 'Bricco Lago', Langhe Nebbiolo 2023 750ml",6,,,Y,
"GCRU4652-23","","GCRU465223","Case","Presquile, Pinot Noir 2023 750ml",12,,,Y,
"GCRU6430-20","","GCRU6430-20","Each","Domaine Brun Avril Chateauneuf-du-Pape Rhone 2020 750ml",1,,,Y,
"GCRU90579-24","","GCRU9057924","Bottle","Bodega Chacra, 'Mainque', Chardonnay 2024 750ml",1,,,Y,
"GCRU90579-24","","GCRU9057924","Case","Bodega Chacra, 'Mainque', Chardonnay 2024 750ml",12,,,N,
"GCRU908013-22","","GCRU908013-22","Each","Savart, 'L'Ouverture 1er Cru, Champagne 750ml",1,,,Y,
"GCRU90824-22","","GCRU9082422","Case","Moreau Naudet, Chablis 2023 750ml",12,,,Y,
"GCRU990109-22","","GCRU990109-22","Each","Peter Lauer, 'Kupp #7', Riesling Spatlese 2022 750ml",1,,,Y,
"","","GIFFHEDOGES","Bottle","Giffard Villa De Hedoges",1,,,Y,
"GS3601120","","GS3601120","Case","Vega Sicilia, 'Valbuena', Ribera del Duero 2020 750ml",6,,,Y,
"HBG1201023","","HBG1201023","Bottle","Henri Bourgeois, 'Monts Damnes', Sancerre 2023 750ml",1,,,Y,
"HBG1201023","","HBG1201023","Case","Henri Bourgeois, 'Monts Damnes', Sancerre 2023 750ml",12,,,N,
"HBG1201024","","HBG1201024","Bottle","Henri Bourgeois, 'Cote Monts Damnes', Sancerre 2024 750ml",1,,,Y,
"HG23SB75","","HG23SB75","Case","Hourglass, Sauvignon Blancs 2023 750ml",12,,,Y,
"","","ICEBAG10LB","Bottle","Ice Bag 10lb",1,,,Y,
"0004117-01","","IT000411701","Each","Beef, Patty Premium Mix 1lb",1,,,Y,
"0005101-01","","IT000510101","Each","Bacon 1lb",16,,,Y,
"0005510-01","","IT000551001","Each","Italian Sausage 1lb",16,,,Y,
"0006511-01","","IT000651101","Each","Lamb Bones 1lb",16,,,Y,
"0009026-01","","IT000902601","Each","Duck Bones, Frozen 1lb",16,,,Y,
"0009033-01","","IT000903301","Each","Cornish Hen 1lb",16,,,Y,
"0012019-01","","IT001201901","Each","Pork Loin Rib 1lb",16,,,Y,
"0012023-01","","IT001202301","Each","Pork Belly Trimmed 1lb",16,,,Y,
"0012450-01","","IT001205001","Each","Pork Chop, Frenched 1lb",16,,,Y,
"0012120-01","","IT001212001","Each","Pork Butt 1lb",16,,,Y,
"0012215-01","","IT001221501","Case","Prosciutto 3oz",12,,,Y,
"0012241-01","","IT001224101","Each","Beef Bresaola 1lb",16,,,Y,
"0012511-01","","IT001251101","Case","Pork Shoulder, Ground 1lb",5,,,Y,
"0013049-01","","IT001304901","Each","Mortadella 1lb",16,,,Y,
"0013051-01","","IT001305101","Each","Molinari Salami 1lb",16,,,Y,
"0013094-01 ","","IT001309401","Each","Pork Chorizo 1lb",16,,,Y,
"0013098-01","","IT001309801","Each","Chorizo 1lb",16,,,Y,
"0037009-01","","IT001408701","Each","Hot Dog 1lb",16,,,Y,
"0015194-01","","IT001508801","Each","Lamb Rack 1lb",16,,,Y,
"00151","","IT00151","Case","Cauliflower 1each",12,,,Y,
"09567","","IT00151","Case","Cauliflower 1each",3,,,N,
"0016017-01","","IT001601701","Bottle","Osetra Caviar 1oz",1,,,Y,
"0016037-01","","IT001603701","Each","Caviar, Paddlefish 1each",1,,,Y,
"0016093-01","","IT001609301","Each","Steelhead Trout 1lb",16,,,Y,
"0016147-01","","IT001614701","Each","Thai Snapper 1lb",16,,,Y,
"0016177-01","","IT001617701","Each","Loup de Mer 1lb",16,,,Y,
"0016216-01","","IT001621601","Bottle","Classic Ossetra Caviar, Golden Royal 1oz",1,,,Y,
"0016276-01","","IT001627601","Each","Soft Shell Crab 1dozen",1,,,Y,
"0016289-01","","IT001628901","Each","Shrimp U7 1lb",16,,,Y,
"0016815-01","","IT001631401","Each","Tuna, Big Eye 1lb",16,,,Y,
"0016329-01","","IT001632901","Each","Branzino 1lb",16,,,Y,
"0016940-01","","IT001643001","Each","Seabream, New Zealand 1lb",16,,,Y,
"0016856-01","","IT001685601","Each","Boss Pasterurized Crab Meat 1tin",1,,,Y,
"0044495-01","","IT001704401","Each","Porterhouse, Prime 1lb",16,,,Y,
"0017099-01","","IT001709901","Each","Shortrib, Boneless 1lb",16,,,Y,
"0017339-01 ","","IT001733901","Each","Tail Flap 1lb",16,,,Y,
"0040230-01","","IT001738401","Each","Beef, Ground 1lb",16,,,Y,
"0017418-01","","IT001741801","Each","Beef Tenderloin 5 up 1lb",16,,,Y,
"0017463-01","","IT001746301","Each","Bone Marrow 1lb",16,,,Y,
"0017678-01","","IT001767801","Each","Ribeye, Lip, Creekstone 1lb",16,,,Y,
"0411717-01","","IT001790301","Bottle","Beef Slider, 2oz Patty 1lb",1,,,Y,
"0041048-01","","IT001797001","Each","Filet Mignon 1lb",1,,,Y,
"00181","","IT00181","Case","Chile Arbol, Dry 1lb",5,,,Y,
"0020147-01","","IT002014701","Each","Chicken, Boneless Whole 1lb",16,,,Y,
"0020160-01","","IT002016001","Each","Chicken Tender, Breaded 1lb",16,,,Y,
"0022016-01","","IT002049001","Each","Chicken Breast 1lb",16,,,Y,
"0021110-01","","IT002050301","Each","Chicken Thigh 1lb",16,,,Y,
"0360401-01","","IT002097001","Each","Chicken Wing 1lb",16,,,Y,
"0021028-01","","IT002102801","Each","Chicken Leg 1lb",16,,,Y,
"0021060-01","","IT002106001","Each","Chicken, Whole 1lb",16,,,Y,
"0021086-01","","IT002108601","Each","Chicken Thigh, Boneless 1lb",16,,,Y,
"0021090-01","","IT002109001","Each","Chicken Cage Bones 1lb",16,,,Y,
"0022015-01","","IT002201501","Each","Chicken Wing, Jumbo 1lb",16,,,Y,
"0022016-01","","IT002201601","Bottle","Chicken- 8OZ SPLIT ROCKY 1lb",1,,,Y,
"0023003-01","","IT002300301","Each","Chicken Breast, Boneless 1lb",16,,,Y,
"0031117-01","","IT003111701","Each","Turkey, Breast 1lb",16,,,Y,
"0032040-01","","IT003204001","Each","Rose Pork Sausage Links 1lb",16,,,Y,
"0032146-01","","IT003214601","Each","Baby Back Ribs 1lb",16,,,Y,
"00335","","IT00335","Case","Baby Arugula 1lb",2,,,Y,
"00335","","IT00335","Case","Baby Arugula 1lb",4,,,N,
"0035009-01","","IT003500901","Each","Veal Shank Bone 1lb",16,,,Y,
"0035050-01","","IT003505001","Each","Veal Knuckle Bone 1lb",16,,,Y,
"0035298-01","","IT003529801","Each","Ora King Salmon 1lb",16,,,Y,
"0036014-01","","IT003601401","Each","shrimp 31-40 White 1lb",16,,,Y,
"0036100-01","","IT003610001","Each","Halibu, Alaskan 1lb",16,,,Y,
"0036306-01","","IT003630601","Each","Shrimp 16/20 1lb",16,,,Y,
"0036318-1","","IT00363181","Each","Black Tiger Shrimp 1lb",16,,,Y,
"0036366-01","","IT003636601","Each","shrimp head on 10-12 1lb",16,,,Y,
"0036563-01","","IT003656301","Each","Lobster Tails 1lb",16,,,Y,
"00370","","IT00370","Each","Baby Mix Lettuce Whole 1case",1,,,Y,
"0037059-01","","IT003705901","Case","RIbeye, Sliced, Frozen 1lb",15,,,Y,
"0037066-01","","IT003706601","Each","Kusshi Oysters 1each",1,,,Y,
"00373","","IT00373","Case","Romaine 1each",24,,,Y,
"0038010-01","","IT003801001","Each","Duck Breast, Boneless 1lb",16,,,Y,
"0038014-01","","IT003801401","Each","Duck Breast 1lb",16,,,Y,
"0038365-01","","IT003836501","Each","Ground Chicken 1lb",16,,,Y,
"0040382-01","","IT004038201","Each","Tri Tip 1lb",16,,,Y,
"0041672-01","","IT004043801","Each","New York Steak, Prime 1lb",16,,,Y,
"0040482-01","","IT004048201","Each","Tomahawk, Creekstone 1lb",16,,,Y,
"0044269-01","","IT004101601","Each","Rib Chop, French 1lb",16,,,Y,
"0041620-01","","IT004162001","Each","Filet Mignon, 9+ Score 1lb",1,,,Y,
"0041672-01","","IT004167201","Each","New York Steak, 6-7 Score 1lb",16,,,Y,
"0043416-01","","IT004341601","Each","Hanging Tender, Prime 1lb",16,,,Y,
"00614","","IT00614","Case","Sugar Snap Pea 1lb",10,,,Y,
"99614","","IT00614","Case","Sugar Snap Pea 1lb",2,,,N,
"00667","","IT00667","Case","Baby Zucchini 1lb",10,,,Y,
"0070003-01","","IT007000301","Each","Crab Meat 1lb",16,,,Y,
"0071345-01","","IT007134501","Each","Outside Skirt, Clean Prime 1lb",16,,,Y,
"0075470-01","","IT007547001","Each","Turkey Maple Sausage 1lb",16,,,Y,
"00774","","IT00774","Each","Bay Leaf 1lb",16,,,Y,
"0080004-01","","IT008000401","Each","Mussels, Farmed 1lb",16,,,Y,
"0080008-01","","IT008000801","Each","Fish Bones 1lb",16,,,Y,
"0080013-01","","IT008001301","Each","Mussels P.E.I. 1lb",16,,,Y,
"0080017-01","","IT008001701","Each","Rock Cod Fillet 30lb",480,,,Y,
"0080084-01","","IT0080084","Each","Tilapia 1lb",16,,,Y,
"0081027-01","","IT008102701","Each","Shrimp 21/25 1lb",16,,,Y,
"00816","","IT00816","Case","Cherry Tomato, Yellow 1each",12,,,Y,
"0082255-01","","IT008225501","Each","Tiger Prawn 1lb",16,,,Y,
"0083033-01","","IT008303301","Each","Littleneck Clams 1lb",16,,,Y,
"0084999-01","","IT008346001","Each","Salmon, Faroe Island 1lb",16,,,Y,
" 0083999-01","","IT008399901","Each","Bakkafrost Salmon, Farmed Faroe 1lb",16,,,Y,
"0084111-01","","IT008411101","Each","Halibut 1lb",16,,,Y,
"0090071-01","","IT009007101","Each","Chicken Feet 1lb",16,,,Y,
"0090273-01","","IT009027301","Each","Duck Fat 1lb",16,,,Y,
"0090454-01","","IT009045401","Each","Duck Leg 1lb",16,,,Y,
"09558","","IT01042","Each","Blueberry 1basket",1,,,Y,
"09559","","IT01052","Each","Raspberry 1Case",1,,,Y,
"01120","","IT01120","Case","Fig, Black Mission 1each",12,,,Y,
"","","IT012345678901","Bottle","Jack Daniel's Old No. 7 Tennessee Whiskey",1,,,Y,
"01250","","IT01250","Each","Peach, Organic 1layer",1,,,Y,
"01684","","IT01684","Case","Chives - Food 4oz",8,,,Y,
"01751","","IT01751","Bottle","Orange Juice - Food 1gal",128,,,Y,
"01799","","IT01799","Case","Carrot, Baby Rainbow 1each",24,,,N,
"02101","","IT02101","Case","Curly Fries 1lb",30,,,Y,
"02223","","IT02223","Case","Lemon Sorbet 1gal",128,,,Y,
"02351","","IT02351","Case","Dill Pickle Chips 1gal",5,,,Y,
"02374","","IT02374","Case","Sour Cream 1lb",80,,,Y,
"02855","","IT02855","Each","YEAST-DRY ACTIVE 2lb",32,,,Y,
"03352","","IT03352","Case","Haricot Vert (Green Bean) 1lb",2,,,Y,
"03769","","IT03769","Case","Tangerine, Mini 1lb",5,,,Y,
"03903","","IT03903","Case","Parmesan 1lb",18,,,Y,
"04810","","IT04810","Bottle","White Wine Vinegar 1gal",128,,,Y,
"05567","","IT05567","Each","CHEESE-BERMUDA TRIANGLE (lbs) 1lb",16,,,Y,
"06026","","IT06026","Bottle","Oregano 12oz",12,,,Y,
"06036","","IT06036","Bottle","Mustard Seed 25oz",25,,,Y,
"06042","","IT06042","Each","Ground Cinnamon 1lb",16,,,Y,
"06046","","IT06046","Bottle","Mustard Seed, Brown 27oz",27,,,Y,
"06299","","IT06299","Each","Lotus Root 1lb",16,,,Y,
"06563","","IT06563","Case","Tempura Mix 1lb",30,,,Y,
"06794","","IT06794","Each","Micro Shiso 1each",1,,,Y,
"0701345-01","","IT070134501","Each","Outside Skirt 1lb",16,,,Y,
"07404","","IT07404","Case","Jumbo Asparagus 1lb",11,,,Y,
"0753624-01","","IT075362401","Each","Ground Turkey 1lb",16,,,Y,
"07596","","IT07596","Case","Half & Half 32oz",64,,,Y,
"0800125-01","","IT080012501","Each","Swordfish 1lb",16,,,Y,
"09287","","IT09287","Case","Farro Grain 1lb",12,,,Y,
"09551","","IT09551","Case","Blue Lake Bean 1lb",5,,,Y,
"09552","","IT09552","Case","Fava Bean 1lb",3,,,Y,
"09557","","IT09557","Case","Blackberry 1each",3,,,Y,
"09567","","IT09567","Case","Cauliflower - Food 1each",3,,,Y,
"09578","","IT09578","Case","Orange - Food 1lb",5,,,Y,
"09579","","IT09579","Case","Italian Parsley - Food 1each",6,,,Y,
"09589","","IT09589","Case","Ginger - Food 1lb",2,,,Y,
"09596","","IT09596","Case","Parsley 1each",6,,,Y,
"","","IT098765432109","Case","Tito's Handmade Vodka 750mL",6,,,Y,
"","","IT098765432109","Bottle","Tito's Handmade Vodka 750mL",1,,,N,
"","","IT098765432109","Bottle","Tito's Handmade Vodka 750mL",1,,,N,
"","","IT098765432109","Case","Tito's Handmade Vodka 750mL",12,,,N,
"100044","","IT100044","Bottle","Edible Flower Mix - Bev 1each",1,,,Y,
"10013","","IT10013","Case","Horseradish Root 1lb",3,,,Y,
"10025","","IT10025","Case","English Pea 1lb",3,,,Y,
"10028","","IT10028","Case","Bell Pepper, Green 1lb",2,,,Y,
"10028","","IT10028","Case","Bell Pepper, Green 1lb",5,,,N,
"10039","","IT10039","Case","Sprouts, Daikon 1oz",2,,,Y,
"10042","","IT10042","Case","Zucchini Squash, Green 1lb",5,,,Y,
"23828","","IT10100937N","Case","Potato Startch 1lb",10,,,Y,
"10142366","","IT10142366","Case","Tajin 1each",12,,,Y,
"102228","","IT102228","Bottle","BIB - Coke 2.5gal",320,,,Y,
"102230","","IT102230","Bottle","BIB - Diet Coke 2.5gal",320,,,Y,
"102230","","IT102230","Bottle","BIB - Diet Coke 2.5gal",320,,,N,
"102235","","IT102235","Bottle","BIB - Sprite 2.5gal",320,,,Y,
"12466","","IT10260990","Case","Cocoa Powder 1lb",4,,,Y,
"1036144-B12","","IT1036144B12","Bottle","Chateau Ducru Beaucaillou 2008 750ml",1,,,Y,
"1036144-B12","","IT1036144B12","Bottle","Chateau Ducru Beaucaillou 2008 750ml",1,,,N,
"1036448-B12","","IT1036448B12","Bottle","Chateau Lynch Bages 2005 750ml",1,,,Y,
"1036456-B12","","IT1036456B12","Bottle","Chateau Leoville Barton 2000 750ml",1,,,Y,
"1037928-B06","","IT1037928B06","Bottle","Chateau Lagrange 2009 750ml",1,,,Y,
"1038025-B12","","IT1038025B12","Bottle","Chateau Lynch-Bages, 2000 750ml",1,,,Y,
"1038395-B12","","IT1038395B12","Bottle","Chateau Pichon Baron 1998 750ml",1,,,Y,
"1038517-B03","","IT1038517B03","Bottle","Chateau Pichon Lalande 1995 750ml",1,,,Y,
"1038517-B03","","IT1038517B03","Bottle","Chateau Pichon Lalande 1995 750ml",1,,,N,
"1039813-B06","","IT1039813B06","Bottle","Chateau Canon La Gaffeliere 2000 750ml",1,,,Y,
"10510","","IT10510","Case","Peach 0.5Case",2,,,Y,
"","","IT105219","Bottle","Remy Martin VSOP 750ml",1,,,Y,
"1057","","IT1057","Bottle","Strawberry - Bev 1case",1,,,Y,
"10706015","","IT10706015","Each","Bluenose Filet, Skin On 1lb",1,,,Y,
"","","IT107520","Bottle","Smith & Sheth, 'CRU', Sauvignon Blanc 2022 750ml",1,,,Y,
"107520","","IT107520","Case","Smith & Sheth, 'CRU', Sauvignon Blanc 2022 750ml",12,,,N,
"30631","","IT10797050N","Each","Bonito Flakes 1lb",16,,,Y,
"108640","","IT108640","Bottle","Smith & Sheth, 'CRU' Chardonnay 2023 750ml",1,,,Y,
"108640","","IT108640","Case","Smith & Sheth, 'CRU' Chardonnay 2023 750ml",6,,,N,
"108744","","IT108744","Case","Fever Tree Tonic Water 500ml",135.256,,,Y,
"11238503","","IT10901250","Each","Dover Sole 1lb",1,,,Y,
"1091109-B06","","IT1091109B06","Bottle","Chateau Langoa Barton 2009 750ml",1,,,Y,
"1096404","","IT1096404","Case","Badger Bev Ginger Beer 250ml",202.884,,,Y,
"10970","","IT10970","Case","Tortilla, Flour 12" 12each",48,,,Y,
"1112598-B06","","IT1112598B06","Bottle","Chateau Malartic Lagraviere 2015 750ml",1,,,Y,
"1115673-B06","","IT1115673B06","Bottle","Chateau Calon Segur 2016 750ml",1,,,Y,
"1116394-B06","","IT1116394B06","Bottle","Chateau Lafon Rochet 2016 750ml",1,,,Y,
" 1116399-812","","IT1116399812","Bottle","Chateau Lagrange 2016 750ml",1,,,Y,
"1116399-812","","IT1116399812","Case","Chateau Lagrange 2016 750ml",6,,,N,
"1116547-B06","","IT1116547B06","Bottle","Chateau Les Carmes Haut Brion 2016 750ml",1,,,Y,
"1117063-B06","","IT1117063B06","Bottle","Chateau Cos d'Estournel 2016 750ml",1,,,Y,
"11201270","","IT11201270","Each","Crab Meat, Lump 1tin",1,,,Y,
"11235532","","IT11235532","Each","Branzino, Euro 1lb",16,,,Y,
"11248000","","IT11248000","Each","Hiramasa (Yellowtail/King Fish) 1lb",16,,,Y,
"11485","","IT11485","Each","Micro Citrus Mix 1each",1,,,Y,
"12002","","IT12002","Bottle","Blueberries 6oz",6,,,Y,
"12002","","IT12002","Case","Blueberries 6oz",72,,,N,
"12003","","IT12003","Bottle","Raspberry - Bev 6oz",6,,,Y,
"1205582","","IT1205582","Case","Strawberry - Bev 1lb",4,,,Y,
"9560","","IT1205582","Case","Strawberry - Bev 1lb",5,,,N,
"12005","","IT1205582","Case","Strawberry - Bev 1lb",8,,,N,
"12092","","IT12092","Case","Almond, Smoked 1lb",25,,,Y,
"12120","","IT12120","Case","Cous Cous 1lb",5,,,Y,
"","","IT121898","Bottle","Chambord Liqueur 700ml",1,,,Y,
"","","IT12231453","Bottle","Louis Michel, 'Butteaux', Chablis 2023 750ml",1,,,Y,
"12231453","","IT12231453","Case","Louis Michel, 'Butteaux', Chablis 2023 750ml",12,,,N,
"1223146","","IT1223146","Case","Etienne Sauzet, Bourgogne Blanc 2023 750ml",12,,,Y,
"12386","","IT12386","Case","Alta Cucina Tomatos 108oz",648,,,Y,
"12398","","IT12398","Case","Banana 1lb",3,,,Y,
"12857","","IT12857","Bottle","Sage 4oz",4,,,Y,
"12997","","IT12997","Case","Passion Fruit Puree 1kg",6,,,Y,
"130560","","IT130560","Case","Veuve CLicquot, Rose Champagne 750ml",12,,,Y,
"13120307","","IT13120307","Case","Chilean Seabass 1lb",10,,,Y,
"1317","","IT1317","Case","White Peach Puree 1L",202.884,,,Y,
"","","IT131867","Bottle","Selvarey White 750ml",1,,,Y,
"13241","","IT13241","Each","Hon Dashi Soup Stock 1kg",1,,,Y,
"133004","","IT133004","Case","Fabbri Amarena Cherries 1each",6,,,Y,
"133008","","IT133008","Case","Fragola Strawberries 1each",6,,,Y,
"13508","","IT13508","Case","Lychee Puree 30oz",180,,,Y,
"13593","","IT13593","Bottle","Sherry Vinegar 1gal",128,,,Y,
"13886","","IT13886","Case","Butter, European Style 1lb",576,,,Y,
"13888","","IT13888","Each","Pomegranate Juice 24fl.oz",1,,,Y,
"14204","","IT14204","Each","Mozzarella Cheese Ovaline 3lb",48,,,Y,
"1432","","IT1432","Case","Orange - Bev 1each",113,,,Y,
"1432","","IT1432","Case","Orange - Bev 1each",88,,,N,
"1466","","IT1466","Case","La Caudrina, Moscato 2023 750ml",12,,,Y,
"151285","","IT151285","Case","Agave Nectar, South Beach Organic 1.5gal",768,,,Y,
"1544014","","IT1544014","Case","Simple Syrup 1gal",512,,,Y,
"16096","","IT16096","Case","Pomegrante Seeds 1each",3,,,Y,
"16801","","IT16801","Case","Mozzarella Cheese Perlini 1lb",48,,,Y,
"9240533","","IT169452","Bottle","Felsina, 'Cru Rancia', Chianti Classico 2019 750ml",1,,,Y,
"169452","","IT169452","Case","Felsina, 'Cru Rancia', Chianti Classico 2019 750ml",6,,,N,
"17595","","IT17595","Case","Chicken Base 1lb",12,,,Y,
"1773","","IT1773","Bottle","Sambal Oelek, Sauce 18oz",18,,,Y,
"","","IT17766","Bottle","Lychee, Canned - Bev 20oz",20,,,Y,
"17766","","IT17766","Case","Lychee, Canned - Bev 20oz",480,,,N,
"18338","","IT18338","Case","Raspberry Sorbet 1gal",128,,,Y,
"18699","","IT18699","Bottle","Borage Blossom 100each",1,,,Y,
"18714","","IT18714","Each","Petite Red Sorrel 1pack",1,,,Y,
"19064","","IT19064","Case","Red Gem Lettuce 1lb",6,,,Y,
"","","IT19307","Bottle","Dewars White Label 1L",1,,,Y,
"19347","","IT19347","Case","Watercress 1lb",16,,,Y,
"19348","","IT19348","Case","Squash Flower, Male 1each",25,,,Y,
"198448","","IT198448","Bottle","Angostura, Orange Bitters 4fl.oz",4,,,Y,
"20018","","IT20018","Each","Chanterelle Mushrooms 5lb",80,,,Y,
"20112","","IT20112","Each","Matsuri Koshihikari Rice 40lb",640,,,Y,
"","","IT201764","Bottle","Chareau Aloe Liqueur 750ml",1,,,Y,
"","","IT201764","Bottle","Chareau Aloe Liqueur 750ml",1,,,N,
"20362","","IT20362","Bottle","vanilla bean paste 1quart",32,,,Y,
"20422","","IT20422","Case","Sushi Rice 1lb",640,,,Y,
"21798","","IT21798","Case","Cotija Cheese 1lb",80,,,Y,
"2208","","IT2208","Case","Dried Hibiscus Flower 1each",5,,,Y,
"2210","","IT2210","Bottle","Edible Flower, Nastrutium 1each",25.3605,,,Y,
"2210","","IT2210","Case","Edible Flower, Nastrutium 1each",50,,,N,
"","","IT222094","Bottle","Giffard Caribbean Pineapple 750ml",1,,,Y,
"222371","","IT222371","Bottle","Giffard Orgeat 1L",33.814,,,Y,
"222707","","IT222707","Bottle","Veuve Clicquot, Brut Champagne 3L",1,,,Y,
"","","IT222707","Bottle","Veuve Clicquot, Brut Champagne 3L",1,,,N,
"22444","","IT22444","Each","Pea Tendrils 1lb",16,,,Y,
"22472","","IT22472","Case","Olive Stuffed With Pepper 1lb",3,,,Y,
"22559","","IT22559","Bottle","Saffron 1oz",1,,,Y,
"22855","","IT22855","Case","MZKN MUSTARD & SHOYU DRS 32oz",192,,,Y,
"23152505","","IT23152505","Case","Rock Shrimp 1lb",5,,,Y,
"23158018","","IT23158018","Case","Lobster Meat, Frozen 1lb",4,,,Y,
"231773","","IT231773","Case","Filthy Blue Cheese Olives 64oz",384,,,Y,
"23510","","IT23510","Case","Popcorn Shoots 1oz",120,,,Y,
"24723 ","","IT24723","Bottle","Sumac 18oz",18,,,Y,
"25015","","IT25015","Case","Kosher Salt 1lb",432,,,Y,
"25267","","IT25267","Each","Micro Carrot Top 1pack",1,,,Y,
"25272","","IT25272","Case","Micro Verbena - Bev 1each",200,,,Y,
"25550","","IT25550","Bottle","Sambal Sauce 1gal",128,,,Y,
"25593","","IT25593","Bottle","Orchid 50each",25.3605,,,Y,
"25593","","IT25593","Bottle","Orchid 50each",50,,,N,
"2700","","IT2700","Case","Reverdy Cadet, Sancerre 2024 750ml",12,,,Y,
"27040","","IT27040","Case","Pink Radish 1each",12,,,Y,
"273584","","IT273584","Bottle","Taylor Fladgate, '20 year', Tawny Port 750ml",1,,,Y,
"27441","","IT27441","Bottle","Dry Lime Slice 1each",25.3605,,,Y,
"27441","","IT27441","Case","Dry Lime Slice 1each",300,,,N,
"27572","","IT27572","Case","Agrumato, Lemon 250ml",50.721,,,Y,
"27694","","IT27694","Case","Wonton Wrapper 14oz",168,,,Y,
"27981","","IT27981","Each","Paprika, Smoked 1lb",16,,,Y,
"2814800","","IT2814800","Bottle","Grapefruit Juice 7.2fl.oz",25.3605,,,Y,
"2814800","","IT2814800","Case","Grapefruit Juice 7.2fl.oz",172.8,,,N,
"","","IT28317","Bottle","White Pearl Onion 1lb",33.814,,,Y,
"28317","","IT28317","Case","White Pearl Onion 1lb",80,,,N,
"","","IT2947","Bottle","Lychee Nut with Syrup 20fl.oz",25.3605,,,Y,
"2947","","IT2947","Bottle","Lychee Nut with Syrup 20fl.oz",20,,,N,
"2A22CUVSM","","IT2A22CUVSM","Bottle","Ashes & Diamonds, 'Saffron Mountain Cuvee', Cabernet Sauvignon 2022 750ml",1,,,Y,
"2A22CUVSM","","IT2A22CUVSM","Case","Ashes & Diamonds, 'Saffron Mountain Cuvee', Cabernet Sauvignon 2022 750ml",12,,,N,
"2A22CUVSM","","IT2A22CUVSM","Bottle","Ashes & Diamonds, 'Saffron Mountain Cuvee', Cabernet Sauvignon 2022 750ml",1,,,N,
"","","IT2ANVROUGE6","Bottle","Ashes & Diamonds, 'No. 6", Red Wine 750ml",1,,,Y,
"2ANVROUGE6","","IT2ANVROUGE6","Case","Ashes & Diamonds, 'No. 6", Red Wine 750ml",12,,,N,
"300917.22","","IT30091722","Case","Nicolas-Jay L'Ensemble Pinot Noir 2022 750ml",6,,,Y,
"","","IT30094712","Bottle","Lopez de Heredia, 'Vina Tondonia', Riojas 2012 750ml",1,,,Y,
"300947.12","","IT30094712","Case","Lopez de Heredia, 'Vina Tondonia', Riojas 2012 750ml",12,,,N,
"","","IT30297125","Bottle","Emilio Moro, Godello 2019 750ml",1,,,Y,
"30297125","","IT30297125","Bottle","Emilio Moro, Godello 2019 750ml",1,,,N,
"","","IT30297407","Bottle","Bramare, 'Lujan de Cujo', Cabernet Sauvignon 2019 750ml",1,,,Y,
"30297407","","IT30297407","Case","Bramare, 'Lujan de Cujo', Cabernet Sauvignon 2019 750ml",12,,,N,
"30313670","","IT30313670","Bottle","Laurent Perrier, 'Grand Siecle - 26th Edition', Champagne 750ml",1,,,Y,
"30317","","IT30317","Each","HI-ME, AJINOMOTO 1each",1,,,Y,
"30318213","","IT30318213","Case","Domaine Drouhin, Pinot Noir 2023 750ml",6,,,Y,
"","","IT30318601","Bottle","Emilio Moro, 'La Revelia', Godello 2021 750ml",1,,,Y,
"30318601","","IT30318601","Case","Emilio Moro, 'La Revelia', Godello 2021 750ml",6,,,N,
"30319","","IT30319","Each","SUIHANYO MIOLA 1each",1,,,Y,
"","","IT30332100","Bottle","Roserock, Pinot Noir 2023 750ml",1,,,Y,
"30332100","","IT30332100","Case","Roserock, Pinot Noir 2023 750ml",6,,,N,
"30332959","","IT30332959","Case","G.D. Vajra, 'Albe', Barolo 2021 750ml",12,,,Y,
"30333162","","IT30333162","Case","G.D. Vajra, Barbera d'Alba 2024 750ml",12,,,Y,
"30333162","","IT30333162","Bottle","G.D. Vajra, Barbera d'Alba 2024 750ml",1,,,N,
"30334218","","IT30334218","Case","Chappellet, 'Mountain Cuvee', Red Blend 2023 750ml",12,,,Y,
"","","IT30337810","Bottle","Chappellet, 'Pritchard Hill', Cabernet Sauvignon 2022 750ml",1,,,Y,
"30337810","","IT30337810","Case","Chappellet, 'Pritchard Hill', Cabernet Sauvignon 2022 750ml",6,,,N,
"30367","","IT30367","Bottle","Katsuo Mirin Furikake 1.7oz",1.7,,,Y,
"30409","","IT30409","Case","Chili Oil 1L",33.814,,,Y,
"30436 1 ","","IT304361","Bottle","Mizkan Awase Vinegar, No MSG 5.28gal",675.84,,,Y,
"304480","","IT304480","Case","Veuve Clicquot, 'Yellow Label', Brut Champagne 1.5L",3,,,Y,
"30501196","","IT30501196","Each","Shrimp 8/12 1lb",16,,,Y,
"30553","","IT30553","Bottle","Miyako Ajipon 1gal",128,,,Y,
"30554","","IT30554","Bottle","Ponzu 1gal",128,,,Y,
"30631","","IT30631","Each","Miyako Hanakatsuo (Bonito Flakes) 1lb",16,,,Y,
"313449","","IT313449","Case","Moet Imperal, Brut 375ml",12,,,Y,
"","","IT31393","Bottle","Jagermeister 1L",1,,,Y,
"31480","","IT31480","Each","GINJO AKAZU 60.9FLOZ 60.9fl.oz",1,,,Y,
"316887","","IT316887","Bottle","Fee Bros Aztec Chocolate Bitters 5fl.oz",25.3605,,,Y,
"316887","","IT316887","Bottle","Fee Bros Aztec Chocolate Bitters 5fl.oz",5,,,N,
"","","IT318235","Bottle","JF Hadens Lychee Liqueur 750ml",1,,,Y,
"3260509","","IT3260509","Case","RAEN, 'Royal St Robert', Pinot Noir 2023 750ml",6,,,Y,
"333357","","IT333357","Case","Chappellet, Cabernet Sauvignon 2022 750ml",6,,,Y,
"33412","","IT33412","Case","Siracha 28oz",336,,,Y,
"33505","","IT33505","Case","Yusen (Grain Vinegar) 1L",676.28,,,Y,
"336945","","IT336945","Case","Silver Oak, 'Alexander Valley', Cabernet Sauvignon 2020 1.5L",6,,,Y,
"3377246","","IT3377246","Case","Masi, 'Costasera', Amarone della Valpolicella 2020 750ml",6,,,Y,
"","","IT34492","Bottle","Luxardo Sambuca 750ml",1,,,Y,
"347976","","IT347976","Case","Veuve Clicquot, 'Rose', Champagne 1.5L",3,,,Y,
"","","IT347976","Bottle","Veuve Clicquot, 'Rose', Champagne 1.5L",1,,,N,
"","","IT353443","Bottle","Silver Oak, 'Napa Valley' Cabernet Sauvignon 2019 750ml",1,,,Y,
"353443","","IT353443","Bottle","Silver Oak, 'Napa Valley' Cabernet Sauvignon 2019 750ml",1,,,N,
"357079","","IT357079","Bottle","Orange Juice 1each",1,,,Y,
"","","IT360265","Bottle","Casa Dragones Blanco 750ml",1,,,Y,
"3613006","","IT3613006","Case","Bundaberg Ginger Beer 12.7fl.oz",24,,,Y,
"3616","","IT3616","Case","Mirin 1L",608.652,,,Y,
"363445","","IT363445","Case","Darioush, Cabernet Sauvignon 2022 750ml",6,,,Y,
"375727","","IT375727","Case","Silver Oak, 'Alexander Valley', Cabernet Sauvignon 2020 750ml",12,,,Y,
"376837","","IT376837","Case","Clos du Val, Cabernet Sauvignon 2022 750ml",6,,,N,
"","","IT379562","Bottle","Chateau la Nerthe, 'La Cassagnes', Cotes du Rhone 2022 750ml",1,,,Y,
"379562","","IT379562","Case","Chateau la Nerthe, 'La Cassagnes', Cotes du Rhone 2022 750ml",12,,,N,
"38000","","IT38000","Case","Angostura Bitters 16fl.oz",192,,,Y,
"383188","","IT383188","Bottle","Veuve Clicquot, '12L-Yellow Label', Brut Champagne 12L",1,,,Y,
"39211","","IT39211","Each","Roasted Sesame Dressing 64fl.oz",1,,,Y,
"401502","","IT401502","Bottle","Dirty Sue Jumbo Onion 16fl.oz",16,,,Y,
"40250","","IT40250","Each","Eggplant, 18 Size 1case",1,,,Y,
"41175","","IT41175","Case","Veuve Clicquot, 'Yellow Label', Brut Champagne 750ml",12,,,Y,
"412051","","IT412051","Case","Moet Imperal, Rose 1.5L",3,,,Y,
"34675","","IT4254","Bottle","Crunchy Garlic 1oz",1,,,Y,
"","","IT437241","Bottle","Bushmills 12yr 750ml",1,,,Y,
"4395612","","IT4395612","Bottle","Cane Sugar 1lb",33.814,,,Y,
"4395612","","IT4395612","Case","Cane Sugar 1lb",400,,,N,
"4404BO0631A","","IT4404BO0631A","Case","Guava Puree - Bev 1kg",6,,,Y,
"4404BO0631A","","IT4404BO0631A","Bottle","Guava Puree - Bev 1kg",1,,,N,
"4404BO0724N","","IT4404BO0724N","Bottle","White Peach Puree 1kg",1,,,Y,
"4523510","","IT4523510","Case","Cherry Marachiano 1gal",64,,,Y,
"4523510","","IT4523510","Bottle","Cherry Marachiano 1gal",128,,,N,
"","","IT472941","Bottle","Routestock Cellars, Cabernet Sauvignon 2022 750ml",1,,,Y,
"472941","","IT472941","Case","Routestock Cellars, Cabernet Sauvignon 2022 750ml",12,,,N,
"","","IT4811221","Bottle","Loscano, 'Gran Reserve', Malbec 2021 750ml",1,,,Y,
"48112-21","","IT4811221","Case","Loscano, 'Gran Reserve', Malbec 2021 750ml",12,,,N,
"481700","","IT481700","Case","Elena Walch, Pinot Grigio 2023 750ml",12,,,Y,
"481879","","IT481879","Case","Castello di Volpaia, Chianti Classico 2021 750ml",12,,,Y,
"501465","","IT501465","Case","Castello Volpaia, Chianti Classico 2022 750ml",12,,,Y,
"506969","","IT506969","Case","Elena Walch, Pinot Grigio 2024 750ml",12,,,Y,
"9759888","","IT506969","Bottle","Elena Walch, Pinot Grigio 2024 750ml",1,,,N,
"512305","","IT512305","Case","Louis Latour, 'Chateau Grancey', Corton 2019 750ml",12,,,Y,
"","","IT513731","Bottle","Louis Roederer, 'Cristal', Rose Champagne 750ml",1,,,Y,
"513731","","IT513731","Case","Louis Roederer, 'Cristal', Rose Champagne 750ml",6,,,N,
"514","","IT514","Each","White Levain XL, Loaf 1each",1,,,Y,
"5182720","","IT5182720","Bottle","Roses Grenadine 1L",33.814,,,Y,
"","","IT519571","Bottle","Perrier Jouet, 'Belle Epoque' Rose Champagne 750ml",1,,,Y,
"519571","","IT519571","Case","Perrier Jouet, 'Belle Epoque' Rose Champagne 750ml",6,,,N,
"523130","","IT523130","Case","Delaporte, Sancerre 2023 750ml",12,,,Y,
"524713","","IT524713","Case","J. de Villebois, Sancerre 2024 750ml",12,,,Y,
"","","IT524892","Bottle","Basil Hayden 750ml",1,,,Y,
"526996","","IT526996","Case","Dom Perignon, 'Luminous Brut', Champagne 750ml",3,,,Y,
"","","IT532301","Bottle","POTTERS WSKY SPECIAL BLEND 80 PROF 750ml",1,,,Y,
"","","IT532301","Bottle","POTTERS WSKY SPECIAL BLEND 80 PROF 750ml",1,,,N,
"5333711","","IT5333711","Case","Pimento Stuffed Olives 1gal",512,,,Y,
"5333711","","IT5333711","Bottle","Pimento Stuffed Olives 1gal",128,,,N,
"551096","","IT551096","Bottle","Perrier Jouet Belle Epoque Blanc de Blanc 1.5L",1,,,Y,
"55722","","IT55722","Each","Turnip, Baby 1Bunch",1,,,Y,
"","","IT561668","Bottle","owens mixers tonic 240ml",8.1154,,,Y,
"561668","","IT561668","Case","owens mixers tonic 240ml",194.7686,,,N,
"565547","","IT565547","Case","Ace of Spades, 'Rose', Champagne 750ml",6,,,Y,
"1108288-B12","","IT565681","Bottle","Chateau Giscours 2021 750ml",1,,,Y,
"565681","","IT565681","Case","Chateau Giscours 2021 750ml",6,,,N,
"570372","","IT570372","Case","Veuve Cliquot, 'La Grande Dame', Brut Champagne 2015 750ml",6,,,Y,
"","","IT574132","Bottle","Strega 700ml",1,,,Y,
"","","IT578045","Bottle","owens mixers tonic 250ml",8.4535,,,Y,
"578045","","IT578045","Case","owens mixers tonic 250ml",202.884,,,N,
"579850","","IT579850","Case","COOKING BRANDY, Christian Brothers 1L",12,,,Y,
"579850","","IT579850","Bottle","COOKING BRANDY, Christian Brothers 1L",1,,,N,
"583040","","IT583040","Case","Il Poggione, Brunello di Montalcino 2018 750ml",6,,,Y,
"585861","","IT585861","Case","Chateau Pontet Canet 2014 750ml",6,,,Y,
"593938","","IT593938","Case","Leviathian, Red Blend 2021 750ml",12,,,Y,
"","","IT600202","Bottle","Flowers, Pinot Noir 2022 750ml",1,,,Y,
"600202","","IT600202","Case","Flowers, Pinot Noir 2022 750ml",12,,,N,
"607407","","IT607407","Case","Dom Perignon, 'Luminous Rose', Champagne 750ml",3,,,Y,
"60744","","IT60744","Case","Battera Konbu 1each",100,,,Y,
"60747","","IT60747","Case","Rishiri Dasi Konbu 1lb",2,,,Y,
"60750","","IT60750","Each","Wakame 1lb",16,,,Y,
"","","IT60768","Bottle","Osborme Sherry Fino 750ml",1,,,Y,
"60768","","IT60768","Case","Osborme Sherry Fino 750ml",6,,,N,
"609305","","IT609305","Case","Chateau Les Troix Croix 2017 750ml",6,,,Y,
"60933","","IT60933","Bottle","La Rioja Alta, '904 Gran Reserva', Rioja 2015 750ml",1,,,Y,
"609357","","IT609357","Case","Dom Perignon, 'Luminous Brut', Champagne 1.5L",3,,,Y,
"609357","","IT609357","Bottle","Dom Perignon, 'Luminous Brut', Champagne 1.5L",1,,,N,
"","","IT609390","Bottle","Vocoret, 'Vaillons VV', Chablis 2022 750ml",1,,,Y,
"609390","","IT609390","Case","Vocoret, 'Vaillons VV', Chablis 2022 750ml",12,,,N,
"","","IT610579","Bottle","Stag's Leap, 'Artemis', Cabernet Sauvignon 2021 750ml",1,,,Y,
"610579","","IT610579","Case","Stag's Leap, 'Artemis', Cabernet Sauvignon 2021 750ml",6,,,N,
"615068","","IT615068","Case","Ace of Spades, 'Green' Champagne 750ml",6,,,Y,
"61656","","IT61656","Case","Shiro Tosaka Reifukanso 1.76oz",35.2,,,Y,
"617025","","IT617025","Bottle","Gros Freres, Echezeaux 2020 750ml",1,,,Y,
"617335","","IT617335","Bottle","Merry Edwards, 'Olivet Lane', Pinot Noir 2021 750ml",1,,,Y,
"","","IT618388","Bottle","owens mixers club soda 250ml",8.4535,,,Y,
"618388","","IT618388","Case","owens mixers club soda 250ml",202.884,,,N,
"618390","","IT618390","Case","owens mixers club soda 240ml",194.7686,,,Y,
"618859","","IT618859","Case","Perrier Jouet, 'Belle Epoque', Brut Champagne 1.5L",3,,,Y,
"621184","","IT621184","Case","Leviathan 2022 750ml",12,,,Y,
"621748","","IT621748","Case","Far Niente Chardonnay 2023 750ml",12,,,Y,
"624557","","IT624557","Bottle","Tyler Chardonnay 2022 750ml",1,,,Y,
"","","IT624697","Bottle","Sake Ono 750ml",1,,,Y,
"","","IT625429","Bottle","Il Poggione, Brunello di Montalcino 2019 750ml",1,,,Y,
"625429","","IT625429","Case","Il Poggione, Brunello di Montalcino 2019 750ml",6,,,N,
"","","IT626381","Bottle","Glenmorangie 12yr 1L",1,,,Y,
"627197","","IT627197","Case","Opus One 2021 750ml",6,,,Y,
"628123","","IT628123","Bottle","Faust, Cabernet Sauvignon 2022 1.5L",1,,,Y,
"628166","","IT628166","Case","Flowers, Pinot Noir 2023 750ml",12,,,Y,
"628440","","IT628440","Case","Rodney Strong, Sauvignon Blanc 2023 750ml",12,,,Y,
"63015","","IT63015","Each","hangiri 10/100 each 10each",1,,,Y,
"63019","","IT63019","Each","TAKA TOKUYO KIZAMI 1each",1,,,Y,
"63023","","IT63023","Each","Hangiri Bay Yakinori, Gold 1each",1,,,Y,
"63034","","IT63034","Bottle","Aonoriko 3.5oz",3.5,,,Y,
"631919","","IT631919","Case","Stag's Leap, 'Artemis', Cabernet Sauvignon 2021 1.5L",6,,,Y,
"","","IT631919","Bottle","Stag's Leap, 'Artemis', Cabernet Sauvignon 2021 1.5L",1,,,N,
"6323414","","IT6323414","Bottle","BIB - Orange Juice 2.5gal",320,,,Y,
"","","IT634432","Bottle","Broglia, 'La Meirana', Gavi 2023 750ml",1,,,Y,
"634432","","IT634432","Case","Broglia, 'La Meirana', Gavi 2023 750ml",6,,,N,
"","","IT635867","Bottle","Ladoucette, Pouilly Fume 2023 750ml",1,,,Y,
"635867","","IT635867","Case","Ladoucette, Pouilly Fume 2023 750ml",12,,,N,
"637530","","IT637530","Case","Rodney Strong, Cabernet Sauvignon 2021 750ml",12,,,Y,
"637841","","IT637841","Case","Dom Perignon, 'Rose', Champagne 1.5L",3,,,Y,
"638060","","IT638060","Case","Moet Imperal, Nectar Rose 750ml 750ml",6,,,Y,
"64051","","IT64051","Case","Goma Mamenorisan (Soy Paper) 1each",40,,,Y,
"640861","","IT640861","Bottle","Joseph Phelps, 'Insignia', Red Blend 2021 750ml",1,,,Y,
"","","IT642725","Bottle","Merry Edwards, Sauvignon Blanc 2023 750ml",1,,,Y,
"642725","","IT642725","Case","Merry Edwards, Sauvignon Blanc 2023 750ml",12,,,N,
"642785","","IT642785","Case","Perrier Jouet, 'Belle Epoque' Brut Champagne 750ml",6,,,Y,
"64395","","IT64395","Each","Nori, Gold 1each",1,,,Y,
"645638","","IT645638","Case","Bennati, Pinot Grigio 2023 750ml",12,,,Y,
"648053","","IT648053","Case","La Scolca, 'Black Label', Gavi dei Gavi 2023 750ml",12,,,Y,
"648466","","IT648466","Case","Antinori, 'Pian delle Vigne', Brunello di Montalcino 2020 750ml",6,,,Y,
"649589","","IT649589","Bottle","Moet Nectar Rose Pharrell Luminous 750ml",1,,,Y,
"649589","","IT649589","Case","Moet Nectar Rose Pharrell Luminous 750ml",6,,,N,
"","","IT649671","Bottle","Moet & Chandon Brut Imperial Pharrell 750ml",1,,,Y,
"649671","","IT649671","Case","Moet & Chandon Brut Imperial Pharrell 750ml",6,,,N,
"","","IT649717","Bottle","Patz and Hall, 'Dutton Ranch', Chardonnay 2022 750ml",1,,,Y,
"649717","","IT649717","Case","Patz and Hall, 'Dutton Ranch', Chardonnay 2022 750ml",6,,,N,
"651577","","IT651577","Case","Patz and Hall, 'Pisoni Vineyard', Pinot Noir 2021 750ml",6,,,Y,
"653743","","IT653743","Case","Vega Sicilia, 'Alion', Ribera del Duero 2021 750ml",6,,,Y,
"654684","","IT654684","Case","Rodney Strong, Sauvignon Blanc 2024 750ml",12,,,Y,
"","","IT657001","Bottle","Joseph Phelps, Cabernet Sauvignon 2022 750ml",1,,,Y,
"657001","","IT657001","Case","Joseph Phelps, Cabernet Sauvignon 2022 750ml",6,,,N,
"659282","","IT659282","Case","Ca deli Frati, 'I Frati', Lugana 2024 750ml",6,,,Y,
"660970","","IT660970","Case","Tyler, 'Santa Barbara County', Chardonnay 2023 750ml",12,,,Y,
"","","IT662","Case","Bud Light 12fl.oz",6,,,Y,
"665677","","IT665677","Case","Filthy Olive Brine, Bottle 32fl.oz",256,,,Y,
"66840","","IT66840","Case","Oregano 1oz",4,,,Y,
"673","","IT673","Each","Rustic Loaf 1each",1,,,Y,
"","","IT67717","Bottle","Fever Tree Tonic 150ml",5.0721,,,Y,
"67717","","IT67717","Case","Fever Tree Tonic 150ml",121.7304,,,N,
"679108","","IT679108","Case","Chateau d'Esclans, Rose 2024 750ml",6,,,Y,
"","","IT680890","Bottle","Perrier Jouet, 'Belle Epoque' Blanc de Blanc Champagne 750ml",1,,,Y,
"680890","","IT680890","Case","Perrier Jouet, 'Belle Epoque' Blanc de Blanc Champagne 750ml",6,,,N,
"682006","","IT682006","Case","Caymus, Cabernet Sauvignon 2023 750ml",12,,,Y,
"688455","","IT688455","Case","Bennati, Pinot Grigio 2024 750ml",12,,,Y,
"70124","","IT70124","Case","Raspberry Puree 1kg",6,,,Y,
"71096","","IT71096","Each","Oyster Sauce Jar 1each",1,,,Y,
"71111","","IT71111","Case","Dates, Pitted 1lb",5,,,Y,
"71150","","IT71150","Case","Kiwi - Food 1each",6,,,Y,
"71167","","IT71167","Bottle","Mango Puree 30fl.oz",25.3605,,,Y,
"71167","","IT71167","Bottle","Mango Puree 30fl.oz",30,,,N,
"1167","","IT71167","Case","Mango Puree 30fl.oz",180,,,N,
"71285","","IT71285","Each","Cantaloupe - Food 1melon",1,,,Y,
"71319","","IT71319","Each","Hiyashi Wakame 1lb",16,,,Y,
"71403","","IT71403","Case","Grapefruit - Food 1each",27,,,Y,
"71403","","IT71403","Case","Grapefruit - Food 1each",3,,,N,
"71501","","IT71501","Case","Almond, Sliced 1lb",5,,,Y,
"71531","","IT71531","Each","Hazelnut, Blanched 5lb",80,,,Y,
"71570","","IT71570","Case","Pistachio Raw 1lb",5,,,Y,
"71580","","IT71580","Case","Pecans 1lb",5,,,Y,
"72298","","IT72298","Case","Cheddar Cheese, Shredded 1lb",80,,,Y,
"77118","","IT77118","Bottle","Garbanzo Bean, Canned 108oz",108,,,Y,
"77176","","IT77176","Case","Capers 32oz",6,,,Y,
"10991","","IT778","Case","Granulated Sugar - Bev 1lb",50,,,Y,
"778","","IT778","Case","Granulated Sugar - Bev 1lb",25,,,N,
"78096","","IT78096","Case","Pineapple - Food 1each",2,,,Y,
"8022518","","IT8022518","Case","Massolino, Barbera d'Alba 2022 750ml",12,,,Y,
"814","","IT814","Bottle","Thai Basil - Bev 1lb",16,,,Y,
"","","IT818TEQUREPO","Case","818 Tequila Reposado (6/Case)",6,,,Y,
"850","","IT850","Case","Rosemary 8oz",16,,,Y,
"89030","","IT89030","Each","CLOVER 18-8 FUKAGATA 1each",1,,,Y,
"","","IT9019441","Bottle","Jose Cuervo Familia Platino 750ml",1,,,Y,
"9021866","","IT9021866","Case","Pineapple Juice 6oz",288,,,Y,
"9032418","","IT9032418","Bottle","Lawrys Seasoning Salt 1each",1,,,Y,
"9116885","","IT9116885","Case","Jermann, 'Vintage Tunina', Bianco 2021 750ml",6,,,Y,
"91282","","IT91282","Bottle","Grenadine, Daily's 1L",33.814,,,Y,
"91417","","IT91417","Case","Lemon 1lb",5,,,Y,
"","","IT9148255","Bottle","Domaine Laroche, 'Saint Martin', Chablis 750ml",1,,,Y,
"9148255","","IT9148255","Case","Domaine Laroche, 'Saint Martin', Chablis 750ml",12,,,N,
"915","","IT915","Case","Pure Land 'Junmai' Sake 720ml",12,,,Y,
"","","IT9188246","Bottle","Avua Cachaca 750ml",1,,,Y,
"92377","","IT92377","Case","Yellow Squash, Straight 1lb",20,,,Y,
"92377","","IT92377","Case","Yellow Squash, Straight 1lb",5,,,N,
"9240533","","IT9240533","Case","Felsina, 'Cru Rancia', Chianti Classico 2009 750ml",6,,,Y,
"9247646","","IT9247646","Bottle","Blueberry Puree Syrup 16.9fl.oz",16.9,,,Y,
"9251422","","IT9251422","Case","Peach Puree Syrup 16.9fl.oz",6,,,Y,
"928789","","IT928789","Case","Perrier Jouet, 'Blason Rose', Champagne 750ml",6,,,Y,
"","","IT928790","Bottle","Perrier Jouet, 'Grand Brut' Brut Champagne 750ml",1,,,Y,
"928790","","IT928790","Case","Perrier Jouet, 'Grand Brut' Brut Champagne 750ml",6,,,N,
"","","IT928791","Bottle","Perrier Jouet, 'Blanc de Blanc', Champagne 750ml",1,,,Y,
"928791","","IT928791","Case","Perrier Jouet, 'Blanc de Blanc', Champagne 750ml",6,,,N,
"929494","","IT929494","Case","Luxardo Maraschino Cherries 1kg",3,,,Y,
"9763775","","IT9361991","Bottle","DRC, Romanee St. Vivant 2016 750ml",1,,,Y,
"9361991","","IT9361991","Bottle","DRC, Romanee St. Vivant 2016 750ml",1,,,N,
"","","IT9366009","Bottle","DRC, Richebourg 2016 750ml",1,,,Y,
"9366009","","IT9366009","Bottle","DRC, Richebourg 2016 750ml",1,,,N,
"9397778","","IT9397778","Case","Felsina, 'Fontalloro', Toscana IGT 2012 750ml",6,,,Y,
"9397782","","IT9397782","Case","Felsina, 'Cru Rancia', Chianti Classico 2011 750ml",6,,,Y,
"947831","","IT947831","Case","Filthy Pimento Olives 64oz",384,,,Y,
"951140","","IT951140","Case","Perrier Jouet, 'Belle Epoque', Rose Champagne 1.5L",3,,,Y,
"951641","","IT951641","Case","Moet, "Nectar Luminous WOW", Rose Champagne 750ml",6,,,Y,
"","","IT953261","Bottle","Heavensake, 'Konishi 12' Junmai 750ml",1,,,Y,
"953261","","IT953261","Case","Heavensake, 'Konishi 12' Junmai 750ml",6,,,N,
"9649557","","IT9649557","Case","Condado de Haza, 'Aldeas', Ribera del Duero 2018 750ml",6,,,N,
"9672057","","IT9672057","Case","Lyres Classic 250ml",24,,,Y,
"","","IT9672137","Bottle","Lyres White Rum 700ml",1,,,Y,
"9676905","","IT9676905","Case","Chateau de Beaucastel, Chateauneuf-du-Pape 2021 750ml",6,,,Y,
"9703943","","IT9703943","Case","Agave Nectar 1lb",44,,,Y,
"9703943","","IT9703943","Case","Agave Nectar 1lb",11,,,N,
"","","IT9719730","Bottle","Jermann, 'Vintage Tunina', Bianco 2022 750ml",1,,,Y,
"9719730","","IT9719730","Case","Jermann, 'Vintage Tunina', Bianco 2022 750ml",6,,,N,
"9724509","","IT9724509","Case","Jermann, Pinot Grigio 2023 750ml",12,,,Y,
"","","IT9731031","Bottle","Ciacci, Brunello di Montalcino 2019 750ml",1,,,Y,
"9731031","","IT9731031","Bottle","Ciacci, Brunello di Montalcino 2019 750ml",1,,,N,
"973205","","IT973205","Bottle","Sandeman Sherry Don Fino 500ml",1,,,Y,
"9732853","","IT9732853","Bottle","Faiveley, 'Clos Rochette', Mercurey Blanc 2022 1.5L",1,,,Y,
"9732853","","IT9732853","Case","Faiveley, 'Clos Rochette', Mercurey Blanc 2022 1.5L",3,,,N,
"9740313","","IT9740313","Case","Gaja, 'Sito Moresco', Langhe Rosso 2022 750ml",6,,,Y,
"","","IT9740745","Bottle","Daou, 'Reserve' Cabernet Sauvignons 2022 750ml",1,,,Y,
"9740745","","IT9740745","Case","Daou, 'Reserve' Cabernet Sauvignons 2022 750ml",6,,,N,
"9740746","","IT9740746","Case","DAOU, 'Soul of a Lion', Cabernet Sauvignon 2021 750ml",6,,,Y,
"9744521","","IT9744521","Case","Duckhorn, Merlot 2022 750ml",12,,,Y,
"9745186","","IT9745186","Case","Chene Bleu, 'Abelard' 2016 750ml",6,,,Y,
"","","IT9745857","Bottle","Penfolds, 'Bin 389', Cabernet Sauvignon/Shiraz 2020 750ml",1,,,Y,
"9745857","","IT9745857","Case","Penfolds, 'Bin 389', Cabernet Sauvignon/Shiraz 2020 750ml",6,,,N,
"9746901","","IT9746901","Case","DuMol, 'Estate', Chardonnay 2022 750ml",6,,,Y,
"9747947","","IT9747947","Bottle","Vincent Girardin, 'Cuvee St. Vincent', Bourgogne Blanc 2022 750ml",1,,,Y,
"9749932","","IT9749932","Case","Shafer, 'One Point Five', Cabernet Sauvignon 2022 750ml",12,,,Y,
"","","IT975691","Bottle","Jim Beam Bourbon 750ml",1,,,Y,
"9759329","","IT9759329","Case","Felsina, 'Cru Rancia', Chianti Classico 2020 750ml",6,,,Y,
"9759858","","IT9759858","Case","Jermann, Pinot Grigio 2024 750ml",12,,,Y,
"","","IT9763749","Bottle","Chinola Passion Fruit Liqueur 750ml",1,,,Y,
"9763772","","IT9763772","Bottle","DRC, Grands Echezeaux 2022 750ml",1,,,Y,
"9763773","","IT9763773","Bottle","DRC, Richebourg 2022 750ml",1,,,Y,
"9763774","","IT9763774","Bottle","DRC, La Tache 2022 750ml",1,,,Y,
"9763774","","IT9763774","Bottle","DRC, La Tache 2022 750ml",1,,,N,
"9763775","","IT9763775","Bottle","DRC, Romanee St. Vivant 2022 750ml",1,,,Y,
"9763784","","IT9763784","Bottle","DRC, Echezeaux 2022 750ml",1,,,Y,
"9767867","","IT9767867","Case","Billaud Simon, Chablis 2023 750ml",6,,,Y,
"9769877","","IT9769877","Case","Felsina, 'Cru Rancia', Chianti Classico 2017 1.5L",3,,,Y,
"9771745","","IT9771745","Case","Tenuta dell'Ornellaia, 'Le Volte' 2023 750ml",12,,,Y,
"9772916","","IT9772916","Case","Ridge, 'Lytton Springs', Zinfandel 2023 750ml",12,,,Y,
"981522","","IT981522","Case","Liquid Alchemist Strawberry Syrup 750ml",152.163,,,Y,
"981526","","IT981526","Case","Liquid Alchemist Orgeat 750ml",152.163,,,Y,
"985862","","IT985862","Case","Owens Mixer Ginger Beer 240ml",194.7686,,,Y,
"9912","","IT9912","Case","Fever Tree Gingerbeer 200ml",162.3072,,,Y,
"99124","","IT99124","Case","Broccoli 1lb",5,,,Y,
"99204","","IT99204","Each","Thai Chilies 1lb",16,,,Y,
"40221","","IT99224","Bottle","Cucumber, Hot House 1lb",33.814,,,Y,
"40221","","IT99224","Case","Cucumber, Hot House 1lb",80,,,N,
"99224","","IT99224","Case","Cucumber, Hot House 1lb",32,,,N,
"993101","","IT993101","Case","Sweet & Sour Mix 1L",405.768,,,Y,
"99451","","IT99451","Case","Cippolini Onion 1lb",2,,,Y,
"99518","","IT99518","Each","Pea Shoots 1lb",16,,,Y,
"ITSCV2208M","","ITSCV2208M","Bottle","Scavino, 'Carobric', Barolo 2008 1.5L",1,,,Y,
"ITSCV2216","","ITSCV2216","Bottle","Scavino, 'Carobric', Barolo 2016 750ml",1,,,Y,
"ITSCV2216","","ITSCV2216","Bottle","Scavino, 'Carobric', Barolo 2016 750ml",1,,,N,
"ITSCV2416","","ITSCV2416","Bottle","Scavino, 'Bric del Fiasc', Barolo 2016 750ml",1,,,Y,
"ITSCV2416","","ITSCV2416","Bottle","Scavino, 'Bric del Fiasc', Barolo 2016 750ml",1,,,N,
"ITSCV4019","","ITSCV4019","Bottle","Scavino, 'Rocche del Annunziata', Barolo 2019 750ml",1,,,Y,
"JGR6701122","","JGR6701122","Case","Michel Gros, Chambolle Musigny 2022 750ml",6,,,Y,
"JP-NIZ-41-23","","JP-NIZ-41-23","Case","Zankyo, 'Super 7', Junmai Daiginjo Sake 750ml",3,,,Y,
"","","LIDFLAT16OZ","Bottle","Flat Lid 16oz",16,,,Y,
"","","LOBOSTEQANEJO","Bottle","Lobos 1707 Tequila Anejo",1,,,Y,
"","","LQGENAVERNA","Bottle","Averna 750ml",1,,,Y,
"","","LQGENAVERNA","Bottle","Averna 750ml",1,,,N,
"","","LQGENBARTON","Bottle","Barton Reserve Cooking Whiskey 1L",1,,,Y,
"","","LQGENCAMPAR","Case","Campari 750ml",6,,,Y,
"","","LQGENCARAVE","Bottle","Caravella Limoncello 750ml",1,,,Y,
"","","LQGENCHARGE","Bottle","Charge: CA Bottle Deposit",1,,,Y,
"","","LQGENCREDIT","Bottle","Credit: Food Credit",1,,,Y,
"","","LQGENCYNAR0","Bottle","Cynar 1L",1,,,Y,
"","","LQGENKNOBCR","Bottle","Knob Creek 1L",1,,,Y,
"","","LQGENKNOBCR","Bottle","Knob Creek 1L",1,,,N,
"","","LQGENLICOR7","Bottle","Licor 43 750ml",1,,,Y,
"","","LQGENLICOR7","Bottle","Licor 43 750ml",1,,,N,
"","","LQGENMOUNTG","Bottle","Mount Gay Ecliplse 1L",1,,,Y,
"","","LQGENQUINTE","Bottle","Quintessentia Nonino 750ml",1,,,Y,
"LTT3101023","","LTT3101023","Bottle","Littorai, 'Hirsch Vineyard', Pinot Noir 2023 750ml",1,,,Y,
"LTT3101023","","LTT3101023","Bottle","Littorai, 'Hirsch Vineyard', Pinot Noir 2023 750ml",1,,,N,
"LTT3201498","","LTT3201498","Bottle","Littorai, 'Savoy Vineyard', Pinot Noir 1998 1.5ml",1,,,Y,
"LTT3401024","","LTT3401024","Case","Littorai, 'Sonoma Coast', Pinot Noir 2024 750ml",12,,,Y,
"LTT3901023","","LTT3901023","Bottle","Littorai, 'The Haven', Pinot Noir 2023 750ml",1,,,Y,
"LTT4301023","","LTT4301023","Bottle","Littorai, 'Wendling Vineyard', Pinot Noir 2023 750ml",1,,,Y,
"LTT4301023","","LTT4301023","Bottle","Littorai, 'Wendling Vineyard', Pinot Noir 2023 750ml",1,,,N,
"MC, Black Box, 4ct (3oz)","","MC, Black Box, 4ct (3oz)","Case","Black Bean Burgers 1each",4,,,Y,
"","","NAGENAPPLEJ","Bottle","Apple Juice 3L",101.442,,,Y,
"","","NAGENAQUAPA","Case","Aqua Panna Still Water 300ml 330ml",267.8069,,,Y,
"","","NAGENCOKEZE","Case","Coke Zero 8fl.oz",192,,,Y,
"","","NAGENGINGER","Bottle","Ginger Juice 0.5gal",64,,,Y,
"","","NAGENGINGER01","Bottle","Ginger Juice Cold Pressed 3L",101.442,,,Y,
"","","NAGENGRAPEF","Bottle","Grapefruit Juice 0.5gal",64,,,Y,
"","","NAGENGREENA","Bottle","Green Apple Juice 0.5gal",64,,,Y,
"","","NAGENPINEAP","Bottle","Pineapple Juice 0.5gal",64,,,Y,
"","","NAGENQUICKI","Bottle","Quickie Juice 3L",101.442,,,Y,
"","","NWC2411","Each","Mozzarella Low Moisture 1lb",16,,,Y,
"OCC3801022","","OCC3801022","Each","Occidental, 'Cuvee Elizabeth', Pinot Noirs 2022 750ml",1,,,Y,
"P504-6","","P504-6","Case","Chocolate Croissant 1each",6,,,Y,
"P504-6","","P5046","Case","Chocolate Croissant 1each",6,,,Y,
"P505-4","","P5046","Case","Chocolate Croissant 1each",4,,,N,
"P506-6","","P506-6","Case","Croissant, Mini 1each",6,,,Y,
"P506-6","","P5066","Case","Croissant, Mini 1each",6,,,Y,
"P507-4","","P5074","Case","Butter Croissant 1each",6,,,Y,
"P602-4","","P602-4","Case","Cheese Danish 1each",4,,,Y,
"P602-4","","P6024","Case","Cheese Danish 1each",4,,,Y,
"P807-6","","P807-6","Case","Chocolate Chip Muffin 1each",6,,,Y,
"P807-4","","P8074","Case","Chocolate Chip Muffin 1each",4,,,Y,
"P807-6","","P8074","Case","Chocolate Chip Muffin 1each",6,,,N,
"P808-4","","P808-4","Case","Blueberry Muffin 1each",4,,,Y,
"P808-4","","P8084","Case","Blueberry Muffin 1each",4,,,Y,
"P827-4","","P8274","Case","banana nut muffin (each) 1each",4,,,Y,
"PA2075","","PA2075","Bottle","Pauillac de Chateau Latour 2020 750ml",1,,,Y,
"","","PIZZADOUGH14OZ","Bottle","Pizza Dough 14oz",14,,,Y,
"PMW4101023","","PMW4101023","Each","Peter Michael, 'Le Caprice', Pinot Noir 2023 750ml",1,,,Y,
"MC, Black Box, 4ct (3oz)","","PRGENBLACKB","Case","Black Bean Burgers 1each",40,,,Y,
"","","PRGENBLACKF","Bottle","Black Fall Truffle 1oz",1,,,Y,
"RDB30NM21","","RDB3301121","Bottle","Roche de Bellene, 'Vieilles Vignes', Gevrey Chambertin 2021 750ml",1,,,Y,
"RDB3301121","","RDB3301121","Bottle","Roche de Bellene, 'Vieilles Vignes', Gevrey Chambertin 2021 750ml",1,,,N,
"RDB3301121","","RDB3301121","Case","Roche de Bellene, 'Vieilles Vignes', Gevrey Chambertin 2021 750ml",6,,,N,
"RICR23PNCH","","RICR23PNCH","Case","Ceritas, 'Cuvee Chloe', Pinot Noir 2023 750ml",6,,,Y,
"SB2375","","SB2375","Each","Eisele Vineyard, Sauvignon Blanc 2023 750ml",1,,,Y,
"","","SFGENKALUGA","Case","Kaluga Grand Cru Caviar 1g",30,,,Y,
"","","SFGENKALUGA01","Each","Kaluga Grand Cru Caviar 1kg",1,,,Y,
"","","SFGENOSSETR","Case","Ossetra Classic Caviar 1g",1000,,,Y,
"","","SFGENOSSETR","Case","Ossetra Classic Caviar 1g",250,,,N,
"","","SFGENOSSETR","Case","Ossetra Classic Caviar 1g",30,,,N,
"","","SFGENOSSETR","Case","Ossetra Classic Caviar 1g",500,,,N,
"","","SFGENOSSETR01","Each","Ossetra Classic Caviar 1kg",1,,,Y,
"0016037-01","","SFGENPADDLE","Each","Paddlefish Caviar 250g",1,,,Y,
"SI21CSWEST","","SI21CSWEST","Case","Scribe Winery, Cabernet Sauvignon 2021 750ml",12,,,Y,
"SI23RIE","","SI23RIE","Case","Scribe Winery, Riesling 2023 750ml",12,,,Y,
"SPC120","","SPC120","Bottle","Cinnamon Stick - Bev 8oz",8,,,Y,
"","","STRAWPAPER8IN","Bottle","Paper Straw 8in",750,,,Y,
"","","SUD03","Each","Sudachi Citrus Juice 1each",1,,,Y,
"","","TOMATOSAUCEQT","Bottle","Tomato Sauce (qt)",750,,,Y,
"TRL6801022","","TRL6801022","Each","Turley, 'Evanghelo Vineyard', Zinfandel 2022 750ml",1,,,Y,
"TY1201122","","TY1201122","Case","Tyler, 'Sanford & Benedict', Chardonnays 2022 750ml",6,,,Y,
"TYL1051121","","TYL1051121","Case","Tyler, 'Mae Estate', Chardonnay 2021 750ml",6,,,Y,
"TYL1201121","","TYL1201121","Case","Tyler, 'Sanford & Benedict', Chardonnay 2021 750ml",6,,,Y,
"627546","","TYL3001022","Bottle","Tyler, 'Sta. Rita Hills', Pinot Noir 2022 750ml",1,,,Y,
"TYL3001022","","TYL3001022","Case","Tyler, 'Sta. Rita Hills', Pinot Noir 2022 750ml",12,,,N,
"TYL3001023","","TYL3001023","Bottle","Tyler, 'Sta. Rita Hills', Pinot Noir 2023 750ml",1,,,Y,
"TYL3001023","","TYL3001023","Case","Tyler, 'Sta. Rita Hills', Pinot Noir 2023 750ml",12,,,N,
"USHIR2023","","USHIR2023","Case","Hirsch Vineyards, 'The Bohan Dillon', Pinot Noir 2023 750ml",12,,,Y,
"USKIS1023","","USKIS1023","Case","Kistler, 'Les Noisetiers', Chardonnay 750ml",12,,,Y,
"USKIS3022","","USKIS3022","Case","Kistler, 'Vine Hill', Chardonnay 2022 750ml",12,,,Y,
"","","USXGE42NV","Bottle","St George Basil Eau de Vie 750ml",1,,,Y,
"VGS3001120","","VGS3001120","Case","Vega Sicilia, 'Alion', Ribera del Duero 2020 750ml",6,,,Y,
"VGS3501113","","VGS3501113","Bottle","Vega Sicilia, 'Unico' 2012 750ml",1,,,Y,
"VGS3501113","","VGS3501113","Bottle","Vega Sicilia, 'Unico' 2012 750ml",1,,,N,
"VTT2201021","","VTT2201021","Case","Vietti, "Cascinetta", Moscato D'asti 750ml",12,,,Y,
"VTT4401122","","VTT4401122","Case","Vietti, 'Scarrone', Barbera d'Alba 2022 750ml",6,,,Y,
"","","WA31610","Bottle","Chateau d'Armailhac 2010 750ml",1,,,Y,
"WA316-10","","WA31610","Bottle","Chateau d'Armailhac 2010 750ml",1,,,N,
"WA346-01","","WA34601","Bottle","Chateau Angelus 2001 750ml",1,,,Y,
"","","WA47224","Bottle","Domaine d'Avnile, Sauvignon Blanc 2024 750ml",1,,,Y,
"WA472-24","","WA47224","Bottle","Domaine d'Avnile, Sauvignon Blanc 2024 750ml",1,,,N,
"","","WA48216","Bottle","Echo de Lynch Bages 2016 750ml",1,,,Y,
"WA482-16","","WA48216","Bottle","Echo de Lynch Bages 2016 750ml",1,,,N,
"","","WA83118","Bottle","Alfredo Arribas, 'Somni', Priorat 2018 750ml",1,,,Y,
"WA831-18","","WA83118","Bottle","Alfredo Arribas, 'Somni', Priorat 2018 750ml",1,,,N,
"WA842-23","","WA84223","Bottle","Attis, 'Lias Finas', Albarino 2023 750ml",1,,,Y,
"","","WA98322","Bottle","Gauffroy, 'Les Referts', Puligny Montrachet 2022 750ml",1,,,Y,
"WA983-22","","WA98322","Bottle","Gauffroy, 'Les Referts', Puligny Montrachet 2022 750ml",1,,,N,
"WA995-23 MG","","WA99523MG","Bottle","Henri Magnien, 'Les Champeaux', Gevrey Chambertin 1.5L",1,,,Y,
"","","WNBEAFIRMIN","Case","Firmin Dezat, Sancerre 2023 750ml",12,,,Y,
"","","WNGENCASTEL","Case","Castello di Fonterutoli, 'Gran Selezione', Chianti Classico 2020 750ml",12,,,Y,
"","","WNGENCHATEA","Bottle","Chateau Beausejour Becot 2016 750ml",1,,,Y,
"","","WNGENCHATEA","Bottle","Chateau Beausejour Becot 2016 750ml",1,,,N,
"","","WNGENCHATEA01","Case","Chateau Cantemerle 2016 750ml",6,,,Y,
"1108288-B12","","WNGENCHATEA02","Bottle","Chateau Giscours 2014 750ml",1,,,Y,
"1108288-B12","","WNGENCHATEA02","Bottle","Chateau Giscours 2014 750ml",1,,,N,
"","","WNGENCHATEA03","Bottle","Chateau Pontet Canet 2015 750ml",1,,,Y,
"","","WNGENCHATEA04","Bottle","Chateau Smith Haut Lafitte Rouge 2014 750ml",1,,,Y,
"","","WNGENCHATEA04","Bottle","Chateau Smith Haut Lafitte Rouge 2014 750ml",1,,,N,
"","","WNGENCREDIT","Bottle","Credit: Credit Amount",1,,,Y,
"","","WNGENCROIXC","Case","Croix et Courbet, 'Savadonnay', Cotes de Jura 2020 750ml",12,,,Y,
"","","WNGENDALLAV","Bottle","Dalla Valle, 'Maya' 2014 750ml",1,,,Y,
"","","WNGENDALLAV","Case","Dalla Valle, 'Maya' 2014 750ml",3,,,N,
"","","WNGENDALLAV01","Case","Dalla Valle, 'Maya' 2021 750ml",3,,,Y,
"","","WNGENDEHESA","Bottle","Dehesa de los Canonigos, Rioja Crianza 2021 750ml",1,,,Y,
"","","WNGENDEHESA","Bottle","Dehesa de los Canonigos, Rioja Crianza 2021 750ml",1,,,N,
"","","WNGENDELIVE","Bottle","delivery fee 1each",1,,,Y,
"Sales","","WNGENGATOSA","Case","El Gato, Sauvignon Blanc 2023 750ml",12,,,Y,
"","","WNGENGRAVET","Bottle","Gravette de Certan 2019 750ml",1,,,Y,
"","","WNGENLOUISR","Bottle","Louis Roederer, 'Cristal', Brut Champagne 2016 750ml",1,,,Y,
"","","WNGENLOUISR","Case","Louis Roederer, 'Cristal', Brut Champagne 2016 750ml",6,,,N,
"","","WNGENMASAMI","Bottle","Mas Amiel, '30 Ans d'Age', Vin Doux Naturel 750ml",1,,,Y,
"","","WNGENMASAMI","Bottle","Mas Amiel, '30 Ans d'Age', Vin Doux Naturel 750ml",1,,,N,
"","","WNGENMASCOT","Bottle","The Mascot, Cabernet Sauvignon 2020 750ml",1,,,Y,
"","","WNGENMASCOT","Case","The Mascot, Cabernet Sauvignon 2020 750ml",6,,,N,
"","","WNGENMEZZAC","Bottle","Mezzacorona Pinot Grigio 1.5L",1,,,Y,
"","","WNGENMINUTY","Bottle","Minuty, 'Et Or', Rose 2024 750ml",1,,,Y,
"","","WNGENMINUTY","Case","Minuty, 'Et Or', Rose 2024 750ml",6,,,N,
"","","WNGENMINUTY01","Bottle","Minuty, 'Prestige Blanc', Cotes de Provence 2023 750ml",1,,,Y,
"","","WNGENMOETBR","Case","Moet - Brut "Splits" 187ml",24,,,Y,
"638060","","WNGENMOETNE","Case","Moet, 'Nectar' Rose Champagne 750ml",6,,,N,
"1040600-B06","","WNGENPAGODE","Bottle","Pagodes de Cos, St. Estephe 2009 750ml",1,,,Y,
"1146758-B06","","WNGENPETITV","Bottle","Le Petit Vauthier, Saint Emilion 2015 750ml",1,,,Y,
"1146758-B06","","WNGENPETITV","Bottle","Le Petit Vauthier, Saint Emilion 2015 750ml",1,,,N,
"1146758-B06","","WNGENPETITV","Case","Le Petit Vauthier, Saint Emilion 2015 750ml",6,,,N,
"","","WNGENRAVENE","Bottle","Raveneau, Petit Chablis 1.5L",1,,,Y,
"","","WNGENSCRIBE","Case","Scribe, Pinot Noir 2023 750ml",12,,,Y,
"","","WNGENSCRIBE01","Case","Scribe, 'Skin Fermented', Chardonnay 2023 500ml",12,,,Y,
"","","WNGENSCRIBE02","Bottle","Scribe, Sylvaner 2024 750ml",1,,,Y,
"","","WNGENSCRIBE02","Case","Scribe, Sylvaner 2024 750ml",12,,,N,
"","","WNGENSEABOL","Case","Seabold Cellars, 'Olson', Chardonnay 2020 750ml",12,,,Y,
"","","WNGENSEABOL01","Case","Seabold Cellars, 'Rodnick Farm', Mourvedre 2020 750ml",12,,,Y,
"","","WNGENTALENT","Bottle","Talenti, Brunello di Montalcino 2015 750ml",1,,,Y,
"TYL1051121","","WNGENTYLERM","Bottle","Tyler, 'Mae Estate', Chardonnay 2022 750ml",1,,,Y,
"","","WNGENTYLERS","Bottle","Tyler, 'Santa Barbara County', Chardonnay 2022 750ml",1,,,Y,
"624557","","WNGENTYLERS","Case","Tyler, 'Santa Barbara County', Chardonnay 2022 750ml",12,,,N,
"624557","","WNGENTYLERS","Bottle","Tyler, 'Santa Barbara County', Chardonnay 2022 750ml",1,,,N,
"","","WNGENVILLAC","Bottle","Villa Cipressi, Rosso di Montalcino 2022 750ml",1,,,Y,
"","","WNGENVINASM","Bottle","Vinas Murillo, 'Chapirete en Barrica', Verdejo 2021 750ml",1,,,Y,
"","","WNGENVINASM","Bottle","Vinas Murillo, 'Chapirete en Barrica', Verdejo 2021 750ml",1,,,N,
"","","WNGENVINOSF","Case","Vinos Finos de California, Nebbiolo 2023 750ml",12,,,Y,
"Sabroso !!","","WNGENVINOSF01","Bottle","Vinos Finos de California, 'Sabroso' 750ml",1,,,Y,
"Sabroso !!","","WNGENVINOSF01","Case","Vinos Finos de California, 'Sabroso' 750ml",12,,,N,
"","","WNGENVOCALS","Bottle","Vocal, 'San Benito' Cabernet Sauvignon 2022 750ml",1,,,Y,
"","","WNGENVOCALS","Case","Vocal, 'San Benito' Cabernet Sauvignon 2022 750ml",12,,,N,
"","","WNGENVOCALV","Case","Vocal Vineyards, Lilo Vineyard, Pinot Noir 2016 1.5L",6,,,Y,
"","","WNGENVOCALV","Bottle","Vocal Vineyards, Lilo Vineyard, Pinot Noir 2016 1.5L",1,,,N,
"","","WNGENVOCALV01","Bottle","Vocal Vineyards, 'Lobo Marino', Pinot Noir 2016 750ml",1,,,Y,
"","","WNGENVOCALV01","Case","Vocal Vineyards, 'Lobo Marino', Pinot Noir 2016 750ml",12,,,N,
"","","ZABSHONEY1G","Bottle","Zab's Hot Honey 1gal",1,,,Y,